{
  "output": {
    "SCF": {
      "nucl_rep_energy": 25.92968521051062,
      "iter": {
        "1": {
          "energy": -108.9631752073488,
          "e_diff": -108.9631752073488,
          "rmsd": 0.0019159689953425934,
          "performance": {
            "total_time": 0.474837312
          }
        },
        "2": {
          "energy": -108.97603170773411,
          "e_diff": -0.012856500385311165,
          "rmsd": 0.0003824042363632606,
          "performance": {
            "total_time": 0.465193646
          }
        },
        "3": {
          "energy": -108.97679299445147,
          "e_diff": -0.0007612867173634186,
          "rmsd": 0.00017465449872889965,
          "performance": {
            "total_time": 0.466673049
          }
        },
        "4": {
          "energy": -108.97684909825378,
          "e_diff": -5.610380230791634e-05,
          "rmsd": 2.194579407845756e-05,
          "performance": {
            "total_time": 0.473341011
          }
        },
        "5": {
          "energy": -108.9768494580012,
          "e_diff": -3.5974741763311613e-07,
          "rmsd": 4.423116530423318e-06,
          "performance": {
            "total_time": 0.471001898
          }
        },
        "6": {
          "energy": -108.97684946521869,
          "e_diff": -7.217494157885085e-09,
          "rmsd": 6.292709671333537e-07,
          "performance": {
            "total_time": 0.473142232
          }
        },
        "7": {
          "energy": -108.97684946536117,
          "e_diff": -1.424780293746153e-10,
          "rmsd": 8.574395691735523e-08,
          "performance": {
            "total_time": 0.478615911
          }
        },
        "8": {
          "energy": -108.97684946536731,
          "e_diff": -6.139089236967266e-12,
          "rmsd": 3.4895126101218306e-09,
          "performance": {
            "total_time": 0.479321855
          }
        }
      },
      "final_energy": -108.97684946536731,
      "n_iterations": 8
    },
    "CD": {
      "n_cholesky_vectors": 795
    },
    "CCSD": {
      "iter": {
        "1": {
          "residual": 1.0739034770297988,
          "correlation": 0.0,
          "performance": {
            "total_time": 3.966018112
          }
        },
        "2": {
          "residual": 0.09874830022590081,
          "correlation": -0.4340888442101295,
          "performance": {
            "total_time": 3.781567496
          }
        },
        "3": {
          "residual": 0.028138342677830414,
          "correlation": -0.42498146543175824,
          "performance": {
            "total_time": 3.765755986
          }
        },
        "4": {
          "residual": 0.007331780438506972,
          "correlation": -0.43642459247540066,
          "performance": {
            "total_time": 3.977711465
          }
        },
        "5": {
          "residual": 0.003399412910203824,
          "correlation": -0.4358295806325604,
          "performance": {
            "total_time": 3.571839174
          }
        },
        "6": {
          "residual": 0.0013415431098371335,
          "correlation": -0.4371430306534683,
          "performance": {
            "total_time": 3.501082763
          }
        },
        "7": {
          "residual": 0.0004864555310285087,
          "correlation": -0.4368959834377868,
          "performance": {
            "total_time": 3.734001044
          }
        },
        "8": {
          "residual": 0.00022509229504315262,
          "correlation": -0.43692399915954994,
          "performance": {
            "total_time": 3.683842214
          }
        },
        "9": {
          "residual": 0.00011160394138255743,
          "correlation": -0.43693045162553285,
          "performance": {
            "total_time": 3.533312478
          }
        },
        "10": {
          "residual": 5.6304639639498094e-05,
          "correlation": -0.43693725141454537,
          "performance": {
            "total_time": 3.491364765
          }
        },
        "11": {
          "residual": 3.6051014307917805e-06,
          "correlation": -0.4369446981221886,
          "performance": {
            "total_time": 3.462551677
          }
        },
        "12": {
          "residual": 1.0623537873820883e-06,
          "correlation": -0.4369453979236051,
          "performance": {
            "total_time": 3.519166246
          }
        },
        "13": {
          "residual": 3.243476753637588e-07,
          "correlation": -0.43694526774315556,
          "performance": {
            "total_time": 3.469989788
          }
        },
        "14": {
          "residual": 1.3773361337914392e-07,
          "correlation": -0.43694531197232894,
          "performance": {
            "total_time": 3.488814269
          }
        },
        "15": {
          "residual": 5.1050270523755237e-08,
          "correlation": -0.4369453058138234,
          "performance": {
            "total_time": 3.470682451
          }
        },
        "16": {
          "residual": 1.141092657471269e-08,
          "correlation": -0.4369453105324802,
          "performance": {
            "total_time": 3.573703101
          }
        },
        "17": {
          "residual": 4.138559965360402e-09,
          "correlation": -0.43694530955983724,
          "performance": {
            "total_time": 3.48424776
          }
        }
      },
      "n_iterations": 17,
      "final_energy": {
        "correlation": -0.43694530955983724,
        "total": -109.41379477492714
      }
    }
  },
  "input": {
    "molecule": {
      "name": "N2_1.0",
      "basisset": "cc-pvqz",
      "geometry_units": "angstrom"
    },
    "SCF": {
      "tol_int": 1e-22,
      "tol_sch": 1e-10,
      "tol_lindep": 1e-05,
      "conve": 1e-09,
      "convd": 1e-08,
      "diis_hist": 10,
      "AO_tilesize": 30,
      "force_tilesize": "false",
      "scf_type": "restricted",
      "multiplicity": 1,
      "lambdas": [],
      "polvecs": [],
      "omegas": [],
      "volumes": []
    },
    "CD": {
      "diagtol": 1e-06,
      "itilesize": 1000,
      "write_cv": false,
      "write_vcount": 5000,
      "max_cvecs_factor": 12
    },
    "CCSD": {
      "threshold": 1e-08,
      "tilesize": 40,
      "ndiis": 5,
      "readt": "false",
      "writet": "false",
      "ccsd_maxiter": 50,
      "balance_tiles": "true"
    }
  }
}
