{
  "output": {
    "SCF": {
      "nucl_rep_energy": 23.5724411004642,
      "iter": {
        "1": {
          "energy": -108.97238064478594,
          "e_diff": -108.97238064478594,
          "rmsd": 0.0021709030447703333,
          "performance": {
            "total_time": 0.060196413
          }
        },
        "2": {
          "energy": -108.9823189747294,
          "e_diff": -0.009938329943452118,
          "rmsd": 0.0006974133248157003,
          "performance": {
            "total_time": 0.060762076
          }
        },
        "3": {
          "energy": -108.98299745228982,
          "e_diff": -0.0006784775604273818,
          "rmsd": 8.340961354538674e-05,
          "performance": {
            "total_time": 0.060634932
          }
        },
        "4": {
          "energy": -108.9830064196033,
          "e_diff": -8.96731347665991e-06,
          "rmsd": 1.1300289353357567e-05,
          "performance": {
            "total_time": 0.061312457
          }
        },
        "5": {
          "energy": -108.98300654300778,
          "e_diff": -1.2340447597125603e-07,
          "rmsd": 1.6107438391094218e-06,
          "performance": {
            "total_time": 0.062618613
          }
        },
        "6": {
          "energy": -108.98300654858602,
          "e_diff": -5.578243644777103e-09,
          "rmsd": 5.014858065241594e-07,
          "performance": {
            "total_time": 0.063383413
          }
        },
        "7": {
          "energy": -108.98300654879796,
          "e_diff": -2.1194068722252268e-10,
          "rmsd": 1.647812551965542e-07,
          "performance": {
            "total_time": 0.064262182
          }
        },
        "8": {
          "energy": -108.98300654880344,
          "e_diff": -5.4853899200679734e-12,
          "rmsd": 3.455257289400771e-09,
          "performance": {
            "total_time": 0.066100491
          }
        }
      },
      "final_energy": -108.98300654880344,
      "n_iterations": 8
    },
    "CD": {
      "n_cholesky_vectors": 475
    },
    "CCSD": {
      "iter": {
        "1": {
          "residual": 0.7237423834894553,
          "correlation": 0.0,
          "performance": {
            "total_time": 0.572774194
          }
        },
        "2": {
          "residual": 0.08900247272956771,
          "correlation": -0.4000216599043292,
          "performance": {
            "total_time": 0.471525518
          }
        },
        "3": {
          "residual": 0.03193964808465931,
          "correlation": -0.3817784456003209,
          "performance": {
            "total_time": 0.46681488
          }
        },
        "4": {
          "residual": 0.008562779609211648,
          "correlation": -0.3978570331774033,
          "performance": {
            "total_time": 0.465420685
          }
        },
        "5": {
          "residual": 0.004562671588476583,
          "correlation": -0.3961032050575422,
          "performance": {
            "total_time": 0.468267513
          }
        },
        "6": {
          "residual": 0.0016557113847912618,
          "correlation": -0.3980187532194566,
          "performance": {
            "total_time": 0.471369331
          }
        },
        "7": {
          "residual": 0.0007286328048661243,
          "correlation": -0.39782295221288183,
          "performance": {
            "total_time": 0.474000346
          }
        },
        "8": {
          "residual": 0.000370367807046201,
          "correlation": -0.3978861773610221,
          "performance": {
            "total_time": 0.482877372
          }
        },
        "9": {
          "residual": 0.0002017832901963042,
          "correlation": -0.39790071194890414,
          "performance": {
            "total_time": 0.4654155
          }
        },
        "10": {
          "residual": 0.00010941132003439437,
          "correlation": -0.3979171466925876,
          "performance": {
            "total_time": 0.466964817
          }
        },
        "11": {
          "residual": 5.9747816327421985e-06,
          "correlation": -0.3979369626139252,
          "performance": {
            "total_time": 0.488972246
          }
        },
        "12": {
          "residual": 1.848216073852979e-06,
          "correlation": -0.39793618497433225,
          "performance": {
            "total_time": 0.46806589
          }
        },
        "13": {
          "residual": 6.909827878614501e-07,
          "correlation": -0.3979367250897477,
          "performance": {
            "total_time": 0.469192449
          }
        },
        "14": {
          "residual": 2.884009234024114e-07,
          "correlation": -0.3979366240138485,
          "performance": {
            "total_time": 0.475787755
          }
        },
        "15": {
          "residual": 1.2732647543126874e-07,
          "correlation": -0.3979366801854366,
          "performance": {
            "total_time": 0.460008958
          }
        },
        "16": {
          "residual": 2.7279025998379944e-08,
          "correlation": -0.39793668583134567,
          "performance": {
            "total_time": 0.460969224
          }
        },
        "17": {
          "residual": 1.107998837542917e-08,
          "correlation": -0.3979366816522894,
          "performance": {
            "total_time": 0.444916578
          }
        },
        "18": {
          "residual": 5.469796179157078e-09,
          "correlation": -0.3979366831467507,
          "performance": {
            "total_time": 0.457796751
          }
        }
      },
      "n_iterations": 18,
      "final_energy": {
        "correlation": -0.3979366831467507,
        "total": -109.3809432319502
      }
    },
    "DUCC": {
      "performance": {
        "total_time": 6.1699345139999995
      },
      "results": {
        "X1": -27.792056137442383,
        "X2": -3.15456853725786e-16,
        "X3": -6.683844681101334,
        "X4": 1.1382504138802833e-22,
        "X5": 0.0,
        "X6": 0.0,
        "X7": -0.5798737962275516,
        "X8": -1.502792021179999e-33,
        "X9": -4.2129717533470784e-35
      }
    }
  },
  "input": {
    "molecule": {
      "name": "N2_1.1",
      "basisset": "cc-pvtz",
      "geometry_units": "angstrom"
    },
    "SCF": {
      "tol_int": 1e-22,
      "tol_sch": 1e-10,
      "tol_lindep": 1e-05,
      "conve": 1e-09,
      "convd": 1e-08,
      "diis_hist": 10,
      "AO_tilesize": 30,
      "force_tilesize": "false",
      "scf_type": "restricted",
      "multiplicity": 1,
      "lambdas": [],
      "polvecs": [],
      "omegas": [],
      "volumes": []
    },
    "CD": {
      "diagtol": 1e-06,
      "itilesize": 1000,
      "write_cv": false,
      "write_vcount": 5000,
      "max_cvecs_factor": 12
    },
    "CCSD": {
      "threshold": 1e-08,
      "tilesize": 40,
      "ndiis": 5,
      "readt": "false",
      "writet": "false",
      "ccsd_maxiter": 50,
      "balance_tiles": "true"
    },
    "DUCC": {
      "nactive": 3
    }
  }
}
