{
  "output": {
    "SCF": {
      "nucl_rep_energy": 8.941270762245043,
      "iter": {
        "1": {
          "energy": -108.04255155848875,
          "e_diff": -108.04255155848875,
          "rmsd": 0.0013535141539544114,
          "performance": {
            "total_time": 0.059065998
          }
        },
        "2": {
          "energy": -108.04518394025109,
          "e_diff": -0.0026323817623392642,
          "rmsd": 0.0004756429839376542,
          "performance": {
            "total_time": 0.050084452
          }
        },
        "3": {
          "energy": -108.04556837413017,
          "e_diff": -0.00038443387907705073,
          "rmsd": 0.00022640216428840247,
          "performance": {
            "total_time": 0.050534607
          }
        },
        "4": {
          "energy": -108.04562331916057,
          "e_diff": -5.4945030399267125e-05,
          "rmsd": 9.570914771096318e-06,
          "performance": {
            "total_time": 0.051234574
          }
        },
        "5": {
          "energy": -108.04562348875146,
          "e_diff": -1.6959089066403976e-07,
          "rmsd": 9.490107587371052e-07,
          "performance": {
            "total_time": 0.052787503
          }
        },
        "6": {
          "energy": -108.04562349060308,
          "e_diff": -1.8516175259719603e-09,
          "rmsd": 2.7733657176899545e-07,
          "performance": {
            "total_time": 0.052690547
          }
        },
        "7": {
          "energy": -108.04562349069207,
          "e_diff": -8.898837222659495e-11,
          "rmsd": 2.832258178267724e-08,
          "performance": {
            "total_time": 0.054095293
          }
        },
        "8": {
          "energy": -108.04562349069283,
          "e_diff": -7.673861546209082e-13,
          "rmsd": 9.066302093512565e-09,
          "performance": {
            "total_time": 0.055772284
          }
        }
      },
      "final_energy": -108.04562349069283,
      "n_iterations": 8
    },
    "CD": {
      "n_cholesky_vectors": 461
    },
    "CCSD": {
      "iter": {
        "1": {
          "residual": 0.6970265727018761,
          "correlation": 0.0,
          "performance": {
            "total_time": 0.301231881
          }
        },
        "2": {
          "residual": 0.5731915465935447,
          "correlation": -1.3332318678437123,
          "performance": {
            "total_time": 0.252636839
          }
        },
        "3": {
          "residual": 1.2458709109948112,
          "correlation": 0.439425169769486,
          "performance": {
            "total_time": 0.257787649
          }
        },
        "4": {
          "residual": 1.943128956905793,
          "correlation": -3.261543042983148,
          "performance": {
            "total_time": 0.25543125
          }
        },
        "5": {
          "residual": 3.0925183338555295,
          "correlation": 2.0604329432090136,
          "performance": {
            "total_time": 0.255387148
          }
        },
        "6": {
          "residual": 0.14658219988453733,
          "correlation": -0.819417317431177,
          "performance": {
            "total_time": 0.253981782
          }
        },
        "7": {
          "residual": 0.3320194214814469,
          "correlation": -0.37860915275940854,
          "performance": {
            "total_time": 0.248408917
          }
        },
        "8": {
          "residual": 0.5630559008515099,
          "correlation": -1.3237365476762415,
          "performance": {
            "total_time": 0.248289746
          }
        },
        "9": {
          "residual": 1.133575196957297,
          "correlation": 0.32187009536340205,
          "performance": {
            "total_time": 0.249008685
          }
        },
        "10": {
          "residual": 1.843166734654801,
          "correlation": -2.990924356802066,
          "performance": {
            "total_time": 0.250949488
          }
        },
        "11": {
          "residual": 0.0413875158331141,
          "correlation": -0.7378208198891147,
          "performance": {
            "total_time": 0.255479362
          }
        },
        "12": {
          "residual": 0.11148267040089917,
          "correlation": -0.6375761779458347,
          "performance": {
            "total_time": 0.249678466
          }
        },
        "13": {
          "residual": 0.1395338328225196,
          "correlation": -0.8976583109478258,
          "performance": {
            "total_time": 0.250966651
          }
        },
        "14": {
          "residual": 0.325325901484183,
          "correlation": -0.4820449884854452,
          "performance": {
            "total_time": 0.259095669
          }
        },
        "15": {
          "residual": 0.5477008508132364,
          "correlation": -1.330970279965633,
          "performance": {
            "total_time": 0.255551377
          }
        },
        "16": {
          "residual": 0.035290884084841705,
          "correlation": -0.7797823864394767,
          "performance": {
            "total_time": 0.258759071
          }
        },
        "17": {
          "residual": 0.11210077805179255,
          "correlation": -0.6950674990231913,
          "performance": {
            "total_time": 0.253747037
          }
        },
        "18": {
          "residual": 0.12649927717041096,
          "correlation": -0.9387483041711383,
          "performance": {
            "total_time": 0.259645168
          }
        },
        "19": {
          "residual": 0.2888920579946065,
          "correlation": -0.5841765807981973,
          "performance": {
            "total_time": 0.265829527
          }
        },
        "20": {
          "residual": 0.458207441825788,
          "correlation": -1.2870035382098601,
          "performance": {
            "total_time": 0.252452599
          }
        },
        "21": {
          "residual": 0.031005890443559635,
          "correlation": -0.813919488001083,
          "performance": {
            "total_time": 0.252700441
          }
        },
        "22": {
          "residual": 0.0984706411065714,
          "correlation": -0.7579341457528304,
          "performance": {
            "total_time": 0.258177462
          }
        },
        "23": {
          "residual": 0.09514695218839042,
          "correlation": -0.9549968647610951,
          "performance": {
            "total_time": 0.250815288
          }
        },
        "24": {
          "residual": 0.2148865895792047,
          "correlation": -0.7031612059422873,
          "performance": {
            "total_time": 0.251229356
          }
        },
        "25": {
          "residual": 0.30831867977025057,
          "correlation": -1.1918481727856867,
          "performance": {
            "total_time": 0.256358169
          }
        },
        "26": {
          "residual": 0.024329402903599476,
          "correlation": -0.8814405333969377,
          "performance": {
            "total_time": 0.252930891
          }
        },
        "27": {
          "residual": 0.08245346433129626,
          "correlation": -0.8403487523877006,
          "performance": {
            "total_time": 0.254726518
          }
        },
        "28": {
          "residual": 0.0774195994698291,
          "correlation": -1.0006400172039456,
          "performance": {
            "total_time": 0.24992402
          }
        },
        "29": {
          "residual": 0.14733551268245634,
          "correlation": -0.818053086169527,
          "performance": {
            "total_time": 0.256723783
          }
        },
        "30": {
          "residual": 0.1925470115354874,
          "correlation": -1.131428398850455,
          "performance": {
            "total_time": 0.248551906
          }
        },
        "31": {
          "residual": 0.010787397981856184,
          "correlation": -0.959085291978619,