{
  "output": {
    "SCF": {
      "nucl_rep_energy": 15.25275600618272,
      "iter": {
        "1": {
          "energy": -108.54369588603495,
          "e_diff": -108.54369588603495,
          "rmsd": 0.001119016712233616,
          "performance": {
            "total_time": 0.445960244
          }
        },
        "2": {
          "energy": -108.55279363534828,
          "e_diff": -0.00909774931332663,
          "rmsd": 0.00040012476644601665,
          "performance": {
            "total_time": 0.447033825
          }
        },
        "3": {
          "energy": -108.55392425705752,
          "e_diff": -0.0011306217092368342,
          "rmsd": 0.00020316389061424012,
          "performance": {
            "total_time": 0.443707932
          }
        },
        "4": {
          "energy": -108.5541104945622,
          "e_diff": -0.00018623750467838818,
          "rmsd": 1.2422047133904141e-05,
          "performance": {
            "total_time": 0.454503697
          }
        },
        "5": {
          "energy": -108.55411116260333,
          "e_diff": -6.680411388515495e-07,
          "rmsd": 2.8504908540306348e-06,
          "performance": {
            "total_time": 0.458529932
          }
        },
        "6": {
          "energy": -108.55411118323083,
          "e_diff": -2.062749615561188e-08,
          "rmsd": 6.821725336560746e-07,
          "performance": {
            "total_time": 0.472367752
          }
        },
        "7": {
          "energy": -108.55411118401182,
          "e_diff": -7.809859425833565e-10,
          "rmsd": 1.5387299333442443e-07,
          "performance": {
            "total_time": 0.510542895
          }
        },
        "8": {
          "energy": -108.55411118403866,
          "e_diff": -2.6844304557016585e-11,
          "rmsd": 6.924314676964824e-09,
          "performance": {
            "total_time": 0.446572143
          }
        }
      },
      "final_energy": -108.55411118403866,
      "n_iterations": 8
    },
    "CD": {
      "n_cholesky_vectors": 815
    },
    "CCSD": {
      "iter": {
        "1": {
          "residual": 1.0296773019888321,
          "correlation": 0.0,
          "performance": {
            "total_time": 3.949922037
          }
        },
        "2": {
          "residual": 0.24593303828209237,
          "correlation": -0.7320313202377281,
          "performance": {
            "total_time": 3.456107016
          }
        },
        "3": {
          "residual": 0.23403350330336267,
          "correlation": -0.39777335468758923,
          "performance": {
            "total_time": 3.320666381
          }
        },
        "4": {
          "residual": 0.19902727377841797,
          "correlation": -0.7271275783224053,
          "performance": {
            "total_time": 3.342321723
          }
        },
        "5": {
          "residual": 0.1896939567243261,
          "correlation": -0.43934580275817114,
          "performance": {
            "total_time": 3.412637656
          }
        },
        "6": {
          "residual": 0.011221355616127682,
          "correlation": -0.58241700894882,
          "performance": {
            "total_time": 3.392776797
          }
        },
        "7": {
          "residual": 0.010704074576111182,
          "correlation": -0.5743541654195696,
          "performance": {
            "total_time": 3.423745973
          }
        },
        "8": {
          "residual": 0.006490321334895618,
          "correlation": -0.5841998374217685,
          "performance": {
            "total_time": 3.344077241
          }
        },
        "9": {
          "residual": 0.00726313866632399,
          "correlation": -0.5773761052835436,
          "performance": {
            "total_time": 3.348341587
          }
        },
        "10": {
          "residual": 0.004651860606830656,
          "correlation": -0.5853598426910372,
          "performance": {
            "total_time": 3.333550954
          }
        },
        "11": {
          "residual": 0.0005461824650074395,
          "correlation": -0.5839939906684658,
          "performance": {
            "total_time": 3.326417802
          }
        },
        "12": {
          "residual": 0.00022648330708224216,
          "correlation": -0.5840326101852775,
          "performance": {
            "total_time": 3.32078309
          }
        },
        "13": {
          "residual": 0.00012735314169820894,
          "correlation": -0.5840606341118211,
          "performance": {
            "total_time": 3.320743124
          }
        },
        "14": {
          "residual": 8.597764701207337e-05,
          "correlation": -0.5840685783593864,
          "performance": {
            "total_time": 3.361541642
          }
        },
        "15": {
          "residual": 5.6870596073906436e-05,
          "correlation": -0.5840887754864876,
          "performance": {
            "total_time": 3.340986715
          }
        },
        "16": {
          "residual": 2.3090673532823665e-05,
          "correlation": -0.5841194235448429,
          "performance": {
            "total_time": 3.319431566
          }
        },
        "17": {
          "residual": 2.1466945326415096e-05,
          "correlation": -0.5841027346337713,
          "performance": {
            "total_time": 3.320704967
          }
        },
        "18": {
          "residual": 1.3135767029121625e-05,
          "correlation": -0.5841245571136642,
          "performance": {
            "total_time": 3.318844534
          }
        },
        "19": {
          "residual": 1.4788021237925457e-05,
          "correlation": -0.5841093516160333,
          "performance": {
            "total_time": 3.349026137
          }
        },
        "20": {
          "residual": 9.937344499754735e-06,
          "correlation": -0.5841266696465999,
          "performance": {
            "total_time": 3.45978214
          }
        },
        "21": {
          "residual": 1.4072798067285206e-06,
          "correlation": -0.5841228271171226,
          "performance": {
            "total_time": 3.28723989
          }
        },
        "22": {
          "residual": 8.298534909408127e-07,
          "correlation": -0.5841225020718485,
          "performance": {
            "total_time": 3.427489943
          }
        },
        "23": {
          "residual": 4.555834993763666e-07,
          "correlation": -0.5841229342769103,
          "performance": {
            "total_time": 3.284668909
          }
        },
        "24": {
          "residual": 4.287899424761973e-07,
          "correlation": -0.5841226538318074,
          "performance": {
            "total_time": 3.27995342
          }
        },
        "25": {
          "residual": 2.453165766656672e-07,
          "correlation": -0.5841230074281606,
          "performance": {
            "total_time": 3.283190028
          }
        },
        "26": {
          "residual": 1.0149662158926438e-07,
          "correlation": -0.5841229627768658,
          "performance": {
            "total_time": 3.323165101
          }
        },
        "27": {
          "residual": 6.793481417176652e-08,
          "correlation": -0.5841229438999224,
          "performance": {
            "total_time": 3.290021424
          }
        },
        "28": {
          "residual": 4.0164877582768197e-08,
          "correlation": -0.5841229891059113,
          "performance": {
            "total_time": 3.312428873
          }
        },
        "29": {
          "residual": 3.898676686369526e-08,
          "correlation": -0.5841229670656604,
          "performance": {
            "total_time": 3.328188293
          }
        },
        "30": {
          "residual": 2.2833716809499495e-08,
          "correlation": -0.5841230011288179,
          "performance": {
            "total_time": 3.393530312
          }
        },
        "31": {
          "residual": 6.707964995202622e-09,