{
  "output": {
    "SCF": {
      "nucl_rep_energy": 9.260601860896651,
      "iter": {
        "1": {
          "energy": -108.0737890971649,
          "e_diff": -108.0737890971649,
          "rmsd": 0.0008693233963399481,
          "performance": {
            "total_time": 0.308184101
          }
        },
        "2": {
          "energy": -108.0769969551566,
          "e_diff": -0.003207857991696983,
          "rmsd": 0.00028246541362679094,
          "performance": {
            "total_time": 0.311028175
          }
        },
        "3": {
          "energy": -108.07746776961606,
          "e_diff": -0.0004708144594616215,
          "rmsd": 0.00017456720802655514,
          "performance": {
            "total_time": 0.31323093
          }
        },
        "4": {
          "energy": -108.07755573475725,
          "e_diff": -8.796514119069343e-05,
          "rmsd": 1.107956731390619e-05,
          "performance": {
            "total_time": 0.313880715
          }
        },
        "5": {
          "energy": -108.0775561419168,
          "e_diff": -4.0715954696679546e-07,
          "rmsd": 9.462834618246921e-07,
          "performance": {
            "total_time": 0.321529079
          }
        },
        "6": {
          "energy": -108.0775561489764,
          "e_diff": -7.059597351144475e-09,
          "rmsd": 4.995656014882469e-07,
          "performance": {
            "total_time": 0.318437895
          }
        },
        "7": {
          "energy": -108.0775561495106,
          "e_diff": -5.342002395991585e-10,
          "rmsd": 1.0840896176649916e-07,
          "performance": {
            "total_time": 0.318984116
          }
        },
        "8": {
          "energy": -108.07755614948877,
          "e_diff": 2.1827872842550278e-11,
          "rmsd": 3.4839559225672475e-08,
          "performance": {
            "total_time": 0.321121789
          }
        },
        "9": {
          "energy": -108.07755614952758,
          "e_diff": -3.880984422721667e-11,
          "rmsd": 5.979373302609585e-09,
          "performance": {
            "total_time": 0.324279955
          }
        }
      },
      "final_energy": -108.07755614952758,
      "n_iterations": 9
    },
    "CD": {
      "n_cholesky_vectors": 774
    },
    "CCSD": {
      "iter": {
        "1": {
          "residual": 1.0413496409273812,
          "correlation": 0.0,
          "performance": {
            "total_time": 3.661453884
          }
        },
        "2": {
          "residual": 0.5442821533690594,
          "correlation": -1.310406016790781,
          "performance": {
            "total_time": 3.223754113
          }
        },
        "3": {
          "residual": 1.1032440409115507,
          "correlation": 0.2591854167724562,
          "performance": {
            "total_time": 3.262464886
          }
        },
        "4": {
          "residual": 1.6901460945450009,
          "correlation": -2.8218573132612566,
          "performance": {
            "total_time": 3.369238437
          }
        },
        "5": {
          "residual": 2.751374844878136,
          "correlation": 1.6647891291494457,
          "performance": {
            "total_time": 3.352129991
          }
        },
        "6": {
          "residual": 0.13731523340711813,
          "correlation": -0.8546175160979161,
          "performance": {
            "total_time": 3.274730181
          }
        },
        "7": {
          "residual": 0.29237271779234364,
          "correlation": -0.46762442485274874,
          "performance": {
            "total_time": 3.251952342
          }
        },
        "8": {
          "residual": 0.4737381434480209,
          "correlation": -1.2474354001697339,
          "performance": {
            "total_time": 3.2402407
          }
        },
        "9": {
          "residual": 0.9079860368301845,
          "correlation": 0.05443919471900872,
          "performance": {
            "total_time": 3.283854603
          }
        },
        "10": {
          "residual": 1.4932803321753718,
          "correlation": -2.4118902266220763,
          "performance": {
            "total_time": 3.239893954
          }
        },
        "11": {
          "residual": 0.04305731082933594,
          "correlation": -0.7864306547386021,
          "performance": {
            "total_time": 3.230984907
          }
        },
        "12": {
          "residual": 0.11403542249655432,
          "correlation": -0.6728296387929794,
          "performance": {
            "total_time": 3.233052851
          }
        },
        "13": {
          "residual": 0.14799698547697557,
          "correlation": -0.9351930611559293,
          "performance": {
            "total_time": 3.230448099
          }
        },
        "14": {
          "residual": 0.3146416666564433,
          "correlation": -0.5254713417041764,
          "performance": {
            "total_time": 3.243666581
          }
        },
        "15": {
          "residual": 0.5120252062869919,
          "correlation": -1.3097722767510152,
          "performance": {
            "total_time": 3.405752254
          }
        },
        "16": {
          "residual": 0.031129112959310895,
          "correlation": -0.8064673554757376,
          "performance": {
            "total_time": 3.285508875
          }
        },
        "17": {
          "residual": 0.08621305451292022,
          "correlation": -0.7447951845930209,
          "performance": {
            "total_time": 3.275519091
          }
        },
        "18": {
          "residual": 0.08929615550383901,
          "correlation": -0.9181407105132657,
          "performance": {
            "total_time": 3.734857448
          }
        },
        "19": {
          "residual": 0.2024948915434322,
          "correlation": -0.6793188937755523,
          "performance": {
            "total_time": 4.231778542
          }
        },
        "20": {
          "residual": 0.2963458443690785,
          "correlation": -1.1442558462435268,
          "performance": {
            "total_time": 4.106651676
          }
        },
        "21": {
          "residual": 0.02569932704420521,
          "correlation": -0.8606065463094401,
          "performance": {
            "total_time": 4.245468141
          }
        },
        "22": {
          "residual": 0.07365061596054145,
          "correlation": -0.8202398162167776,
          "performance": {
            "total_time": 4.080923815
          }
        },
        "23": {
          "residual": 0.0664782180500214,
          "correlation": -0.9570121502110672,
          "performance": {
            "total_time": 4.226565663
          }
        },
        "24": {
          "residual": 0.14436042869346574,
          "correlation": -0.7940864869707889,
          "performance": {
            "total_time": 4.201531814
          }
        },
        "25": {
          "residual": 0.1906628284471788,
          "correlation": -1.1006767188803046,
          "performance": {
            "total_time": 4.02940383
          }
        },
        "26": {
          "residual": 0.01538536907208518,
          "correlation": -0.9411700757092679,
          "performance": {
            "total_time": 4.24741759
          }
        },
        "27": {
          "residual": 0.0383083511393383,
          "correlation": -0.9254856402358387,
          "performance": {
            "total_time": 4.204696764
          }
        },
        "28": {
          "residual": 0.03139829410493822,
          "correlation": -0.9924580111382005,
          "performance": {
            "total_time": 4.034723445
          }
        },
        "29": {
          "residual": 0.05788841801834136,
          "correlation": -0.9255428895236143,
          "performance": {
            "total_time": 4.14319019
          }
        },
        "30": {
          "residual": 0.06787714064283241,
          "correlation": -1.0388389091364933,