{
  "output": {
    "SCF": {
      "nucl_rep_energy": 12.3474691478622,
      "iter": {
        "1": {
          "energy": -108.29972011768275,
          "e_diff": -108.29972011768275,
          "rmsd": 0.0018558106000667572,
          "performance": {
            "total_time": 0.06810981
          }
        },
        "2": {
          "energy": -108.30536802416032,
          "e_diff": -0.0056479064775629695,
          "rmsd": 0.0005358972990776575,
          "performance": {
            "total_time": 0.056749023
          }
        },
        "3": {
          "energy": -108.30611768166527,
          "e_diff": -0.0007496575049543708,
          "rmsd": 0.0002952319058500843,
          "performance": {
            "total_time": 0.056898196
          }
        },
        "4": {
          "energy": -108.3062367328005,
          "e_diff": -0.00011905113522914235,
          "rmsd": 1.2693504377349748e-05,
          "performance": {
            "total_time": 0.057592278
          }
        },
        "5": {
          "energy": -108.30623701513171,
          "e_diff": -2.8233121440734976e-07,
          "rmsd": 1.9913122758020996e-06,
          "performance": {
            "total_time": 0.058648999
          }
        },
        "6": {
          "energy": -108.30623702329541,
          "e_diff": -8.16369549738738e-09,
          "rmsd": 2.141285992167392e-07,
          "performance": {
            "total_time": 0.059547866
          }
        },
        "7": {
          "energy": -108.30623702336266,
          "e_diff": -6.724576451233588e-11,
          "rmsd": 3.1276022444303736e-08,
          "performance": {
            "total_time": 0.060791622
          }
        },
        "8": {
          "energy": -108.30623702336345,
          "e_diff": -7.958078640513122e-13,
          "rmsd": 3.1966778877193093e-09,
          "performance": {
            "total_time": 0.061689093
          }
        }
      },
      "final_energy": -108.30623702336345,
      "n_iterations": 8
    },
    "CD": {
      "n_cholesky_vectors": 473
    },
    "CCSD": {
      "iter": {
        "1": {
          "residual": 0.6776620035558112,
          "correlation": 0.0,
          "performance": {
            "total_time": 0.594482291
          }
        },
        "2": {
          "residual": 0.2876309819413808,
          "correlation": -0.8268552950973926,
          "performance": {
            "total_time": 0.599000069
          }
        },
        "3": {
          "residual": 0.3202462218201211,
          "correlation": -0.318322194176576,
          "performance": {
            "total_time": 0.587210622
          }
        },
        "4": {
          "residual": 0.30152202802535466,
          "correlation": -0.8785476006738071,
          "performance": {
            "total_time": 0.591970136
          }
        },
        "5": {
          "residual": 0.33195417880157096,
          "correlation": -0.3293080792092119,
          "performance": {
            "total_time": 0.59597894
          }
        },
        "6": {
          "residual": 0.027307543373061703,
          "correlation": -0.6136792029729243,
          "performance": {
            "total_time": 0.592285537
          }
        },
        "7": {
          "residual": 0.033108780270127695,
          "correlation": -0.5910378448856239,
          "performance": {
            "total_time": 0.583262074
          }
        },
        "8": {
          "residual": 0.020437022706793616,
          "correlation": -0.6269371238029621,
          "performance": {
            "total_time": 0.579212124
          }
        },
        "9": {
          "residual": 0.030021829075747606,
          "correlation": -0.601435731308388,
          "performance": {
            "total_time": 0.582057448
          }
        },
        "10": {
          "residual": 0.018389518785974328,
          "correlation": -0.638571307481665,
          "performance": {
            "total_time": 0.58638528
          }
        },
        "11": {
          "residual": 0.007947728990982469,
          "correlation": -0.6505585051284863,
          "performance": {
            "total_time": 0.577978492
          }
        },
        "12": {
          "residual": 0.0041145065751454464,
          "correlation": -0.6562883966994577,
          "performance": {
            "total_time": 0.578322598
          }
        },
        "13": {
          "residual": 0.005888425511243624,
          "correlation": -0.6514368085776074,
          "performance": {
            "total_time": 0.578318771
          }
        },
        "14": {
          "residual": 0.0033064532363824583,
          "correlation": -0.6581709542553502,
          "performance": {
            "total_time": 0.578970001
          }
        },
        "15": {
          "residual": 0.005274870950476488,
          "correlation": -0.6530720672042744,
          "performance": {
            "total_time": 0.57587275
          }
        },
        "16": {
          "residual": 0.0015021636862032678,
          "correlation": -0.6589683021736957,
          "performance": {
            "total_time": 0.585101768
          }
        },
        "17": {
          "residual": 0.0020763388611579835,
          "correlation": -0.658037983170615,
          "performance": {
            "total_time": 0.581181675
          }
        },
        "18": {
          "residual": 0.0011146907892971728,
          "correlation": -0.6601963542912077,
          "performance": {
            "total_time": 0.568120662
          }
        },
        "19": {
          "residual": 0.0017488422041169011,
          "correlation": -0.6589732717770964,
          "performance": {
            "total_time": 0.593580546
          }
        },
        "20": {
          "residual": 0.0009596189687672697,
          "correlation": -0.6610111034685265,
          "performance": {
            "total_time": 0.628374023
          }
        },
        "21": {
          "residual": 0.0002630437111601205,
          "correlation": -0.662161481428577,
          "performance": {
            "total_time": 0.585692061
          }
        },
        "22": {
          "residual": 0.00023548708287115437,
          "correlation": -0.66205819626531,
          "performance": {
            "total_time": 0.571225188
          }
        },
        "23": {
          "residual": 0.00012809316165986098,
          "correlation": -0.6622572263100779,
          "performance": {
            "total_time": 0.60823299
          }
        },
        "24": {
          "residual": 0.0001873154003975956,
          "correlation": -0.6621325566366154,
          "performance": {
            "total_time": 0.58411765
          }
        },
        "25": {
          "residual": 0.00010117175409012926,
          "correlation": -0.662331651477071,
          "performance": {
            "total_time": 0.575540729
          }
        },
        "26": {
          "residual": 5.827914910892572e-05,
          "correlation": -0.6623912883956938,
          "performance": {
            "total_time": 0.586430374
          }
        },
        "27": {
          "residual": 6.70731851462618e-05,
          "correlation": -0.6623692025016847,
          "performance": {
            "total_time": 0.591771617
          }
        },
        "28": {
          "residual": 3.640351499648925e-05,
          "correlation": -0.6624345807275462,
          "performance": {
            "total_time": 0.574326351
          }
        },
        "29": {
          "residual": 5.447222340687877e-05,
          "correlation": -0.662401347163419,
          "performance": {
            "total_time": 0.586334979
          }
        },
        "30": {
          "residual": 2.9307815947951422e-05,
          "correlation": -0.6624619363004584,
          "performance": {
            "total_time": 0.579866135
          }
        },
        "31": {
          "residual": 1.1825885316583474e-05,
          "correlation": -0.6624980111059457,