{
  "output": {
    "SCF": {
      "nucl_rep_energy": 11.273776178482882,
      "iter": {
        "1": {
          "energy": -108.22188830524193,
          "e_diff": -108.22188830524193,
          "rmsd": 0.0009995292675061393,
          "performance": {
            "total_time": 0.381422016
          }
        },
        "2": {
          "energy": -108.2269651852068,
          "e_diff": -0.0050768799648608365,
          "rmsd": 0.00029786545129735677,
          "performance": {
            "total_time": 0.383325103
          }
        },
        "3": {
          "energy": -108.227667462512,
          "e_diff": -0.000702277305208554,
          "rmsd": 0.00017909907263873381,
          "performance": {
            "total_time": 0.383539637
          }
        },
        "4": {
          "energy": -108.22779604390327,
          "e_diff": -0.00012858139126592505,
          "rmsd": 1.1578897677074149e-05,
          "performance": {
            "total_time": 0.385045023
          }
        },
        "5": {
          "energy": -108.22779657195618,
          "e_diff": -5.280529080664564e-07,
          "rmsd": 1.6020529453245781e-06,
          "performance": {
            "total_time": 0.394391715
          }
        },
        "6": {
          "energy": -108.22779658666467,
          "e_diff": -1.4708490425618947e-08,
          "rmsd": 4.1996451157129796e-07,
          "performance": {
            "total_time": 0.388811888
          }
        },
        "7": {
          "energy": -108.22779658706187,
          "e_diff": -3.972076001446112e-10,
          "rmsd": 1.0746026081000665e-07,
          "performance": {
            "total_time": 0.389725329
          }
        },
        "8": {
          "energy": -108.22779658707474,
          "e_diff": -1.2860823517257813e-11,
          "rmsd": 9.561089156304524e-09,
          "performance": {
            "total_time": 0.391807237
          }
        }
      },
      "final_energy": -108.22779658707474,
      "n_iterations": 8
    },
    "CD": {
      "n_cholesky_vectors": 787
    },
    "CCSD": {
      "iter": {
        "1": {
          "residual": 1.0330196293888518,
          "correlation": 0.0,
          "performance": {
            "total_time": 3.255879734
          }
        },
        "2": {
          "residual": 0.366658220731084,
          "correlation": -0.9983696094113016,
          "performance": {
            "total_time": 3.014130406
          }
        },
        "3": {
          "residual": 0.49711413474882077,
          "correlation": -0.23934049756001938,
          "performance": {
            "total_time": 3.008962658
          }
        },
        "4": {
          "residual": 0.5789713034141559,
          "correlation": -1.2517925119732594,
          "performance": {
            "total_time": 3.029640778
          }
        },
        "5": {
          "residual": 0.7595288327068097,
          "correlation": -0.05010120160856478,
          "performance": {
            "total_time": 3.000655101
          }
        },
        "6": {
          "residual": 0.050679987030342474,
          "correlation": -0.7280296080239765,
          "performance": {
            "total_time": 2.99953525
          }
        },
        "7": {
          "residual": 0.07991859610595599,
          "correlation": -0.6289784968735349,
          "performance": {
            "total_time": 3.022600831
          }
        },
        "8": {
          "residual": 0.07828130219444158,
          "correlation": -0.7722374433892358,
          "performance": {
            "total_time": 3.0029118
          }
        },
        "9": {
          "residual": 0.1189318070768407,
          "correlation": -0.6094713342907409,
          "performance": {
            "total_time": 2.997277607
          }
        },
        "10": {
          "residual": 0.12889881046189128,
          "correlation": -0.8318937800364439,
          "performance": {
            "total_time": 3.000826017
          }
        },
        "11": {
          "residual": 0.015064337758045485,
          "correlation": -0.739231467140929,
          "performance": {
            "total_time": 3.019003739
          }
        },
        "12": {
          "residual": 0.015417071321693326,
          "correlation": -0.7380428031755009,
          "performance": {
            "total_time": 3.003746672
          }
        },
        "13": {
          "residual": 0.010481103101117146,
          "correlation": -0.7500985812177405,
          "performance": {
            "total_time": 2.999804741
          }
        },
        "14": {
          "residual": 0.014352593979158092,
          "correlation": -0.7462927204957223,
          "performance": {
            "total_time": 2.999851863
          }
        },
        "15": {
          "residual": 0.008588371508284743,
          "correlation": -0.7608719262314606,
          "performance": {
            "total_time": 2.996754389
          }
        },
        "16": {
          "residual": 0.005264386567419703,
          "correlation": -0.790934280587485,
          "performance": {
            "total_time": 2.998560605
          }
        },
        "17": {
          "residual": 0.006041306371093045,
          "correlation": -0.7990313210814338,
          "performance": {
            "total_time": 3.012947457
          }
        },
        "18": {
          "residual": 0.006209101562337014,
          "correlation": -0.7890353923996393,
          "performance": {
            "total_time": 2.99809123
          }
        },
        "19": {
          "residual": 0.007883732953283368,
          "correlation": -0.8003686145484435,
          "performance": {
            "total_time": 2.995884893
          }
        },
        "20": {
          "residual": 0.008489427171960271,
          "correlation": -0.7868329167742193,
          "performance": {
            "total_time": 2.99750488
          }
        },
        "21": {
          "residual": 0.000452221638045358,
          "correlation": -0.7935542026754847,
          "performance": {
            "total_time": 2.996122635
          }
        },
        "22": {
          "residual": 0.0007635924696948299,
          "correlation": -0.7939496675063443,
          "performance": {
            "total_time": 2.990659013
          }
        },
        "23": {
          "residual": 0.00044939367605056066,
          "correlation": -0.7929679225567385,
          "performance": {
            "total_time": 3.012732946
          }
        },
        "24": {
          "residual": 0.0008073854500802078,
          "correlation": -0.7937049918460284,
          "performance": {
            "total_time": 2.994823709
          }
        },
        "25": {
          "residual": 0.0005980488585759412,
          "correlation": -0.7925064525680439,
          "performance": {
            "total_time": 2.995001651
          }
        },
        "26": {
          "residual": 0.00011684827503377659,
          "correlation": -0.7924025137701406,
          "performance": {
            "total_time": 2.993396098
          }
        },
        "27": {
          "residual": 0.0001431568477551087,
          "correlation": -0.7924647843624324,
          "performance": {
            "total_time": 2.992117724
          }
        },
        "28": {
          "residual": 8.344690249823847e-05,
          "correlation": -0.792307360566535,
          "performance": {
            "total_time": 2.992404274
          }
        },
        "29": {
          "residual": 0.0001385206070788101,
          "correlation": -0.7924185600383071,
          "performance": {
            "total_time": 2.992713932
          }
        },
        "30": {
          "residual": 9.438018101682207e-05,
          "correlation": -0.7922272946048177,
          "performance": {
            "total_time": 3.013388485
          }
        },
        "31": {
          "residual": 2.3283206658302115e-05,
          "correlation": -0.7922000567958399,