{
  "output": {
    "SCF": {
      "nucl_rep_energy": 21.608071008758852,
      "iter": {
        "1": {
          "energy": -108.92842900197755,
          "e_diff": -108.92842900197755,
          "rmsd": 0.0020448900577005507,
          "performance": {
            "total_time": 0.074432297
          }
        },
        "2": {
          "energy": -108.9387502778306,
          "e_diff": -0.010321275853044654,
          "rmsd": 0.000743582855983678,
          "performance": {
            "total_time": 0.074500926
          }
        },
        "3": {
          "energy": -108.93959640347461,
          "e_diff": -0.0008461256440170928,
          "rmsd": 0.00017770588354365017,
          "performance": {
            "total_time": 0.07558303
          }
        },
        "4": {
          "energy": -108.93964242385945,
          "e_diff": -4.602038484335935e-05,
          "rmsd": 1.2933985954884359e-05,
          "performance": {
            "total_time": 0.06154639
          }
        },
        "5": {
          "energy": -108.93964277261361,
          "e_diff": -3.4875415622082073e-07,
          "rmsd": 3.4626047074623033e-06,
          "performance": {
            "total_time": 0.062274562
          }
        },
        "6": {
          "energy": -108.93964278536365,
          "e_diff": -1.2750035693898099e-08,
          "rmsd": 6.744068026205421e-07,
          "performance": {
            "total_time": 0.062881562
          }
        },
        "7": {
          "energy": -108.93964278575945,
          "e_diff": -3.958007255278062e-10,
          "rmsd": 1.3306135416638614e-07,
          "performance": {
            "total_time": 0.064449678
          }
        },
        "8": {
          "energy": -108.93964278576496,
          "e_diff": -5.5138116294983774e-12,
          "rmsd": 4.558950008564577e-09,
          "performance": {
            "total_time": 0.0659681
          }
        }
      },
      "final_energy": -108.93964278576496,
      "n_iterations": 8
    },
    "CD": {
      "n_cholesky_vectors": 478
    },
    "CCSD": {
      "iter": {
        "1": {
          "residual": 0.705288447931178,
          "correlation": 0.0,
          "performance": {
            "total_time": 0.325618755
          }
        },
        "2": {
          "residual": 0.10048421005426832,
          "correlation": -0.4288787558677826,
          "performance": {
            "total_time": 0.284760089
          }
        },
        "3": {
          "residual": 0.042339618608854046,
          "correlation": -0.39260850454402274,
          "performance": {
            "total_time": 0.283569044
          }
        },
        "4": {
          "residual": 0.012304789869358604,
          "correlation": -0.41842255637051423,
          "performance": {
            "total_time": 0.279167297
          }
        },
        "5": {
          "residual": 0.007009266975052411,
          "correlation": -0.4129563742221299,
          "performance": {
            "total_time": 0.284444882
          }
        },
        "6": {
          "residual": 0.0022923206708228366,
          "correlation": -0.4165639525329289,
          "performance": {
            "total_time": 0.280747129
          }
        },
        "7": {
          "residual": 0.0010416200438393786,
          "correlation": -0.4162171288084403,
          "performance": {
            "total_time": 0.280691953
          }
        },
        "8": {
          "residual": 0.0005447746234842149,
          "correlation": -0.41636056483649075,
          "performance": {
            "total_time": 0.283577459
          }
        },
        "9": {
          "residual": 0.0003215996833561874,
          "correlation": -0.41636632864714823,
          "performance": {
            "total_time": 0.280372289
          }
        },
        "10": {
          "residual": 0.00018380645289222197,
          "correlation": -0.4164028133937027,
          "performance": {
            "total_time": 0.281083866
          }
        },
        "11": {
          "residual": 1.602788498068155e-05,
          "correlation": -0.4164400238678247,
          "performance": {
            "total_time": 0.278007857
          }
        },
        "12": {
          "residual": 4.360802695221182e-06,
          "correlation": -0.4164400779543681,
          "performance": {
            "total_time": 0.282600886
          }
        },
        "13": {
          "residual": 1.505220100200552e-06,
          "correlation": -0.4164415239737205,
          "performance": {
            "total_time": 0.287218947
          }
        },
        "14": {
          "residual": 6.880306059879292e-07,
          "correlation": -0.4164412978047622,
          "performance": {
            "total_time": 0.277434685
          }
        },
        "15": {
          "residual": 2.9422848633226627e-07,
          "correlation": -0.41644150410300507,
          "performance": {
            "total_time": 0.283303137
          }
        },
        "16": {
          "residual": 1.2305714922068332e-07,
          "correlation": -0.41644153133911355,
          "performance": {
            "total_time": 0.284897836
          }
        },
        "17": {
          "residual": 6.120276784281345e-08,
          "correlation": -0.41644151139866004,
          "performance": {
            "total_time": 0.280016252
          }
        },
        "18": {
          "residual": 3.103908002835378e-08,
          "correlation": -0.4164415251542754,
          "performance": {
            "total_time": 0.2816675
          }
        },
        "19": {
          "residual": 1.8769575315212884e-08,
          "correlation": -0.416441523888311,
          "performance": {
            "total_time": 0.28069346
          }
        },
        "20": {
          "residual": 1.0518149278288253e-08,
          "correlation": -0.4164415266384816,
          "performance": {
            "total_time": 0.280694568
          }
        },
        "21": {
          "residual": 1.0904263593919793e-09,
          "correlation": -0.4164415283503963,
          "performance": {
            "total_time": 0.28130618
          }
        }
      },
      "n_iterations": 21,
      "final_energy": {
        "correlation": -0.4164415283503963,
        "total": -109.35608431411535
      }
    }
  },
  "input": {
    "molecule": {
      "name": "N2_1.2",
      "basisset": "cc-pvtz",
      "geometry_units": "angstrom"
    },
    "SCF": {
      "tol_int": 1e-22,
      "tol_sch": 1e-10,
      "tol_lindep": 1e-05,
      "conve": 1e-09,
      "convd": 1e-08,
      "diis_hist": 10,
      "AO_tilesize": 30,
      "force_tilesize": "false",
      "scf_type": "restricted",
      "multiplicity": 1,
      "lambdas": [],
      "polvecs": [],
      "omegas": [],
      "volumes": []
    },
    "CD": {
      "diagtol": 1e-06,
      "itilesize": 1000,
      "write_cv": false,
      "write_vcount": 5000,
      "max_cvecs_factor": 12
    },
    "CCSD": {
      "threshold": 1e-08,
      "tilesize": 40,
      "ndiis": 5,
      "readt": "false",
      "writet": "false",
      "ccsd_maxiter": 50,
      "balance_tiles": "true"
    }
  }
}
