{
  "output": {
    "SCF": {
      "nucl_rep_energy": 8.103026628284569,
      "iter": {
        "1": {
          "energy": -108.00003984292671,
          "e_diff": -108.00003984292671,
          "rmsd": 0.0007762413568200969,
          "performance": {
            "total_time": 0.253431903
          }
        },
        "2": {
          "energy": -108.00225278189909,
          "e_diff": -0.0022129389723772874,
          "rmsd": 0.0002858201449386408,
          "performance": {
            "total_time": 0.258944067
          }
        },
        "3": {
          "energy": -108.00258998435177,
          "e_diff": -0.0003372024526839823,
          "rmsd": 0.00015582474413705248,
          "performance": {
            "total_time": 0.263280205
          }
        },
        "4": {
          "energy": -108.00264751337187,
          "e_diff": -5.7529020097035755e-05,
          "rmsd": 1.1087697245880838e-05,
          "performance": {
            "total_time": 0.262192911
          }
        },
        "5": {
          "energy": -108.00264787907498,
          "e_diff": -3.657031157899837e-07,
          "rmsd": 6.955335960085657e-07,
          "performance": {
            "total_time": 0.263381836
          }
        },
        "6": {
          "energy": -108.0026478835302,
          "e_diff": -4.45521664005355e-09,
          "rmsd": 5.849817053491412e-07,
          "performance": {
            "total_time": 0.266439856
          }
        },
        "7": {
          "energy": -108.00264788254617,
          "e_diff": 9.840306347541627e-10,
          "rmsd": 2.2934876118945348e-07,
          "performance": {
            "total_time": 0.275915864
          }
        },
        "8": {
          "energy": -108.00264788417411,
          "e_diff": -1.6279386727546807e-09,
          "rmsd": 9.86002285936856e-08,
          "performance": {
            "total_time": 0.27083338
          }
        },
        "9": {
          "energy": -108.00264788420235,
          "e_diff": -2.823696831910638e-11,
          "rmsd": 5.331717702207374e-09,
          "performance": {
            "total_time": 0.272991374
          }
        }
      },
      "final_energy": -108.00264788420235,
      "n_iterations": 9
    },
    "CD": {
      "n_cholesky_vectors": 764
    },
    "CCSD": {
      "iter": {
        "1": {
          "residual": 1.0476288684514898,
          "correlation": 0.0,
          "performance": {
            "total_time": 3.437077467
          }
        },
        "2": {
          "residual": 0.6843320458874614,
          "correlation": -1.554492756445609,
          "performance": {
            "total_time": 3.056729851
          }
        },
        "3": {
          "residual": 1.7803164401191462,
          "correlation": 0.8095624301145102,
          "performance": {
            "total_time": 3.037390359
          }
        },
        "4": {
          "residual": 2.838145554941719,
          "correlation": -5.142337313027969,
          "performance": {
            "total_time": 3.076570085
          }
        },
        "5": {
          "residual": 4.786536481563978,
          "correlation": 2.533462948859844,
          "performance": {
            "total_time": 3.041014672
          }
        },
        "6": {
          "residual": 0.12690257686534148,
          "correlation": -0.8414401973246515,
          "performance": {
            "total_time": 3.040711596
          }
        },
        "7": {
          "residual": 0.3084844419800058,
          "correlation": -0.4503849071830889,
          "performance": {
            "total_time": 3.03978832
          }
        },
        "8": {
          "residual": 0.6047726310634176,
          "correlation": -1.4472552267464711,
          "performance": {
            "total_time": 3.053748704
          }
        },
        "9": {
          "residual": 1.4696217594781296,
          "correlation": 0.5628990382145853,
          "performance": {
            "total_time": 3.028586652
          }
        },
        "10": {
          "residual": 2.4471579153640897,
          "correlation": -4.319697266802727,
          "performance": {
            "total_time": 3.025040614
          }
        },
        "11": {
          "residual": 0.04370465001328205,
          "correlation": -0.792505903623855,
          "performance": {
            "total_time": 3.026346902
          }
        },
        "12": {
          "residual": 0.12030125862843108,
          "correlation": -0.6866681699829865,
          "performance": {
            "total_time": 3.049494634
          }
        },
        "13": {
          "residual": 0.18492677243869368,
          "correlation": -1.0086672655249118,
          "performance": {
            "total_time": 3.017322148
          }
        },
        "14": {
          "residual": 0.48335400584372584,
          "correlation": -0.3938666936439581,
          "performance": {
            "total_time": 3.0253679
          }
        },
        "15": {
          "residual": 1.00190644253801,
          "correlation": -1.8507383687854628,
          "performance": {
            "total_time": 3.017811288
          }
        },
        "16": {
          "residual": 0.04038295713043348,
          "correlation": -0.8263864230599641,
          "performance": {
            "total_time": 3.012613767
          }
        },
        "17": {
          "residual": 0.13637083400826905,
          "correlation": -0.7116045373581241,
          "performance": {
            "total_time": 3.060579853
          }
        },
        "18": {
          "residual": 0.20799685761725675,
          "correlation": -1.0681806112559544,
          "performance": {
            "total_time": 3.014580431
          }
        },
        "19": {
          "residual": 0.5186063995283907,
          "correlation": -0.4115574720518316,
          "performance": {
            "total_time": 3.010537653
          }
        },
        "20": {
          "residual": 1.0796729161485947,
          "correlation": -1.9185026938095682,
          "performance": {
            "total_time": 3.016375376
          }
        },
        "21": {
          "residual": 0.03640983129937633,
          "correlation": -0.8356400161889225,
          "performance": {
            "total_time": 3.01912801
          }
        },
        "22": {
          "residual": 0.12009130946627457,
          "correlation": -0.7540670510120606,
          "performance": {
            "total_time": 3.019338552
          }
        },
        "23": {
          "residual": 0.16116865941646974,
          "correlation": -1.045459950279125,
          "performance": {
            "total_time": 3.020670971
          }
        },
        "24": {
          "residual": 0.41214217626807265,
          "correlation": -0.5448554985505516,
          "performance": {
            "total_time": 3.025934597
          }
        },
        "25": {
          "residual": 0.8179026941683369,
          "correlation": -1.6893185989766477,
          "performance": {
            "total_time": 2.972155417
          }
        },
        "26": {
          "residual": 0.035158725991353716,
          "correlation": -0.8580583569953234,
          "performance": {
            "total_time": 2.974878962
          }
        },
        "27": {
          "residual": 0.12026677882292523,
          "correlation": -0.7854953534107717,
          "performance": {
            "total_time": 2.97426767
          }
        },
        "28": {
          "residual": 0.15319054872158458,
          "correlation": -1.0672539340143583,
          "performance": {
            "total_time": 2.984586388
          }
        },
        "29": {
          "residual": 0.3794363107911141,
          "correlation": -0.6097074115117215,
          "performance": {
            "total_time": 3.016081184
          }
        },
        "30": {
          "residual": 0.7280001520516415,
          "correlation": -1.626426159380815,