{
  "output": {
    "SCF": {
      "nucl_rep_energy": 7.857480366821401,
      "iter": {
        "1": {
          "energy": -107.98569653505201,
          "e_diff": -107.98569653505201,
          "rmsd": 0.0007544431713631618,
          "performance": {
            "total_time": 0.247949423
          }
        },
        "2": {
          "energy": -107.98770830609813,
          "e_diff": -0.0020117710461136085,
          "rmsd": 0.000286105215827455,
          "performance": {
            "total_time": 0.256185378
          }
        },
        "3": {
          "energy": -107.98801645611577,
          "e_diff": -0.0003081500176449481,
          "rmsd": 0.0001482517922985488,
          "performance": {
            "total_time": 0.257757653
          }
        },
        "4": {
          "energy": -107.98806684881697,
          "e_diff": -5.03927011976657e-05,
          "rmsd": 1.1023155490247217e-05,
          "performance": {
            "total_time": 0.259932837
          }
        },
        "5": {
          "energy": -107.98806720198057,
          "e_diff": -3.531635996978366e-07,
          "rmsd": 6.611445804227964e-07,
          "performance": {
            "total_time": 0.259977696
          }
        },
        "6": {
          "energy": -107.98806720602767,
          "e_diff": -4.0470951034876634e-09,
          "rmsd": 5.34059893532212e-07,
          "performance": {
            "total_time": 0.261423694
          }
        },
        "7": {
          "energy": -107.9880672066395,
          "e_diff": -6.118341389083071e-10,
          "rmsd": 1.3079110112821172e-07,
          "performance": {
            "total_time": 0.270310523
          }
        },
        "8": {
          "energy": -107.9880672063292,
          "e_diff": 3.1029401270643575e-10,
          "rmsd": 9.687045735571158e-08,
          "performance": {
            "total_time": 0.264428954
          }
        },
        "9": {
          "energy": -107.98806720665992,
          "e_diff": -3.3071501093218103e-10,
          "rmsd": 5.172078557202016e-09,
          "performance": {
            "total_time": 0.266791371
          }
        }
      },
      "final_energy": -107.98806720665992,
      "n_iterations": 9
    },
    "CD": {
      "n_cholesky_vectors": 763
    },
    "CCSD": {
      "iter": {
        "1": {
          "residual": 1.0490663789609318,
          "correlation": 0.0,
          "performance": {
            "total_time": 3.057578587
          }
        },
        "2": {
          "residual": 0.7182044358867141,
          "correlation": -1.613828757004361,
          "performance": {
            "total_time": 2.859557586
          }
        },
        "3": {
          "residual": 1.9736615993906463,
          "correlation": 0.962581294699515,
          "performance": {
            "total_time": 2.83936084
          }
        },
        "4": {
          "residual": 3.112188226001055,
          "correlation": -5.89429992673546,
          "performance": {
            "total_time": 2.842623403
          }
        },
        "5": {
          "residual": 4.863662419226206,
          "correlation": 2.1673972291745316,
          "performance": {
            "total_time": 2.8617063
          }
        },
        "6": {
          "residual": 0.15640096800513656,
          "correlation": -0.8895107021893633,
          "performance": {
            "total_time": 2.841266792
          }
        },
        "7": {
          "residual": 0.41506681345025076,
          "correlation": -0.3495525306624548,
          "performance": {
            "total_time": 2.834921326
          }
        },
        "8": {
          "residual": 0.8590439465881107,
          "correlation": -1.7645577361153455,
          "performance": {
            "total_time": 2.861632753
          }
        },
        "9": {
          "residual": 2.1401794253594386,
          "correlation": 1.1564169213908755,
          "performance": {
            "total_time": 2.835508428
          }
        },
        "10": {
          "residual": 2.298050811675943,
          "correlation": -6.388398539850708,
          "performance": {
            "total_time": 2.833777061
          }
        },
        "11": {
          "residual": 0.058114743518375714,
          "correlation": -0.7418813487753521,
          "performance": {
            "total_time": 2.832474613
          }
        },
        "12": {
          "residual": 0.04311960333975858,
          "correlation": -0.7944411188683097,
          "performance": {
            "total_time": 2.831331203
          }
        },
        "13": {
          "residual": 0.07690582524968229,
          "correlation": -0.7644909301465156,
          "performance": {
            "total_time": 2.846187868
          }
        },
        "14": {
          "residual": 0.07728885834325804,
          "correlation": -0.9238345351073478,
          "performance": {
            "total_time": 2.8331582
          }
        },
        "15": {
          "residual": 0.24495201472560063,
          "correlation": -0.6637163580050234,
          "performance": {
            "total_time": 2.828911297
          }
        },
        "16": {
          "residual": 0.06331174240499737,
          "correlation": -0.7472555546252634,
          "performance": {
            "total_time": 2.829207364
          }
        },
        "17": {
          "residual": 0.050363724147841404,
          "correlation": -0.8428375401339765,
          "performance": {
            "total_time": 2.831360139
          }
        },
        "18": {
          "residual": 0.16011989651392067,
          "correlation": -0.6769020943289284,
          "performance": {
            "total_time": 2.876117329
          }
        },
        "19": {
          "residual": 0.2862573560690416,
          "correlation": -1.1396422163229374,
          "performance": {
            "total_time": 2.81137869
          }
        },
        "20": {
          "residual": 0.7169820511955426,
          "correlation": -0.19835005359511337,
          "performance": {
            "total_time": 2.811274918
          }
        },
        "21": {
          "residual": 0.05705269110726106,
          "correlation": -0.892776056101908,
          "performance": {
            "total_time": 2.809917055
          }
        },
        "22": {
          "residual": 0.04081138998986011,
          "correlation": -0.9519797032451655,
          "performance": {
            "total_time": 2.806692967
          }
        },
        "23": {
          "residual": 0.07237669006432575,
          "correlation": -0.9428890615357877,
          "performance": {
            "total_time": 2.807247644
          }
        },
        "24": {
          "residual": 0.05777003493993395,
          "correlation": -1.0781717909296915,
          "performance": {
            "total_time": 2.806400465
          }
        },
        "25": {
          "residual": 0.14164610610385298,
          "correlation": -0.9305441081762937,
          "performance": {
            "total_time": 2.827103415
          }
        },
        "26": {
          "residual": 0.0174929125993996,
          "correlation": -1.1402194121031357,
          "performance": {
            "total_time": 2.812526212
          }
        },
        "27": {
          "residual": 0.07455153950268321,
          "correlation": -1.1872237089856454,
          "performance": {
            "total_time": 2.805448533
          }
        },
        "28": {
          "residual": 0.09115630370940524,
          "correlation": -1.0236372269707823,
          "performance": {
            "total_time": 2.804641075
          }
        },
        "29": {
          "residual": 0.12572635255340384,
          "correlation": -1.2180169732807171,
          "performance": {
            "total_time": 2.806547854
          }
        },
        "30": {
          "residual": 0.1474521991315796,
          "correlation": -0.9674265289280697,