{
  "output": {
    "SCF": {
      "nucl_rep_energy": 25.92968521051062,
      "iter": {
        "1": {
          "energy": -108.9631752073488,
          "e_diff": -108.9631752073488,
          "rmsd": 0.001915968995364196,
          "performance": {
            "total_time": 0.452369097
          }
        },
        "2": {
          "energy": -108.97603170773408,
          "e_diff": -0.012856500385282743,
          "rmsd": 0.0003824042363115712,
          "performance": {
            "total_time": 0.452466446
          }
        },
        "3": {
          "energy": -108.97679299445144,
          "e_diff": -0.0007612867173634186,
          "rmsd": 0.00017465449839783957,
          "performance": {
            "total_time": 0.45487497
          }
        },
        "4": {
          "energy": -108.97684909825367,
          "e_diff": -5.610380222265121e-05,
          "rmsd": 2.1945794381450032e-05,
          "performance": {
            "total_time": 0.460674902
          }
        },
        "5": {
          "energy": -108.97684945800117,
          "e_diff": -3.597475028982444e-07,
          "rmsd": 4.42311643820255e-06,
          "performance": {
            "total_time": 0.458852981
          }
        },
        "6": {
          "energy": -108.97684946521872,
          "e_diff": -7.217551001303946e-09,
          "rmsd": 6.292709055432653e-07,
          "performance": {
            "total_time": 0.450774248
          }
        },
        "7": {
          "energy": -108.97684946536125,
          "e_diff": -1.425348727934761e-10,
          "rmsd": 8.574488457424666e-08,
          "performance": {
            "total_time": 0.455448247
          }
        },
        "8": {
          "energy": -108.97684946536714,
          "e_diff": -5.8832938520936295e-12,
          "rmsd": 3.4899488948877488e-09,
          "performance": {
            "total_time": 0.460275579
          }
        }
      },
      "final_energy": -108.97684946536714,
      "n_iterations": 8
    },
    "CD": {
      "n_cholesky_vectors": 795
    },
    "CCSD": {
      "iter": {
        "1": {
          "residual": 1.0739034770297986,
          "correlation": 0.0,
          "performance": {
            "total_time": 3.675599255
          }
        },
        "2": {
          "residual": 0.09874830022527151,
          "correlation": -0.43408884421013394,
          "performance": {
            "total_time": 3.305667577
          }
        },
        "3": {
          "residual": 0.028138342677767877,
          "correlation": -0.4249814654317438,
          "performance": {
            "total_time": 3.274716098
          }
        },
        "4": {
          "residual": 0.007331780438448507,
          "correlation": -0.4364245924753207,
          "performance": {
            "total_time": 3.361946375
          }
        },
        "5": {
          "residual": 0.003399412910197794,
          "correlation": -0.4358295806325062,
          "performance": {
            "total_time": 3.248343399
          }
        },
        "6": {
          "residual": 0.00133626056080737,
          "correlation": -0.4370793244358264,
          "performance": {
            "total_time": 3.207149554
          }
        },
        "7": {
          "residual": 0.0005166144071655598,
          "correlation": -0.4368835444580854,
          "performance": {
            "total_time": 3.200509362
          }
        },
        "8": {
          "residual": 0.0002456294009925497,
          "correlation": -0.4369172783582407,
          "performance": {
            "total_time": 3.198049334
          }
        },
        "9": {
          "residual": 0.00012248297402357678,
          "correlation": -0.43692785963984737,
          "performance": {
            "total_time": 3.220656459
          }
        },
        "10": {
          "residual": 6.19178881912196e-05,
          "correlation": -0.43693600359083884,
          "performance": {
            "total_time": 3.203892975
          }
        },
        "11": {
          "residual": 3.5439733025765565e-06,
          "correlation": -0.43694466302695767,
          "performance": {
            "total_time": 3.209768833
          }
        },
        "12": {
          "residual": 1.139351070402392e-06,
          "correlation": -0.4369454140756678,
          "performance": {
            "total_time": 3.20143423
          }
        },
        "13": {
          "residual": 3.8118082477949647e-07,
          "correlation": -0.4369452714565934,
          "performance": {
            "total_time": 3.200066924
          }
        },
        "14": {
          "residual": 1.6689386494896708e-07,
          "correlation": -0.4369453148816633,
          "performance": {
            "total_time": 3.232986654
          }
        },
        "15": {
          "residual": 6.618523226903254e-08,
          "correlation": -0.4369453065274639,
          "performance": {
            "total_time": 3.19519918
          }
        },
        "16": {
          "residual": 1.1911988516356515e-08,
          "correlation": -0.43694531028760936,
          "performance": {
            "total_time": 3.199717328
          }
        },
        "17": {
          "residual": 4.224542004419756e-09,
          "correlation": -0.43694530932761366,
          "performance": {
            "total_time": 3.21184048
          }
        }
      },
      "n_iterations": 17,
      "final_energy": {
        "correlation": -0.43694530932761366,
        "total": -109.41379477469475
      }
    },
    "DUCC": {
      "performance": {
        "total_time": 30.789511287999996
      },
      "results": {
        "X1": -28.127508786455643,
        "X2": -2.253173853985577e-16,
        "X3": -6.159249229675732,
        "X4": -1.3104369444461132e-22,
        "X5": 0.0,
        "X6": 0.0,
        "X7": -0.5264932350108608,
        "X8": 4.504420943088468e-33,
        "X9": 3.629926555339224e-35
      }
    }
  },
  "input": {
    "molecule": {
      "name": "N2_1.0",
      "basisset": "cc-pvqz",
      "geometry_units": "angstrom"
    },
    "SCF": {
      "tol_int": 1e-22,
      "tol_sch": 1e-10,
      "tol_lindep": 1e-05,
      "conve": 1e-09,
      "convd": 1e-08,
      "diis_hist": 10,
      "AO_tilesize": 30,
      "force_tilesize": "false",
      "scf_type": "restricted",
      "multiplicity": 1,
      "lambdas": [],
      "polvecs": [],
      "omegas": [],
      "volumes": []
    },
    "CD": {
      "diagtol": 1e-06,
      "itilesize": 1000,
      "write_cv": false,
      "write_vcount": 5000,
      "max_cvecs_factor": 12
    },
    "CCSD": {
      "threshold": 1e-08,
      "tilesize": 40,
      "ndiis": 5,
      "readt": "false",
      "writet": "false",
      "ccsd_maxiter": 50,
      "balance_tiles": "true"
    },
    "DUCC": {
      "nactive": 3
    }
  }
}
