{
  "output": {
    "SCF": {
      "nucl_rep_energy": 9.603587115003934,
      "iter": {
        "1": {
          "energy": -108.09743384272308,
          "e_diff": -108.09743384272308,
          "rmsd": 0.0008947459505267825,
          "performance": {
            "total_time": 0.334141279
          }
        },
        "2": {
          "energy": -108.100949474316,
          "e_diff": -0.0035156315929185666,
          "rmsd": 0.000282772258216994,
          "performance": {
            "total_time": 0.337898344
          }
        },
        "3": {
          "energy": -108.10145943597847,
          "e_diff": -0.0005099616624733017,
          "rmsd": 0.00017654146845054266,
          "performance": {
            "total_time": 0.338053503
          }
        },
        "4": {
          "energy": -108.10155525034592,
          "e_diff": -9.581436745520477e-05,
          "rmsd": 1.111581293208939e-05,
          "performance": {
            "total_time": 0.34180884499999997
          }
        },
        "5": {
          "energy": -108.10155567268457,
          "e_diff": -4.2233864405716304e-07,
          "rmsd": 1.053373779205333e-06,
          "performance": {
            "total_time": 0.348514759
          }
        },
        "6": {
          "energy": -108.1015556808967,
          "e_diff": -8.212126090256788e-09,
          "rmsd": 4.7663323237951324e-07,
          "performance": {
            "total_time": 0.34427913
          }
        },
        "7": {
          "energy": -108.10155568137931,
          "e_diff": -4.826148369829752e-10,
          "rmsd": 1.0375495989298686e-07,
          "performance": {
            "total_time": 0.347073882
          }
        },
        "8": {
          "energy": -108.10155568139237,
          "e_diff": -1.3059775483270641e-11,
          "rmsd": 1.1897544638632945e-08,
          "performance": {
            "total_time": 0.348344063
          }
        },
        "9": {
          "energy": -108.10155568139281,
          "e_diff": -4.405364961712621e-13,
          "rmsd": 7.89831198059945e-09,
          "performance": {
            "total_time": 0.350329829
          }
        }
      },
      "final_energy": -108.10155568139281,
      "n_iterations": 9
    },
    "CD": {
      "n_cholesky_vectors": 778
    },
    "CCSD": {
      "iter": {
        "1": {
          "residual": 1.039666283919327,
          "correlation": 0.0,
          "performance": {
            "total_time": 3.6247324
          }
        },
        "2": {
          "residual": 0.5085391251092647,
          "correlation": -1.2481400324866996,
          "performance": {
            "total_time": 3.16478942
          }
        },
        "3": {
          "residual": 0.9598469960812497,
          "correlation": 0.14039982333521706,
          "performance": {
            "total_time": 3.155298477
          }
        },
        "4": {
          "residual": 1.4221057703132927,
          "correlation": -2.4011543285052865,
          "performance": {
            "total_time": 3.190340754
          }
        },
        "5": {
          "residual": 2.28801748792105,
          "correlation": 1.2505109971290025,
          "performance": {
            "total_time": 3.379267527
          }
        },
        "6": {
          "residual": 0.11824109823526492,
          "correlation": -0.8333229615614896,
          "performance": {
            "total_time": 3.497995758
          }
        },
        "7": {
          "residual": 0.237258566986682,
          "correlation": -0.5217752366566313,
          "performance": {
            "total_time": 3.486610648
          }
        },
        "8": {
          "residual": 0.356385519992172,
          "correlation": -1.11195091103297,
          "performance": {
            "total_time": 3.469995798
          }
        },
        "9": {
          "residual": 0.6489182386192659,
          "correlation": -0.1817778004993289,
          "performance": {
            "total_time": 3.574821909
          }
        },
        "10": {
          "residual": 1.039196187647189,
          "correlation": -1.8258833269292973,
          "performance": {
            "total_time": 3.498724384
          }
        },
        "11": {
          "residual": 0.03985082105733434,
          "correlation": -0.7840153851792226,
          "performance": {
            "total_time": 3.207417821
          }
        },
        "12": {
          "residual": 0.10057776675775076,
          "correlation": -0.6855532509059021,
          "performance": {
            "total_time": 3.193247915
          }
        },
        "13": {
          "residual": 0.11898565988556926,
          "correlation": -0.9008862585877946,
          "performance": {
            "total_time": 3.161572009
          }
        },
        "14": {
          "residual": 0.24194501288694892,
          "correlation": -0.5897690495536557,
          "performance": {
            "total_time": 3.201258603
          }
        },
        "15": {
          "residual": 0.35926994311620236,
          "correlation": -1.1522354473025196,
          "performance": {
            "total_time": 3.157323637
          }
        },
        "16": {
          "residual": 0.02676483101676949,
          "correlation": -0.8134094303546876,
          "performance": {
            "total_time": 3.154101951
          }
        },
        "17": {
          "residual": 0.06787338902168519,
          "correlation": -0.7711282965784072,
          "performance": {
            "total_time": 3.162625597
          }
        },
        "18": {
          "residual": 0.05924023220640857,
          "correlation": -0.8931415804316741,
          "performance": {
            "total_time": 3.151526727
          }
        },
        "19": {
          "residual": 0.13167786480134663,
          "correlation": -0.7468923204205249,
          "performance": {
            "total_time": 3.179075074
          }
        },
        "20": {
          "residual": 0.16602739895872767,
          "correlation": -1.0220721633105578,
          "performance": {
            "total_time": 3.377207173
          }
        },
        "21": {
          "residual": 0.018277125028967996,
          "correlation": -0.8957494302079846,
          "performance": {
            "total_time": 3.414350631
          }
        },
        "22": {
          "residual": 0.03746035579941544,
          "correlation": -0.8819244200503615,
          "performance": {
            "total_time": 3.267881752
          }
        },
        "23": {
          "residual": 0.02611512472935774,
          "correlation": -0.9414609246439158,
          "performance": {
            "total_time": 3.156905777
          }
        },
        "24": {
          "residual": 0.053184530571590415,
          "correlation": -0.8872728017379907,
          "performance": {
            "total_time": 3.179461725
          }
        },
        "25": {
          "residual": 0.056337601087402746,
          "correlation": -0.9869637907467663,
          "performance": {
            "total_time": 3.265422742
          }
        },
        "26": {
          "residual": 0.0038559103110620543,
          "correlation": -0.9665958412202948,
          "performance": {
            "total_time": 3.300643132
          }
        },
        "27": {
          "residual": 0.0069520975575541625,
          "correlation": -0.9732452610152295,
          "performance": {
            "total_time": 3.245957442
          }
        },
        "28": {
          "residual": 0.007597645783673232,
          "correlation": -0.9600132864470451,
          "performance": {
            "total_time": 3.24167191
          }
        },
        "29": {
          "residual": 0.010537075574808671,
          "correlation": -0.9749829365997067,
          "performance": {
            "total_time": 3.228346738
          }
        },
        "30": {
          "residual": 0.012546866690662331,
          "correlation": -0.9551024091172473,