{
  "output": {
    "SCF": {
      "nucl_rep_energy": 8.103026628284569,
      "iter": {
        "1": {
          "energy": -108.00003984292607,
          "e_diff": -108.00003984292607,
          "rmsd": 0.0007762413567284,
          "performance": {
            "total_time": 0.256056097
          }
        },
        "2": {
          "energy": -108.0022527818985,
          "e_diff": -0.002212938972434131,
          "rmsd": 0.0002858201449702695,
          "performance": {
            "total_time": 0.260620575
          }
        },
        "3": {
          "energy": -108.00258998435125,
          "e_diff": -0.0003372024527408257,
          "rmsd": 0.0001558247441349046,
          "performance": {
            "total_time": 0.26456964
          }
        },
        "4": {
          "energy": -108.00264751337124,
          "e_diff": -5.752901999755977e-05,
          "rmsd": 1.1087697232551561e-05,
          "performance": {
            "total_time": 0.26511248
          }
        },
        "5": {
          "energy": -108.00264787907453,
          "e_diff": -3.657032863202403e-07,
          "rmsd": 6.955235348433022e-07,
          "performance": {
            "total_time": 0.266460307
          }
        },
        "6": {
          "energy": -108.00264788353014,
          "e_diff": -4.4556145439855754e-09,
          "rmsd": 5.834707926376912e-07,
          "performance": {
            "total_time": 0.274674742
          }
        },
        "7": {
          "energy": -108.0026478826088,
          "e_diff": 9.213465546054067e-10,
          "rmsd": 2.255634948944359e-07,
          "performance": {
            "total_time": 0.271713399
          }
        },
        "8": {
          "energy": -108.00264788417319,
          "e_diff": -1.5643877304682974e-09,
          "rmsd": 9.86415430608321e-08,
          "performance": {
            "total_time": 0.271993862
          }
        },
        "9": {
          "energy": -108.00264788420192,
          "e_diff": -2.873434823413845e-11,
          "rmsd": 5.331606076267967e-09,
          "performance": {
            "total_time": 0.274542965
          }
        }
      },
      "final_energy": -108.00264788420192,
      "n_iterations": 9
    },
    "CD": {
      "n_cholesky_vectors": 764
    },
    "CCSD": {
      "iter": {
        "1": {
          "residual": 1.047628868451434,
          "correlation": 0.0,
          "performance": {
            "total_time": 3.129207018
          }
        },
        "2": {
          "residual": 0.684332045886455,
          "correlation": -1.5544927564436724,
          "performance": {
            "total_time": 2.88121993
          }
        },
        "3": {
          "residual": 1.780316440113165,
          "correlation": 0.8095624301097342,
          "performance": {
            "total_time": 2.879733456
          }
        },
        "4": {
          "residual": 2.8381455549337753,
          "correlation": -5.142337313004063,
          "performance": {
            "total_time": 2.903716442
          }
        },
        "5": {
          "residual": 4.786536481563966,
          "correlation": 2.5334629488678266,
          "performance": {
            "total_time": 2.882768541
          }
        },
        "6": {
          "residual": 0.1377250485321188,
          "correlation": -0.8595606579835007,
          "performance": {
            "total_time": 2.881666605
          }
        },
        "7": {
          "residual": 0.3444070327859734,
          "correlation": -0.4168995445135895,
          "performance": {
            "total_time": 2.917633207
          }
        },
        "8": {
          "residual": 0.6801557497088875,
          "correlation": -1.5348969545529594,
          "performance": {
            "total_time": 2.847247525
          }
        },
        "9": {
          "residual": 1.634140204462484,
          "correlation": 0.7098552373722683,
          "performance": {
            "total_time": 2.851033776
          }
        },
        "10": {
          "residual": 2.469301036385034,
          "correlation": -4.751607459776821,
          "performance": {
            "total_time": 2.851517866
          }
        },
        "11": {
          "residual": 0.04414284427927908,
          "correlation": -0.7669086187148805,
          "performance": {
            "total_time": 2.851100132
          }
        },
        "12": {
          "residual": 0.06700301847032933,
          "correlation": -0.7486588218873058,
          "performance": {
            "total_time": 2.865892234
          }
        },
        "13": {
          "residual": 0.059403978576903514,
          "correlation": -0.8731454717820787,
          "performance": {
            "total_time": 2.851155427
          }
        },
        "14": {
          "residual": 0.1854406364961548,
          "correlation": -0.6847326390824299,
          "performance": {
            "total_time": 2.845962141
          }
        },
        "15": {
          "residual": 0.3168310822355922,
          "correlation": -1.1889557532004529,
          "performance": {
            "total_time": 2.846071084
          }
        },
        "16": {
          "residual": 0.0389365372444687,
          "correlation": -0.8889006025843628,
          "performance": {
            "total_time": 2.848236767
          }
        },
        "17": {
          "residual": 0.11461551514766896,
          "correlation": -0.825778806014794,
          "performance": {
            "total_time": 2.865961613
          }
        },
        "18": {
          "residual": 0.13706679741135502,
          "correlation": -1.0836367671880605,
          "performance": {
            "total_time": 2.846786208
          }
        },
        "19": {
          "residual": 0.3238826498140843,
          "correlation": -0.6948431239917892,
          "performance": {
            "total_time": 2.844113438
          }
        },
        "20": {
          "residual": 0.5874478019220875,
          "correlation": -1.5260130470464115,
          "performance": {
            "total_time": 2.846360975
          }
        },
        "21": {
          "residual": 0.028467004303988266,
          "correlation": -0.9550965222847005,
          "performance": {
            "total_time": 2.847585964
          }
        },
        "22": {
          "residual": 0.11433085394645583,
          "correlation": -0.8920221570901429,
          "performance": {
            "total_time": 2.847023141
          }
        },
        "23": {
          "residual": 0.1445776836201862,
          "correlation": -1.1506042069802047,
          "performance": {
            "total_time": 2.843187237
          }
        },
        "24": {
          "residual": 0.27805384227169155,
          "correlation": -0.7842459044811506,
          "performance": {
            "total_time": 2.859493373
          }
        },
        "25": {
          "residual": 0.4685549640866014,
          "correlation": -1.4544401352120422,
          "performance": {
            "total_time": 2.846509619
          }
        },
        "26": {
          "residual": 0.02210893697394511,
          "correlation": -0.9918811092341185,
          "performance": {
            "total_time": 2.844568167
          }
        },
        "27": {
          "residual": 0.08732491559492757,
          "correlation": -0.9529717513373418,
          "performance": {
            "total_time": 2.840142223
          }
        },
        "28": {
          "residual": 0.10535818532993126,
          "correlation": -1.1446449943590804,
          "performance": {
            "total_time": 2.838966568
          }
        },
        "29": {
          "residual": 0.18513977056399888,
          "correlation": -0.8930772888859535,
          "performance": {
            "total_time": 2.845413483
          }
        },
        "30": {
          "residual": 0.28256698649163375,
          "correlation": -1.3149194255468726,