{
  "output": {
    "SCF": {
      "nucl_rep_energy": 13.647202742374011,
      "iter": {
        "1": {
          "energy": -108.40643668467152,
          "e_diff": -108.40643668467152,
          "rmsd": 0.00198362936486098,
          "performance": {
            "total_time": 0.056903399
          }
        },
        "2": {
          "energy": -108.41344133801165,
          "e_diff": -0.0070046533401324496,
          "rmsd": 0.000582247126486452,
          "performance": {
            "total_time": 0.057109121
          }
        },
        "3": {
          "energy": -108.41433710411384,
          "e_diff": -0.0008957661021895547,
          "rmsd": 0.00031922815987190246,
          "performance": {
            "total_time": 0.057073483
          }
        },
        "4": {
          "energy": -108.41448037608608,
          "e_diff": -0.0001432719722345155,
          "rmsd": 1.3884260411035117e-05,
          "performance": {
            "total_time": 0.058145722
          }
        },
        "5": {
          "energy": -108.41448070543538,
          "e_diff": -3.2934930516148597e-07,
          "rmsd": 2.156809084090083e-06,
          "performance": {
            "total_time": 0.059270055
          }
        },
        "6": {
          "energy": -108.41448071468098,
          "e_diff": -9.245596288565139e-09,
          "rmsd": 2.6443338865432416e-07,
          "performance": {
            "total_time": 0.059767485
          }
        },
        "7": {
          "energy": -108.41448071477566,
          "e_diff": -9.468692496739095e-11,
          "rmsd": 5.728769556651363e-08,
          "performance": {
            "total_time": 0.061912414
          }
        },
        "8": {
          "energy": -108.41448071477805,
          "e_diff": -2.3874235921539366e-12,
          "rmsd": 5.560503959882407e-09,
          "performance": {
            "total_time": 0.061979228
          }
        }
      },
      "final_energy": -108.41448071477805,
      "n_iterations": 8
    },
    "CD": {
      "n_cholesky_vectors": 481
    },
    "CCSD": {
      "iter": {
        "1": {
          "residual": 0.673786334655905,
          "correlation": 0.0,
          "performance": {
            "total_time": 0.597849119
          }
        },
        "2": {
          "residual": 0.319388714080561,
          "correlation": -0.8258686474465988,
          "performance": {
            "total_time": 0.475112412
          }
        },
        "3": {
          "residual": 0.4117423478341211,
          "correlation": -0.22061032819334042,
          "performance": {
            "total_time": 0.47385685
          }
        },
        "4": {
          "residual": 0.46752807996765045,
          "correlation": -0.9922193446963697,
          "performance": {
            "total_time": 0.475387312
          }
        },
        "5": {
          "residual": 0.5855630990589971,
          "correlation": -0.10004927024537162,
          "performance": {
            "total_time": 0.4744361
          }
        },
        "6": {
          "residual": 0.03575107469936098,
          "correlation": -0.5985023775535302,
          "performance": {
            "total_time": 0.472119726
          }
        },
        "7": {
          "residual": 0.04715903904572743,
          "correlation": -0.5382540671430669,
          "performance": {
            "total_time": 0.476187968
          }
        },
        "8": {
          "residual": 0.04693112347412049,
          "correlation": -0.617799833426663,
          "performance": {
            "total_time": 0.491227457
          }
        },
        "9": {
          "residual": 0.06426543797220488,
          "correlation": -0.5281920514682488,
          "performance": {
            "total_time": 0.475012331
          }
        },
        "10": {
          "residual": 0.07104336849925294,
          "correlation": -0.6428161964194365,
          "performance": {
            "total_time": 0.501266732
          }
        },
        "11": {
          "residual": 0.003847081206358348,
          "correlation": -0.5872256907510303,
          "performance": {
            "total_time": 0.475864491
          }
        },
        "12": {
          "residual": 0.003926411129507146,
          "correlation": -0.5853973536724522,
          "performance": {
            "total_time": 0.471324889
          }
        },
        "13": {
          "residual": 0.002310447036357286,
          "correlation": -0.5896653912816955,
          "performance": {
            "total_time": 0.495182303
          }
        },
        "14": {
          "residual": 0.003794704944780514,
          "correlation": -0.5861229270062535,
          "performance": {
            "total_time": 0.481383627
          }
        },
        "15": {
          "residual": 0.002998678614988965,
          "correlation": -0.5916684898344149,
          "performance": {
            "total_time": 0.475516989
          }
        },
        "16": {
          "residual": 0.0002829201204673827,
          "correlation": -0.5907495868245494,
          "performance": {
            "total_time": 0.478045203
          }
        },
        "17": {
          "residual": 0.00014326408028659515,
          "correlation": -0.5907247590000768,
          "performance": {
            "total_time": 0.476811693
          }
        },
        "18": {
          "residual": 8.509638316953404e-05,
          "correlation": -0.5908117834922852,
          "performance": {
            "total_time": 0.470323583
          }
        },
        "19": {
          "residual": 8.264623347041891e-05,
          "correlation": -0.5907585479646391,
          "performance": {
            "total_time": 0.467405039
          }
        },
        "20": {
          "residual": 5.7073494190092054e-05,
          "correlation": -0.5908604627448713,
          "performance": {
            "total_time": 0.49498826
          }
        },
        "21": {
          "residual": 2.574747893459365e-05,
          "correlation": -0.5908413663200668,
          "performance": {
            "total_time": 0.477593693
          }
        },
        "22": {
          "residual": 3.280116629450321e-05,
          "correlation": -0.5908220558328521,
          "performance": {
            "total_time": 0.454177577
          }
        },
        "23": {
          "residual": 2.0268125763544272e-05,
          "correlation": -0.5908611750845613,
          "performance": {
            "total_time": 0.471154971
          }
        },
        "24": {
          "residual": 3.391550778039816e-05,
          "correlation": -0.59082613073926,
          "performance": {
            "total_time": 0.469056107
          }
        },
        "25": {
          "residual": 2.892345788597856e-05,
          "correlation": -0.59087819253199,
          "performance": {
            "total_time": 0.457513744
          }
        },
        "26": {
          "residual": 2.127538473959431e-06,
          "correlation": -0.5908657612793252,
          "performance": {
            "total_time": 0.469426521
          }
        },
        "27": {
          "residual": 1.0127671833114821e-06,
          "correlation": -0.590865385547876,
          "performance": {
            "total_time": 0.467508073
          }
        },
        "28": {
          "residual": 6.760020976975394e-07,
          "correlation": -0.5908662455545582,
          "performance": {
            "total_time": 0.469714046
          }
        },
        "29": {
          "residual": 7.586829368052772e-07,
          "correlation": -0.5908655304200701,
          "performance": {
            "total_time": 0.46079743
          }
        },
        "30": {
          "residual": 6.374424170776285e-07,
          "correlation": -0.5908666464139363,
          "performance": {
            "total_time": 0.478223582
          }
        },
        "31": {
          "residual": 1.8874280311045978e-07,
          "correlation": -0.5908662864749867,