{
  "output": {
    "SCF": {
      "nucl_rep_energy": 8.103026628284569,
      "iter": {
        "1": {
          "energy": -107.98945735192538,
          "e_diff": -107.98945735192538,
          "rmsd": 0.0011908159947755148,
          "performance": {
            "total_time": 0.045427481
          }
        },
        "2": {
          "energy": -107.99140433139188,
          "e_diff": -0.0019469794664956908,
          "rmsd": 0.0004590370044576509,
          "performance": {
            "total_time": 0.046506527
          }
        },
        "3": {
          "energy": -107.99169032120446,
          "e_diff": -0.0002859898125819882,
          "rmsd": 0.0001858602743858185,
          "performance": {
            "total_time": 0.046309329
          }
        },
        "4": {
          "energy": -107.99172571277322,
          "e_diff": -3.539156875831395e-05,
          "rmsd": 8.848705985684822e-06,
          "performance": {
            "total_time": 0.047137423
          }
        },
        "5": {
          "energy": -107.99172586045273,
          "e_diff": -1.4767951483918296e-07,
          "rmsd": 8.061879093710802e-07,
          "performance": {
            "total_time": 0.048261281
          }
        },
        "6": {
          "energy": -107.99172586185222,
          "e_diff": -1.3994849723530933e-09,
          "rmsd": 2.452382571759547e-07,
          "performance": {
            "total_time": 0.049423691
          }
        },
        "7": {
          "energy": -107.99172586192421,
          "e_diff": -7.199218998721335e-11,
          "rmsd": 4.460093174584677e-08,
          "performance": {
            "total_time": 0.050792024
          }
        },
        "8": {
          "energy": -107.99172586191378,
          "e_diff": 1.043076736095827e-11,
          "rmsd": 3.752133138434574e-08,
          "performance": {
            "total_time": 0.051702029
          }
        },
        "9": {
          "energy": -107.99172586192458,
          "e_diff": -1.0800249583553523e-11,
          "rmsd": 2.1604653042895087e-09,
          "performance": {
            "total_time": 0.053249904
          }
        }
      },
      "final_energy": -107.99172586192458,
      "n_iterations": 9
    },
    "CD": {
      "n_cholesky_vectors": 448
    },
    "CCSD": {
      "iter": {
        "1": {
          "residual": 0.7036555929041762,
          "correlation": 0.0,
          "performance": {
            "total_time": 0.569356747
          }
        },
        "2": {
          "residual": 0.6796018373698076,
          "correlation": -1.5203295794543283,
          "performance": {
            "total_time": 0.561281306
          }
        },
        "3": {
          "residual": 1.7742098428321984,
          "correlation": 0.8706100579817044,
          "performance": {
            "total_time": 0.554925139
          }
        },
        "4": {
          "residual": 2.814301859916535,
          "correlation": -5.132542263288668,
          "performance": {
            "total_time": 0.548047268
          }
        },
        "5": {
          "residual": 4.588385056716,
          "correlation": 2.440320123716679,
          "performance": {
            "total_time": 0.541843935
          }
        },
        "6": {
          "residual": 0.1278155085327507,
          "correlation": -0.7964681953150938,
          "performance": {
            "total_time": 0.555660162
          }
        },
        "7": {
          "residual": 0.3182716694849245,
          "correlation": -0.3901538868401201,
          "performance": {
            "total_time": 0.559494715
          }
        },
        "8": {
          "residual": 0.6180976354355793,
          "correlation": -1.4287133740935767,
          "performance": {
            "total_time": 0.556369147
          }
        },
        "9": {
          "residual": 1.4947925407351312,
          "correlation": 0.6512799150351607,
          "performance": {
            "total_time": 0.533860002
          }
        },
        "10": {
          "residual": 2.4249773795134004,
          "correlation": -4.384400140325719,
          "performance": {
            "total_time": 0.555168562
          }
        },
        "11": {
          "residual": 0.04649640592811625,
          "correlation": -0.7469898911388839,
          "performance": {
            "total_time": 0.563060563
          }
        },
        "12": {
          "residual": 0.13286531854327183,
          "correlation": -0.6254724614131056,
          "performance": {
            "total_time": 0.600443695
          }
        },
        "13": {
          "residual": 0.20606100248769119,
          "correlation": -0.9896897784360112,
          "performance": {
            "total_time": 0.594123416
          }
        },
        "14": {
          "residual": 0.5359959096921515,
          "correlation": -0.29479333894307436,
          "performance": {
            "total_time": 0.585428018
          }
        },
        "15": {
          "residual": 1.113120013342328,
          "correlation": -1.9348431095229435,
          "performance": {
            "total_time": 0.57061334
          }
        },
        "16": {
          "residual": 0.04258447156219115,
          "correlation": -0.7769792767743576,
          "performance": {
            "total_time": 0.55103333
          }
        },
        "17": {
          "residual": 0.14392062336818706,
          "correlation": -0.6550722278597387,
          "performance": {
            "total_time": 0.549222754
          }
        },
        "18": {
          "residual": 0.21581299571355925,
          "correlation": -1.0350454293691267,
          "performance": {
            "total_time": 0.557083739
          }
        },
        "19": {
          "residual": 0.5413332474071784,
          "correlation": -0.34069231489162666,
          "performance": {
            "total_time": 0.548705928
          }
        },
        "20": {
          "residual": 1.12417646547524,
          "correlation": -1.9330818090561146,
          "performance": {
            "total_time": 0.543621713
          }
        },
        "21": {
          "residual": 0.03853432361104558,
          "correlation": -0.7898756650206702,
          "performance": {
            "total_time": 0.552463227
          }
        },
        "22": {
          "residual": 0.13014591171199927,
          "correlation": -0.7001524961231524,
          "performance": {
            "total_time": 0.553411923
          }
        },
        "23": {
          "residual": 0.1721559607957249,
          "correlation": -1.0194635218078925,
          "performance": {
            "total_time": 0.556037772
          }
        },
        "24": {
          "residual": 0.4395583635544201,
          "correlation": -0.477328729163628,
          "performance": {
            "total_time": 0.537608994
          }
        },
        "25": {
          "residual": 0.8691233190932213,
          "correlation": -1.708150260272852,
          "performance": {
            "total_time": 0.547368149
          }
        },
        "26": {
          "residual": 0.037268313252854894,
          "correlation": -0.8137186084493161,
          "performance": {
            "total_time": 0.563879846
          }
        },
        "27": {
          "residual": 0.12995481841523696,
          "correlation": -0.7355037692459847,
          "performance": {
            "total_time": 0.550012963
          }
        },
        "28": {
          "residual": 0.1612111510419868,
          "correlation": -1.0416729234314128,
          "performance": {
            "total_time": 0.544660187
          }
        },
        "29": {
          "residual": 0.3975851856282461,
          "correlation": -0.5550014837736119,
          "performance": {
            "total_time": 0.552271381
          }
        },
        "30": {
          "residual": 0.753970951747908,
          "correlation": -1.6246090875489052,