{
  "output": {
    "SCF": {
      "nucl_rep_energy": 11.7862205502321,
      "iter": {
        "1": {
          "energy": -108.2542779331693,
          "e_diff": -108.2542779331693,
          "rmsd": 0.0017883550283820957,
          "performance": {
            "total_time": 0.056683994
          }
        },
        "2": {
          "energy": -108.2593763496116,
          "e_diff": -0.005098416442294251,
          "rmsd": 0.0005192671264076479,
          "performance": {
            "total_time": 0.057189817
          }
        },
        "3": {
          "energy": -108.26006343366048,
          "e_diff": -0.0006870840488772956,
          "rmsd": 0.0002855956836212913,
          "performance": {
            "total_time": 0.057035849
          }
        },
        "4": {
          "energy": -108.26017219441516,
          "e_diff": -0.00010876075468502222,
          "rmsd": 1.2070177413371046e-05,
          "performance": {
            "total_time": 0.057900316
          }
        },
        "5": {
          "energy": -108.26017245425626,
          "e_diff": -2.5984110152421636e-07,
          "rmsd": 1.926832998024548e-06,
          "performance": {
            "total_time": 0.059355001
          }
        },
        "6": {
          "energy": -108.26017246156815,
          "e_diff": -7.3118826549034566e-09,
          "rmsd": 2.2168980980719743e-07,
          "performance": {
            "total_time": 0.05982237
          }
        },
        "7": {
          "energy": -108.26017246163569,
          "e_diff": -6.754419246135512e-11,
          "rmsd": 2.5711092553463978e-08,
          "performance": {
            "total_time": 0.06470785
          }
        },
        "8": {
          "energy": -108.26017246163612,
          "e_diff": -4.263256414560601e-13,
          "rmsd": 2.2460521071476594e-09,
          "performance": {
            "total_time": 0.075259571
          }
        }
      },
      "final_energy": -108.26017246163612,
      "n_iterations": 8
    },
    "CD": {
      "n_cholesky_vectors": 468
    },
    "CCSD": {
      "iter": {
        "1": {
          "residual": 0.6800225222676686,
          "correlation": 0.0,
          "performance": {
            "total_time": 0.297047079
          }
        },
        "2": {
          "residual": 0.3214385532669894,
          "correlation": -0.8885091845172368,
          "performance": {
            "total_time": 0.25984178
          }
        },
        "3": {
          "residual": 0.39631929822515277,
          "correlation": -0.26153826594455254,
          "performance": {
            "total_time": 0.266458918
          }
        },
        "4": {
          "residual": 0.4156653608914985,
          "correlation": -1.0191787204603606,
          "performance": {
            "total_time": 0.265184929
          }
        },
        "5": {
          "residual": 0.499586913290833,
          "correlation": -0.199537322372013,
          "performance": {
            "total_time": 0.264332147
          }
        },
        "6": {
          "residual": 0.03450864678060581,
          "correlation": -0.6447372748304587,
          "performance": {
            "total_time": 0.263402376
          }
        },
        "7": {
          "residual": 0.04967215662218069,
          "correlation": -0.5945563864123148,
          "performance": {
            "total_time": 0.261902692
          }
        },
        "8": {
          "residual": 0.03611092083501547,
          "correlation": -0.6669916413128565,
          "performance": {
            "total_time": 0.262529591
          }
        },
        "9": {
          "residual": 0.056993729641816475,
          "correlation": -0.5992952983651231,
          "performance": {
            "total_time": 0.264720725
          }
        },
        "10": {
          "residual": 0.04610834288453147,
          "correlation": -0.690767982504232,
          "performance": {
            "total_time": 0.265820833
          }
        },
        "11": {
          "residual": 0.012525502418177752,
          "correlation": -0.6800211328968493,
          "performance": {
            "total_time": 0.265507302
          }
        },
        "12": {
          "residual": 0.006556371606841922,
          "correlation": -0.6890637977973629,
          "performance": {
            "total_time": 0.265519639
          }
        },
        "13": {
          "residual": 0.010375745154309855,
          "correlation": -0.6828639000126631,
          "performance": {
            "total_time": 0.266049632
          }
        },
        "14": {
          "residual": 0.005686042017377118,
          "correlation": -0.6947536203045082,
          "performance": {
            "total_time": 0.269598579
          }
        },
        "15": {
          "residual": 0.01021870355099954,
          "correlation": -0.686227567644772,
          "performance": {
            "total_time": 0.266523883
          }
        },
        "16": {
          "residual": 0.002701818359755584,
          "correlation": -0.7018459079416981,
          "performance": {
            "total_time": 0.266262141
          }
        },
        "17": {
          "residual": 0.0032976778174318338,
          "correlation": -0.700722435730196,
          "performance": {
            "total_time": 0.266269805
          }
        },
        "18": {
          "residual": 0.00176634923903012,
          "correlation": -0.704367893365831,
          "performance": {
            "total_time": 0.265280049
          }
        },
        "19": {
          "residual": 0.002950303743538213,
          "correlation": -0.7021656048619834,
          "performance": {
            "total_time": 0.266256633
          }
        },
        "20": {
          "residual": 0.001746232494433538,
          "correlation": -0.7060496122494675,
          "performance": {
            "total_time": 0.265609905
          }
        },
        "21": {
          "residual": 0.000596007050845918,
          "correlation": -0.707132610816203,
          "performance": {
            "total_time": 0.265029466
          }
        },
        "22": {
          "residual": 0.0007240333069464348,
          "correlation": -0.706788329310613,
          "performance": {
            "total_time": 0.264416641
          }
        },
        "23": {
          "residual": 0.0003827218651754959,
          "correlation": -0.7075523872527514,
          "performance": {
            "total_time": 0.26433547
          }
        },
        "24": {
          "residual": 0.0006715149096330078,
          "correlation": -0.7070470404196588,
          "performance": {
            "total_time": 0.269554669
          }
        },
        "25": {
          "residual": 0.00038240444712783447,
          "correlation": -0.7078930840969992,
          "performance": {
            "total_time": 0.26470594
          }
        },
        "26": {
          "residual": 0.00015563198106057418,
          "correlation": -0.7082250058542593,
          "performance": {
            "total_time": 0.267127952
          }
        },
        "27": {
          "residual": 0.00014816241590581852,
          "correlation": -0.708183802425563,
          "performance": {
            "total_time": 0.264348388
          }
        },
        "28": {
          "residual": 7.933004614650197e-05,
          "correlation": -0.7083405536187968,
          "performance": {
            "total_time": 0.263576001
          }
        },
        "29": {
          "residual": 0.00012545930364052477,
          "correlation": -0.7082533003961559,
          "performance": {
            "total_time": 0.263591156
          }
        },
        "30": {
          "residual": 7.221001478838458e-05,
          "correlation": -0.7084145040137441,
          "performance": {
            "total_time": 0.265087001
          }
        },
        "31": {
          "residual": 2.931182307959103e-05,
          "correlation": -0.7084528647931291,