{
  "output": {
    "SCF": {
      "nucl_rep_energy": 11.7862205502321,
      "iter": {
        "1": {
          "energy": -108.25427793316689,
          "e_diff": -108.25427793316689,
          "rmsd": 0.0017883550284708933,
          "performance": {
            "total_time": 0.056131994
          }
        },
        "2": {
          "energy": -108.25937634960941,
          "e_diff": -0.005098416442521625,
          "rmsd": 0.0005192671264278362,
          "performance": {
            "total_time": 0.056373186
          }
        },
        "3": {
          "energy": -108.26006343365817,
          "e_diff": -0.0006870840487636087,
          "rmsd": 0.00028559568359368614,
          "performance": {
            "total_time": 0.056984476
          }
        },
        "4": {
          "energy": -108.2601721944129,
          "e_diff": -0.00010876075472765478,
          "rmsd": 1.20701774068535e-05,
          "performance": {
            "total_time": 0.057651594
          }
        },
        "5": {
          "energy": -108.26017245425399,
          "e_diff": -2.5984108731336164e-07,
          "rmsd": 1.926832995325102e-06,
          "performance": {
            "total_time": 0.058784069
          }
        },
        "6": {
          "energy": -108.26017246156592,
          "e_diff": -7.311925287467602e-09,
          "rmsd": 2.2168980934691274e-07,
          "performance": {
            "total_time": 0.059504242
          }
        },
        "7": {
          "energy": -108.26017246163336,
          "e_diff": -6.744471647834871e-11,
          "rmsd": 2.5711164583020815e-08,
          "performance": {
            "total_time": 0.061386286
          }
        },
        "8": {
          "energy": -108.26017246163384,
          "e_diff": -4.831690603168681e-13,
          "rmsd": 2.2745388247554287e-09,
          "performance": {
            "total_time": 0.061685175
          }
        }
      },
      "final_energy": -108.26017246163384,
      "n_iterations": 8
    },
    "CD": {
      "n_cholesky_vectors": 468
    },
    "CCSD": {
      "iter": {
        "1": {
          "residual": 0.6800225222691938,
          "correlation": 0.0,
          "performance": {
            "total_time": 0.592792367
          }
        },
        "2": {
          "residual": 0.32143855328359117,
          "correlation": -0.8885091845609219,
          "performance": {
            "total_time": 0.466236178
          }
        },
        "3": {
          "residual": 0.3963192982643052,
          "correlation": -0.261538265921805,
          "performance": {
            "total_time": 0.462507302
          }
        },
        "4": {
          "residual": 0.41566536094997425,
          "correlation": -1.0191787205498093,
          "performance": {
            "total_time": 0.462006294
          }
        },
        "5": {
          "residual": 0.4995869133819619,
          "correlation": -0.1995373223083852,
          "performance": {
            "total_time": 0.464028939
          }
        },
        "6": {
          "residual": 0.033937709458492275,
          "correlation": -0.6433402760564508,
          "performance": {
            "total_time": 0.459172944
          }
        },
        "7": {
          "residual": 0.048864758358447204,
          "correlation": -0.5950876601133148,
          "performance": {
            "total_time": 0.465024785
          }
        },
        "8": {
          "residual": 0.03512628808844931,
          "correlation": -0.6656243232836485,
          "performance": {
            "total_time": 0.481260733
          }
        },
        "9": {
          "residual": 0.05574701120494278,
          "correlation": -0.6002252418266334,
          "performance": {
            "total_time": 0.491077789
          }
        },
        "10": {
          "residual": 0.044635486450079656,
          "correlation": -0.6891654453408125,
          "performance": {
            "total_time": 0.487356621
          }
        },
        "11": {
          "residual": 0.012391695008788835,
          "correlation": -0.6797989521043211,
          "performance": {
            "total_time": 0.464233364
          }
        },
        "12": {
          "residual": 0.006614326559334422,
          "correlation": -0.6881281916827148,
          "performance": {
            "total_time": 0.461205055
          }
        },
        "13": {
          "residual": 0.01005237641099935,
          "correlation": -0.6828210763230124,
          "performance": {
            "total_time": 0.467663067
          }
        },
        "14": {
          "residual": 0.0054687797805600714,
          "correlation": -0.6938259055367788,
          "performance": {
            "total_time": 0.484915675
          }
        },
        "15": {
          "residual": 0.009741344868749825,
          "correlation": -0.6863629899810576,
          "performance": {
            "total_time": 0.468829663
          }
        },
        "16": {
          "residual": 0.002728883465077265,
          "correlation": -0.7018345434233433,
          "performance": {
            "total_time": 0.46868167
          }
        },
        "17": {
          "residual": 0.0032918915269304415,
          "correlation": -0.700728923362703,
          "performance": {
            "total_time": 0.465270244
          }
        },
        "18": {
          "residual": 0.0017616956284337434,
          "correlation": -0.7043618847366763,
          "performance": {
            "total_time": 0.466832336
          }
        },
        "19": {
          "residual": 0.002940210561461632,
          "correlation": -0.7021806820744094,
          "performance": {
            "total_time": 0.469162968
          }
        },
        "20": {
          "residual": 0.0017359530667879195,
          "correlation": -0.7060440075703793,
          "performance": {
            "total_time": 0.48558376599999997
          }
        },
        "21": {
          "residual": 0.0005845142927895827,
          "correlation": -0.707209875188411,
          "performance": {
            "total_time": 0.477585322
          }
        },
        "22": {
          "residual": 0.0006761269973038893,
          "correlation": -0.7068992366878921,
          "performance": {
            "total_time": 0.465702718
          }
        },
        "23": {
          "residual": 0.00035761920736778857,
          "correlation": -0.7075976941182036,
          "performance": {
            "total_time": 0.459326032
          }
        },
        "24": {
          "residual": 0.0006214775952461554,
          "correlation": -0.7071418351909201,
          "performance": {
            "total_time": 0.454811824
          }
        },
        "25": {
          "residual": 0.00035039221288597023,
          "correlation": -0.7079158388327176,
          "performance": {
            "total_time": 0.457940006
          }
        },
        "26": {
          "residual": 0.00015260731554993614,
          "correlation": -0.7082157726389168,
          "performance": {
            "total_time": 0.457515944
          }
        },
        "27": {
          "residual": 0.00014973244348291125,
          "correlation": -0.7081747822856792,
          "performance": {
            "total_time": 0.447232545
          }
        },
        "28": {
          "residual": 8.002108589552573e-05,
          "correlation": -0.7083317346046047,
          "performance": {
            "total_time": 0.456677792
          }
        },
        "29": {
          "residual": 0.00012673794424680605,
          "correlation": -0.7082465801226714,
          "performance": {
            "total_time": 0.476849094
          }
        },
        "30": {
          "residual": 7.1935689991062e-05,
          "correlation": -0.7084074277549686,
          "performance": {
            "total_time": 0.45499763
          }
        },
        "31": {
          "residual": 2.9160437469538485e-05,
          "correlation": -0.7084571564973379,