{
  "output": {
    "SCF": {
      "nucl_rep_energy": 9.972955850196394,
      "iter": {
        "1": {
          "energy": -108.12371289846354,
          "e_diff": -108.12371289846354,
          "rmsd": 0.0009208531648030642,
          "performance": {
            "total_time": 0.339756313
          }
        },
        "2": {
          "energy": -108.12756533497132,
          "e_diff": -0.0038524365077847733,
          "rmsd": 0.0002841460155648616,
          "performance": {
            "total_time": 0.340729947
          }
        },
        "3": {
          "energy": -108.12811747956584,
          "e_diff": -0.0005521445945220194,
          "rmsd": 0.0001777098086372956,
          "performance": {
            "total_time": 0.343039627
          }
        },
        "4": {
          "energy": -108.12822122769732,
          "e_diff": -0.00010374813147961959,
          "rmsd": 1.1190876188534266e-05,
          "performance": {
            "total_time": 0.345042803
          }
        },
        "5": {
          "energy": -108.1282216697622,
          "e_diff": -4.420648735958821e-07,
          "rmsd": 1.1781930821236212e-06,
          "performance": {
            "total_time": 0.350410977
          }
        },
        "6": {
          "energy": -108.12822167940867,
          "e_diff": -9.646470289226272e-09,
          "rmsd": 4.549933814981896e-07,
          "performance": {
            "total_time": 0.347202437
          }
        },
        "7": {
          "energy": -108.12822167984739,
          "e_diff": -4.3871750676771626e-10,
          "rmsd": 1.03223834074879e-07,
          "performance": {
            "total_time": 0.349245878
          }
        },
        "8": {
          "energy": -108.12822167983401,
          "e_diff": 1.3372414287005085e-11,
          "rmsd": 2.927742634130877e-08,
          "performance": {
            "total_time": 0.351919427
          }
        },
        "9": {
          "energy": -108.1282216798605,
          "e_diff": -2.6489033189136535e-11,
          "rmsd": 7.151033154479625e-09,
          "performance": {
            "total_time": 0.352436234
          }
        }
      },
      "final_energy": -108.1282216798605,
      "n_iterations": 9
    },
    "CD": {
      "n_cholesky_vectors": 778
    },
    "CCSD": {
      "iter": {
        "1": {
          "residual": 1.0379603245627609,
          "correlation": 0.0,
          "performance": {
            "total_time": 3.194297831
          }
        },
        "2": {
          "residual": 0.4727340616068651,
          "correlation": -1.1856198040774162,
          "performance": {
            "total_time": 2.974580567
          }
        },
        "3": {
          "residual": 0.8273751540142821,
          "correlation": 0.030518393635982702,
          "performance": {
            "total_time": 2.961939268
          }
        },
        "4": {
          "residual": 1.173562556545859,
          "correlation": -2.03784067430726,
          "performance": {
            "total_time": 2.980040616
          }
        },
        "5": {
          "residual": 1.8376919563506051,
          "correlation": 0.8530411840902428,
          "performance": {
            "total_time": 2.961234495
          }
        },
        "6": {
          "residual": 0.09114378492036597,
          "correlation": -0.7975490775902404,
          "performance": {
            "total_time": 2.958165176
          }
        },
        "7": {
          "residual": 0.1700930055713801,
          "correlation": -0.5804045194203253,
          "performance": {
            "total_time": 2.969979426
          }
        },
        "8": {
          "residual": 0.22947949400503928,
          "correlation": -0.9701944753848856,
          "performance": {
            "total_time": 2.955309859
          }
        },
        "9": {
          "residual": 0.4036107662570738,
          "correlation": -0.398026074176301,
          "performance": {
            "total_time": 2.956487313
          }
        },
        "10": {
          "residual": 0.6019135304281072,
          "correlation": -1.3474273929629608,
          "performance": {
            "total_time": 2.957992125
          }
        },
        "11": {
          "residual": 0.030823923520011957,
          "correlation": -0.7835463914251516,
          "performance": {
            "total_time": 2.958019344
          }
        },
        "12": {
          "residual": 0.07455485256641636,
          "correlation": -0.7178840914034772,
          "performance": {
            "total_time": 2.974056532
          }
        },
        "13": {
          "residual": 0.07383103917567532,
          "correlation": -0.8590039680175561,
          "performance": {
            "total_time": 2.953992486
          }
        },
        "14": {
          "residual": 0.14801542494155207,
          "correlation": -0.6790520192495023,
          "performance": {
            "total_time": 2.953637308
          }
        },
        "15": {
          "residual": 0.1900756379540734,
          "correlation": -0.9905157667825377,
          "performance": {
            "total_time": 2.953160866
          }
        },
        "16": {
          "residual": 0.01979261902895077,
          "correlation": -0.8403673462539673,
          "performance": {
            "total_time": 2.956342421
          }
        },
        "17": {
          "residual": 0.037307763381601876,
          "correlation": -0.8263680243990587,
          "performance": {
            "total_time": 2.973721022
          }
        },
        "18": {
          "residual": 0.023715779874702303,
          "correlation": -0.8806327035046886,
          "performance": {
            "total_time": 2.953223301
          }
        },
        "19": {
          "residual": 0.05170400998587283,
          "correlation": -0.833780347372167,
          "performance": {
            "total_time": 2.953422665
          }
        },
        "20": {
          "residual": 0.04889526957801981,
          "correlation": -0.925948687070078,
          "performance": {
            "total_time": 2.95225719
          }
        },
        "21": {
          "residual": 0.008397169403332887,
          "correlation": -0.9346029816029837,
          "performance": {
            "total_time": 2.95293422
          }
        },
        "22": {
          "residual": 0.017062944334463672,
          "correlation": -0.9511493571680122,
          "performance": {
            "total_time": 2.950735469
          }
        },
        "23": {
          "residual": 0.017381163304742816,
          "correlation": -0.9200917828189614,
          "performance": {
            "total_time": 2.949890322
          }
        },
        "24": {
          "residual": 0.024413377691978558,
          "correlation": -0.9536425244989396,
          "performance": {
            "total_time": 2.971125901
          }
        },
        "25": {
          "residual": 0.02775884813239212,
          "correlation": -0.9090086241426072,
          "performance": {
            "total_time": 2.951852514
          }
        },
        "26": {
          "residual": 0.0009894020650884731,
          "correlation": -0.931537363686762,
          "performance": {
            "total_time": 2.954094744
          }
        },
        "27": {
          "residual": 0.0022167945192104925,
          "correlation": -0.9327733360389491,
          "performance": {
            "total_time": 2.95097783
          }
        },
        "28": {
          "residual": 0.0015784656385278756,
          "correlation": -0.9292594564774229,
          "performance": {
            "total_time": 2.951046284
          }
        },
        "29": {
          "residual": 0.002665611555619048,
          "correlation": -0.9322831639151169,
          "performance": {
            "total_time": 2.952214239
          }
        },
        "30": {
          "residual": 0.002645439241128971,
          "correlation": -0.9276023432988182,