{
  "output": {
    "SCF": {
      "nucl_rep_energy": 8.64322840350354,
      "iter": {
        "1": {
          "energy": -108.02308234320685,
          "e_diff": -108.02308234320685,
          "rmsd": 0.0012983865194982082,
          "performance": {
            "total_time": 0.048179275
          }
        },
        "2": {
          "energy": -108.02547120990597,
          "e_diff": -0.002388866699121195,
          "rmsd": 0.00047187272101444126,
          "performance": {
            "total_time": 0.048686547
          }
        },
        "3": {
          "energy": -108.0258217519519,
          "e_diff": -0.00035054204592199767,
          "rmsd": 0.0002141001111638376,
          "performance": {
            "total_time": 0.04885097
          }
        },
        "4": {
          "energy": -108.02586987666263,
          "e_diff": -4.8124710730235165e-05,
          "rmsd": 9.367436217111595e-06,
          "performance": {
            "total_time": 0.052754983
          }
        },
        "5": {
          "energy": -108.02587003948152,
          "e_diff": -1.6281889259062154e-07,
          "rmsd": 8.821699911409104e-07,
          "performance": {
            "total_time": 0.063374904
          }
        },
        "6": {
          "energy": -108.02587004112586,
          "e_diff": -1.6443379990960239e-09,
          "rmsd": 2.709536752502662e-07,
          "performance": {
            "total_time": 0.063831656
          }
        },
        "7": {
          "energy": -108.02587004121014,
          "e_diff": -8.428457931586308e-11,
          "rmsd": 5.053481360523278e-08,
          "performance": {
            "total_time": 0.053814007
          }
        },
        "8": {
          "energy": -108.02587004119812,
          "e_diff": 1.2022383089060895e-11,
          "rmsd": 4.1240473892627896e-08,
          "performance": {
            "total_time": 0.054361291
          }
        },
        "9": {
          "energy": -108.02587004121101,
          "e_diff": -1.2889245226688217e-11,
          "rmsd": 3.3347372199838138e-09,
          "performance": {
            "total_time": 0.055918107
          }
        }
      },
      "final_energy": -108.02587004121101,
      "n_iterations": 9
    },
    "CD": {
      "n_cholesky_vectors": 453
    },
    "CCSD": {
      "iter": {
        "1": {
          "residual": 0.6992911965224318,
          "correlation": 0.0,
          "performance": {
            "total_time": 0.277046485
          }
        },
        "2": {
          "residual": 0.6090654675914193,
          "correlation": -1.3961529750289363,
          "performance": {
            "total_time": 0.250816698
          }
        },
        "3": {
          "residual": 1.4116469017744966,
          "correlation": 0.5761910296894193,
          "performance": {
            "total_time": 0.256749363
          }
        },
        "4": {
          "residual": 2.2341458998307524,
          "correlation": -3.8149475783924025,
          "performance": {
            "total_time": 0.27031563
          }
        },
        "5": {
          "residual": 3.5921532372359475,
          "correlation": 2.367107754136076,
          "performance": {
            "total_time": 0.251731618
          }
        },
        "6": {
          "residual": 0.1416097142405413,
          "correlation": -0.8129033136927348,
          "performance": {
            "total_time": 0.247713322
          }
        },
        "7": {
          "residual": 0.33432855968011815,
          "correlation": -0.37436966342561273,
          "performance": {
            "total_time": 0.249772193
          }
        },
        "8": {
          "residual": 0.5952552671618733,
          "correlation": -1.374902174527722,
          "performance": {
            "total_time": 0.250897634
          }
        },
        "9": {
          "residual": 1.277067562117188,
          "correlation": 0.4543012110639776,
          "performance": {
            "total_time": 0.24798639
          }
        },
        "10": {
          "residual": 2.074579365086753,
          "correlation": -3.4775612437009378,
          "performance": {
            "total_time": 0.249035875
          }
        },
        "11": {
          "residual": 0.04136312055467223,
          "correlation": -0.7367743350224264,
          "performance": {
            "total_time": 0.254621811
          }
        },
        "12": {
          "residual": 0.10786616651068105,
          "correlation": -0.64684720684495,
          "performance": {
            "total_time": 0.253590767
          }
        },
        "13": {
          "residual": 0.1369040417516684,
          "correlation": -0.9039777242845218,
          "performance": {
            "total_time": 0.24492684
          }
        },
        "14": {
          "residual": 0.3412776901733849,
          "correlation": -0.47511112743667927,
          "performance": {
            "total_time": 0.248800473
          }
        },
        "15": {
          "residual": 0.6075449537238793,
          "correlation": -1.4053923994195412,
          "performance": {
            "total_time": 0.253409892
          }
        },
        "16": {
          "residual": 0.03764248909915733,
          "correlation": -0.7903479556354214,
          "performance": {
            "total_time": 0.24976719
          }
        },
        "17": {
          "residual": 0.12777371384656283,
          "correlation": -0.6903164571860497,
          "performance": {
            "total_time": 0.245352063
          }
        },
        "18": {
          "residual": 0.15958991063240738,
          "correlation": -0.9861919217347002,
          "performance": {
            "total_time": 0.253100508
          }
        },
        "19": {
          "residual": 0.368174028545067,
          "correlation": -0.52443932462669,
          "performance": {
            "total_time": 0.250531253
          }
        },
        "20": {
          "residual": 0.6422152411476438,
          "correlation": -1.4713398605515984,
          "performance": {
            "total_time": 0.247786909
          }
        },
        "21": {
          "residual": 0.03368798070173791,
          "correlation": -0.8103661727783718,
          "performance": {
            "total_time": 0.255200522
          }
        },
        "22": {
          "residual": 0.11093441198901616,
          "correlation": -0.7449520854927147,
          "performance": {
            "total_time": 0.245711268
          }
        },
        "23": {
          "residual": 0.117985905848531,
          "correlation": -0.981214560418096,
          "performance": {
            "total_time": 0.246785772
          }
        },
        "24": {
          "residual": 0.27655717114576994,
          "correlation": -0.6514565369708774,
          "performance": {
            "total_time": 0.247509266
          }
        },
        "25": {
          "residual": 0.44093537800503046,
          "correlation": -1.3217553106908229,
          "performance": {
            "total_time": 0.25694577
          }
        },
        "26": {
          "residual": 0.03007989749803148,
          "correlation": -0.8596556078308493,
          "performance": {
            "total_time": 0.264140152
          }
        },
        "27": {
          "residual": 0.10724469427536887,
          "correlation": -0.802628144996595,
          "performance": {
            "total_time": 0.252011056
          }
        },
        "28": {
          "residual": 0.11145643877334256,
          "correlation": -1.0255539720312403,
          "performance": {
            "total_time": 0.246671872
          }
        },
        "29": {
          "residual": 0.2305491434640805,
          "correlation": -0.7400630566513967,
          "performance": {
            "total_time": 0.245051998
          }
        },
        "30": {
          "residual": 0.3435446665575084,
          "correlation": -1.2701915695338397,