{
  "output": {
    "SCF": {
      "nucl_rep_energy": 8.941270762245043,
      "iter": {
        "1": {
          "energy": -108.05247855454475,
          "e_diff": -108.05247855454475,
          "rmsd": 0.0008447757079028103,
          "performance": {
            "total_time": 0.293165021
          }
        },
        "2": {
          "energy": -108.05540474135847,
          "e_diff": -0.00292618681372403,
          "rmsd": 0.00028293021338272016,
          "performance": {
            "total_time": 0.298360521
          }
        },
        "3": {
          "energy": -108.05583903102917,
          "e_diff": -0.00043428967069303326,
          "rmsd": 0.00017160494454468374,
          "performance": {
            "total_time": 0.30031279
          }
        },
        "4": {
          "energy": -108.05591921992664,
          "e_diff": -8.01888974706344e-05,
          "rmsd": 1.1076254522531161e-05,
          "performance": {
            "total_time": 0.302168383
          }
        },
        "5": {
          "energy": -108.05591961533322,
          "e_diff": -3.954065874722801e-07,
          "rmsd": 8.588827685174877e-07,
          "performance": {
            "total_time": 0.302970034
          }
        },
        "6": {
          "energy": -108.05591962150086,
          "e_diff": -6.1676388440901064e-09,
          "rmsd": 5.206239164493549e-07,
          "performance": {
            "total_time": 0.311317614
          }
        },
        "7": {
          "energy": -108.05591962208644,
          "e_diff": -5.855724793946138e-10,
          "rmsd": 1.0702618690314514e-07,
          "performance": {
            "total_time": 0.308012782
          }
        },
        "8": {
          "energy": -108.05591962210111,
          "e_diff": -1.467981292080367e-11,
          "rmsd": 1.4943665235351662e-08,
          "performance": {
            "total_time": 0.308718855
          }
        },
        "9": {
          "energy": -108.05591962210437,
          "e_diff": -3.254285729781259e-12,
          "rmsd": 7.0030491933751674e-09,
          "performance": {
            "total_time": 0.311229864
          }
        }
      },
      "final_energy": -108.05591962210437,
      "n_iterations": 9
    },
    "CD": {
      "n_cholesky_vectors": 775
    },
    "CCSD": {
      "iter": {
        "1": {
          "residual": 1.0429946180801801,
          "correlation": 0.0,
          "performance": {
            "total_time": 3.186698913
          }
        },
        "2": {
          "residual": 0.5798323426570801,
          "correlation": -1.3722798977746358,
          "performance": {
            "total_time": 2.981820821
          }
        },
        "3": {
          "residual": 1.257311876714392,
          "correlation": 0.3861862944096227,
          "performance": {
            "total_time": 2.963168898
          }
        },
        "4": {
          "residual": 1.9723306474621598,
          "correlation": -3.303436145440627,
          "performance": {
            "total_time": 2.979576866
          }
        },
        "5": {
          "residual": 3.223715659334404,
          "correlation": 2.0595318324038616,
          "performance": {
            "total_time": 2.960175179
          }
        },
        "6": {
          "residual": 0.14749987097661052,
          "correlation": -0.8664891986928733,
          "performance": {
            "total_time": 2.955925437
          }
        },
        "7": {
          "residual": 0.32977756210103726,
          "correlation": -0.43007830661503693,
          "performance": {
            "total_time": 2.954747675
          }
        },
        "8": {
          "residual": 0.5670277898554512,
          "correlation": -1.3630989532844038,
          "performance": {
            "total_time": 2.970475161
          }
        },
        "9": {
          "residual": 1.1497698635996645,
          "correlation": 0.27476509356333995,
          "performance": {
            "total_time": 2.954207708
          }
        },
        "10": {
          "residual": 1.8757223750981706,
          "correlation": -3.0464923993078545,
          "performance": {
            "total_time": 2.954561473
          }
        },
        "11": {
          "residual": 0.03878827637156874,
          "correlation": -0.7814614062782149,
          "performance": {
            "total_time": 2.954788718
          }
        },
        "12": {
          "residual": 0.10118704546696183,
          "correlation": -0.69289192684036,
          "performance": {
            "total_time": 2.973007659
          }
        },
        "13": {
          "residual": 0.1274659855257349,
          "correlation": -0.9252649713339477,
          "performance": {
            "total_time": 2.952823532
          }
        },
        "14": {
          "residual": 0.297286910810138,
          "correlation": -0.5513489074130301,
          "performance": {
            "total_time": 2.949625151
          }
        },
        "15": {
          "residual": 0.5038174353293262,
          "correlation": -1.3204852649569634,
          "performance": {
            "total_time": 2.953923043
          }
        },
        "16": {
          "residual": 0.03295929907298571,
          "correlation": -0.8246146738197548,
          "performance": {
            "total_time": 2.951289143
          }
        },
        "17": {
          "residual": 0.10289775651192086,
          "correlation": -0.7469601438824166,
          "performance": {
            "total_time": 2.975006445
          }
        },
        "18": {
          "residual": 0.11939303274216484,
          "correlation": -0.9694112715734711,
          "performance": {
            "total_time": 2.951251297
          }
        },
        "19": {
          "residual": 0.27144256031023606,
          "correlation": -0.6399621599612678,
          "performance": {
            "total_time": 2.950714324
          }
        },
        "20": {
          "residual": 0.43777711190498964,
          "correlation": -1.2974367776689695,
          "performance": {
            "total_time": 2.950824291
          }
        },
        "21": {
          "residual": 0.02883556266350547,
          "correlation": -0.8556532234045585,
          "performance": {
            "total_time": 2.950548108
          }
        },
        "22": {
          "residual": 0.08942834405040913,
          "correlation": -0.804344937878011,
          "performance": {
            "total_time": 2.949917007
          }
        },
        "23": {
          "residual": 0.08971489332303284,
          "correlation": -0.982659843600503,
          "performance": {
            "total_time": 2.952608459
          }
        },
        "24": {
          "residual": 0.2029932410126372,
          "correlation": -0.7477805221746688,
          "performance": {
            "total_time": 2.971682513
          }
        },
        "25": {
          "residual": 0.2999184950331015,
          "correlation": -1.2098599456347163,
          "performance": {
            "total_time": 2.951451446
          }
        },
        "26": {
          "residual": 0.022690212825127305,
          "correlation": -0.9179267892513009,
          "performance": {
            "total_time": 2.949096301
          }
        },
        "27": {
          "residual": 0.07423237027813734,
          "correlation": -0.8806688821547269,
          "performance": {
            "total_time": 2.9467677
          }
        },
        "28": {
          "residual": 0.07200806130224235,
          "correlation": -1.0242525977241828,
          "performance": {
            "total_time": 2.946639295
          }
        },
        "29": {
          "residual": 0.14166791606147408,
          "correlation": -0.8542295344370452,
          "performance": {
            "total_time": 2.948571838
          }
        },
        "30": {
          "residual": 0.19305158467713296,
          "correlation": -1.1568755734605578,