{
  "output": {
    "SCF": {
      "nucl_rep_energy": 17.28645680700708,
      "iter": {
        "1": {
          "energy": -108.69778425645777,
          "e_diff": -108.69778425645777,
          "rmsd": 0.0011378750545542916,
          "performance": {
            "total_time": 0.437924299
          }
        },
        "2": {
          "energy": -108.7084105156205,
          "e_diff": -0.010626259162734186,
          "rmsd": 0.000454199701356499,
          "performance": {
            "total_time": 0.440543975
          }
        },
        "3": {
          "energy": -108.70961143214669,
          "e_diff": -0.0012009165261872567,
          "rmsd": 0.00020632409488901296,
          "performance": {
            "total_time": 0.439369697
          }
        },
        "4": {
          "energy": -108.70978468534496,
          "e_diff": -0.0001732531982696628,
          "rmsd": 1.1849466305897659e-05,
          "performance": {
            "total_time": 0.446315505
          }
        },
        "5": {
          "energy": -108.7097853422652,
          "e_diff": -6.569202497530569e-07,
          "rmsd": 3.3673295398728565e-06,
          "performance": {
            "total_time": 0.442754489
          }
        },
        "6": {
          "energy": -108.70978536787108,
          "e_diff": -2.5605871201150876e-08,
          "rmsd": 8.53399051608481e-07,
          "performance": {
            "total_time": 0.445688624
          }
        },
        "7": {
          "energy": -108.70978536889851,
          "e_diff": -1.0274305850543897e-09,
          "rmsd": 1.0686048976135717e-07,
          "performance": {
            "total_time": 0.444870738
          }
        },
        "8": {
          "energy": -108.70978536891285,
          "e_diff": -1.4338752407638822e-11,
          "rmsd": 8.032358190793669e-09,
          "performance": {
            "total_time": 0.449854185
          }
        }
      },
      "final_energy": -108.70978536891285,
      "n_iterations": 8
    },
    "CD": {
      "n_cholesky_vectors": 815
    },
    "CCSD": {
      "iter": {
        "1": {
          "residual": 1.032808683189343,
          "correlation": 0.0,
          "performance": {
            "total_time": 3.348055758
          }
        },
        "2": {
          "residual": 0.17914789560251676,
          "correlation": -0.612024076907242,
          "performance": {
            "total_time": 3.103050951
          }
        },
        "3": {
          "residual": 0.12276853024981425,
          "correlation": -0.4496735941185489,
          "performance": {
            "total_time": 3.118250073
          }
        },
        "4": {
          "residual": 0.07096778945039223,
          "correlation": -0.5749822592670689,
          "performance": {
            "total_time": 3.099330416
          }
        },
        "5": {
          "residual": 0.050978502248018163,
          "correlation": -0.500713089181858,
          "performance": {
            "total_time": 3.0981935
          }
        },
        "6": {
          "residual": 0.006028408048733229,
          "correlation": -0.5347939855371164,
          "performance": {
            "total_time": 3.120472876
          }
        },
        "7": {
          "residual": 0.0035973657691941697,
          "correlation": -0.533291670477733,
          "performance": {
            "total_time": 3.097422893
          }
        },
        "8": {
          "residual": 0.0020610661495738167,
          "correlation": -0.5346041514745762,
          "performance": {
            "total_time": 3.09783523
          }
        },
        "9": {
          "residual": 0.0015680081380053535,
          "correlation": -0.5342695504667356,
          "performance": {
            "total_time": 3.098930103
          }
        },
        "10": {
          "residual": 0.0009381120304590079,
          "correlation": -0.5348702672063305,
          "performance": {
            "total_time": 3.110402975
          }
        },
        "11": {
          "residual": 0.00014495575817833063,
          "correlation": -0.5351462623206747,
          "performance": {
            "total_time": 3.101225788
          }
        },
        "12": {
          "residual": 5.0246677441303805e-05,
          "correlation": -0.5351455304070405,
          "performance": {
            "total_time": 3.096671376
          }
        },
        "13": {
          "residual": 2.3135877320143404e-05,
          "correlation": -0.535156828582085,
          "performance": {
            "total_time": 3.094768498
          }
        },
        "14": {
          "residual": 1.2365913465539774e-05,
          "correlation": -0.5351544363008274,
          "performance": {
            "total_time": 3.092117833
          }
        },
        "15": {
          "residual": 6.844370320116029e-06,
          "correlation": -0.5351581889179821,
          "performance": {
            "total_time": 3.112984366
          }
        },
        "16": {
          "residual": 3.2147260264262554e-06,
          "correlation": -0.5351589385493937,
          "performance": {
            "total_time": 3.0985058
          }
        },
        "17": {
          "residual": 2.0809652480331734e-06,
          "correlation": -0.5351575748462488,
          "performance": {
            "total_time": 3.092767938
          }
        },
        "18": {
          "residual": 1.135259960758451e-06,
          "correlation": -0.5351587399334812,
          "performance": {
            "total_time": 3.092662857
          }
        },
        "19": {
          "residual": 9.150232854108001e-07,
          "correlation": -0.5351582220821752,
          "performance": {
            "total_time": 3.092657334
          }
        },
        "20": {
          "residual": 5.08232190861405e-07,
          "correlation": -0.5351587438740688,
          "performance": {
            "total_time": 3.093170194
          }
        },
        "21": {
          "residual": 8.590405759288118e-08,
          "correlation": -0.5351587766038606,
          "performance": {
            "total_time": 3.098664497
          }
        },
        "22": {
          "residual": 3.540093809390671e-08,
          "correlation": -0.5351587801075901,
          "performance": {
            "total_time": 3.113840584
          }
        },
        "23": {
          "residual": 1.4397354459078548e-08,
          "correlation": -0.5351587907898526,
          "performance": {
            "total_time": 3.091775049
          }
        },
        "24": {
          "residual": 9.07379997932577e-09,
          "correlation": -0.5351587893792836,
          "performance": {
            "total_time": 3.091456446
          }
        }
      },
      "n_iterations": 24,
      "final_energy": {
        "correlation": -0.5351587893792836,
        "total": -109.24494415829213
      }
    },
    "DUCC": {
      "performance": {
        "total_time": 38.146008206999994
      },
      "results": {
        "X1": -26.899209957329525,
        "X2": -6.467587692581448e-16,
        "X3": -6.650319182455121,
        "X4": -2.369162137773752e-22,
        "X5": -1.1479437019748901e-41,
        "X6": 0.0,
        "X7": -0.5837989576429492,
        "X8": 7.686742445052799e-33,
        "X9": 2.3744985886610208e-35
      }
    }
  },
  "input": {
    "molecule": {
      "name": "N2_1.5",
      "basisset": "cc-pvqz",
      "geometry_units": "angstrom"
    },
    "SCF": {
      "tol_int": 1e-22,
      "tol_sch": 1e-10,
      "tol_lindep": 1e-05,
      "conve": 1e-09,
      "convd": 1e-08,
      "diis_hist": 10,
      "AO_tilesize": 30,
      "force_tilesize": "false",
      "scf_type": "restricted",
      "multiplicity": 1,
      "lambdas": [],
      "polvecs": [],
      "omegas": [],
      "volumes": []
    },
    "CD": {
      "diagtol": 1e-06,
      "itilesize": 1000,
      "write_cv": false,
      "write_vcount": 5000,
      "max_cvecs_factor": 12
    },
    "CCSD": {
      "threshold": 1e-08,