{
  "output": {
    "SCF": {
      "nucl_rep_energy": 7.62637800309136,
      "iter": {
        "1": {
          "energy": -107.97263429554974,
          "e_diff": -107.97263429554974,
          "rmsd": 0.000732611751973763,
          "performance": {
            "total_time": 0.23974506
          }
        },
        "2": {
          "energy": -107.97445998876479,
          "e_diff": -0.0018256932150535476,
          "rmsd": 0.00028541990923354796,
          "performance": {
            "total_time": 0.244857341
          }
        },
        "3": {
          "energy": -107.97474043412778,
          "e_diff": -0.0002804453629892123,
          "rmsd": 0.00013967905724095192,
          "performance": {
            "total_time": 0.246316903
          }
        },
        "4": {
          "energy": -107.97478404010523,
          "e_diff": -4.3605977452898514e-05,
          "rmsd": 1.0891045784658625e-05,
          "performance": {
            "total_time": 0.249450111
          }
        },
        "5": {
          "energy": -107.97478437805717,
          "e_diff": -3.379519313284618e-07,
          "rmsd": 6.335430692497199e-07,
          "performance": {
            "total_time": 0.24863632
          }
        },
        "6": {
          "energy": -107.97478438168096,
          "e_diff": -3.6237963740859414e-09,
          "rmsd": 6.572714867480609e-07,
          "performance": {
            "total_time": 0.250195412
          }
        },
        "7": {
          "energy": -107.97478437623374,
          "e_diff": 5.447219564302941e-09,
          "rmsd": 4.115668427731153e-07,
          "performance": {
            "total_time": 0.258283657
          }
        },
        "8": {
          "energy": -107.97478438227975,
          "e_diff": -6.0460081385826925e-09,
          "rmsd": 8.981438476768252e-08,
          "performance": {
            "total_time": 0.257222837
          }
        },
        "9": {
          "energy": -107.97478438229653,
          "e_diff": -1.6783019418653566e-11,
          "rmsd": 4.997451154937458e-09,
          "performance": {
            "total_time": 0.256886049
          }
        }
      },
      "final_energy": -107.97478438229653,
      "n_iterations": 9
    },
    "CD": {
      "n_cholesky_vectors": 760
    },
    "CCSD": {
      "iter": {
        "1": {
          "residual": 1.0504508827493326,
          "correlation": 0.0,
          "performance": {
            "total_time": 3.085010672
          }
        },
        "2": {
          "residual": 0.7515106535338559,
          "correlation": -1.6723671637511137,
          "performance": {
            "total_time": 2.876565202
          }
        },
        "3": {
          "residual": 2.175809952161094,
          "correlation": 1.1204977156727391,
          "performance": {
            "total_time": 2.867404511
          }
        },
        "4": {
          "residual": 3.373638554044184,
          "correlation": -6.718546770445219,
          "performance": {
            "total_time": 2.867723511
          }
        },
        "5": {
          "residual": 4.935893728470281,
          "correlation": 1.3449772027729048,
          "performance": {
            "total_time": 2.892007695
          }
        },
        "6": {
          "residual": 0.23240892603343233,
          "correlation": -0.9963185214166526,
          "performance": {
            "total_time": 2.858131934
          }
        },
        "7": {
          "residual": 0.6690668376060567,
          "correlation": -0.11427137174403068,
          "performance": {
            "total_time": 2.852705272
          }
        },
        "8": {
          "residual": 1.4153145760354373,
          "correlation": -2.509687685570008,
          "performance": {
            "total_time": 2.885696592
          }
        },
        "9": {
          "residual": 3.4616513924921932,
          "correlation": 2.3041047281284635,
          "performance": {
            "total_time": 2.850373151
          }
        },
        "10": {
          "residual": 19.259107900378048,
          "correlation": -10.659900754828795,
          "performance": {
            "total_time": 2.850502295
          }
        },
        "11": {
          "residual": 0.06019220621768026,
          "correlation": -0.7529385772698255,
          "performance": {
            "total_time": 2.856748078
          }
        },
        "12": {
          "residual": 0.056350233924260515,
          "correlation": -0.7673434499670749,
          "performance": {
            "total_time": 2.855235888
          }
        },
        "13": {
          "residual": 0.04249941781110344,
          "correlation": -0.8368995572371375,
          "performance": {
            "total_time": 2.868905014
          }
        },
        "14": {
          "residual": 0.11010069509605928,
          "correlation": -0.7670377833195176,
          "performance": {
            "total_time": 2.855101721
          }
        },
        "15": {
          "residual": 0.15126994677135472,
          "correlation": -1.0427402779812913,
          "performance": {
            "total_time": 2.854167046
          }
        },
        "16": {
          "residual": 0.04618913116339859,
          "correlation": -0.8892681522105471,
          "performance": {
            "total_time": 2.852903974
          }
        },
        "17": {
          "residual": 0.11501662871726491,
          "correlation": -0.8330576291910083,
          "performance": {
            "total_time": 2.856513635
          }
        },
        "18": {
          "residual": 0.13986165570190506,
          "correlation": -1.1006341694134276,
          "performance": {
            "total_time": 2.875788698
          }
        },
        "19": {
          "residual": 0.36549074773159757,
          "correlation": -0.6723966912141007,
          "performance": {
            "total_time": 2.853284312
          }
        },
        "20": {
          "residual": 0.7351683188320017,
          "correlation": -1.6813191463624815,
          "performance": {
            "total_time": 2.881057604
          }
        },
        "21": {
          "residual": 0.030188195784069866,
          "correlation": -1.0030486396478513,
          "performance": {
            "total_time": 2.850587434
          }
        },
        "22": {
          "residual": 0.1369954834902302,
          "correlation": -0.9170996828910828,
          "performance": {
            "total_time": 2.855303764
          }
        },
        "23": {
          "residual": 0.2025289387508348,
          "correlation": -1.253490420632209,
          "performance": {
            "total_time": 2.853140641
          }
        },
        "24": {
          "residual": 0.35072961641260286,
          "correlation": -0.7448121836507157,
          "performance": {
            "total_time": 2.849074274
          }
        },
        "25": {
          "residual": 0.6372280237187619,
          "correlation": -1.6264457019155152,
          "performance": {
            "total_time": 2.865185522
          }
        },
        "26": {
          "residual": 0.022638875927818908,
          "correlation": -1.0263280340605907,
          "performance": {
            "total_time": 2.85206066
          }
        },
        "27": {
          "residual": 0.09369506612103368,
          "correlation": -0.9872634780626768,
          "performance": {
            "total_time": 2.845251315
          }
        },
        "28": {
          "residual": 0.1274691100211374,
          "correlation": -1.2078801499524265,
          "performance": {
            "total_time": 2.8493694
          }
        },
        "29": {
          "residual": 0.21296042866684134,
          "correlation": -0.8989519261869158,
          "performance": {
            "total_time": 2.853562818
          }
        },
        "30": {
          "residual": 0.3411228120995024,
          "correlation": -1.4007736165139655,