{
  "output": {
    "SCF": {
      "nucl_rep_energy": 9.972955850196394,
      "iter": {
        "1": {
          "energy": -108.12371289846396,
          "e_diff": -108.12371289846396,
          "rmsd": 0.0009208531647274472,
          "performance": {
            "total_time": 0.341787981
          }
        },
        "2": {
          "energy": -108.12756533497165,
          "e_diff": -0.0038524365076852973,
          "rmsd": 0.0002841460155650772,
          "performance": {
            "total_time": 0.346627106
          }
        },
        "3": {
          "energy": -108.12811747956582,
          "e_diff": -0.000552144594166748,
          "rmsd": 0.00017770980865710971,
          "performance": {
            "total_time": 0.346966876
          }
        },
        "4": {
          "energy": -108.12822122769751,
          "e_diff": -0.00010374813169278241,
          "rmsd": 1.1190876191838266e-05,
          "performance": {
            "total_time": 0.3486523
          }
        },
        "5": {
          "energy": -108.12822166976231,
          "e_diff": -4.420648025416085e-07,
          "rmsd": 1.1781930167947476e-06,
          "performance": {
            "total_time": 0.355540183
          }
        },
        "6": {
          "energy": -108.12822167940875,
          "e_diff": -9.646441867516842e-09,
          "rmsd": 4.549838514196326e-07,
          "performance": {
            "total_time": 0.350209975
          }
        },
        "7": {
          "energy": -108.1282216798478,
          "e_diff": -4.390443564261659e-10,
          "rmsd": 1.0217821172477175e-07,
          "performance": {
            "total_time": 0.353044498
          }
        },
        "8": {
          "energy": -108.1282216798605,
          "e_diff": -1.2704504115390591e-11,
          "rmsd": 1.0547618469919687e-08,
          "performance": {
            "total_time": 0.355087718
          }
        },
        "9": {
          "energy": -108.12822167985883,
          "e_diff": 1.6768808563938364e-12,
          "rmsd": 7.79868177555963e-09,
          "performance": {
            "total_time": 0.357604586
          }
        }
      },
      "final_energy": -108.12822167985883,
      "n_iterations": 9
    },
    "CD": {
      "n_cholesky_vectors": 778
    },
    "CCSD": {
      "iter": {
        "1": {
          "residual": 1.0379603245635576,
          "correlation": 0.0,
          "performance": {
            "total_time": 3.744039237
          }
        },
        "2": {
          "residual": 0.4727340616139099,
          "correlation": -1.1856198040913126,
          "performance": {
            "total_time": 3.22182402
          }
        },
        "3": {
          "residual": 0.8273751540380114,
          "correlation": 0.030518393655687287,
          "performance": {
            "total_time": 3.233044463
          }
        },
        "4": {
          "residual": 1.1735625565897243,
          "correlation": -2.037840674372152,
          "performance": {
            "total_time": 3.251014429
          }
        },
        "5": {
          "residual": 1.8376919564259055,
          "correlation": 0.8530411841592073,
          "performance": {
            "total_time": 3.310255488
          }
        },
        "6": {
          "residual": 0.08929536549654629,
          "correlation": -0.7950333445379748,
          "performance": {
            "total_time": 3.251775165
          }
        },
        "7": {
          "residual": 0.16688466313383687,
          "correlation": -0.5831333077767967,
          "performance": {
            "total_time": 3.235552828
          }
        },
        "8": {
          "residual": 0.22431018824842605,
          "correlation": -0.9649561250798588,
          "performance": {
            "total_time": 3.23957617
          }
        },
        "9": {
          "residual": 0.3955350088936821,
          "correlation": -0.40508813930282334,
          "performance": {
            "total_time": 3.240944365
          }
        },
        "10": {
          "residual": 0.5891724732461325,
          "correlation": -1.3348419991741858,
          "performance": {
            "total_time": 3.253349
          }
        },
        "11": {
          "residual": 0.03050720874225933,
          "correlation": -0.7828840586613766,
          "performance": {
            "total_time": 3.317926322
          }
        },
        "12": {
          "residual": 0.07306271368982371,
          "correlation": -0.7197629533574784,
          "performance": {
            "total_time": 3.235715213
          }
        },
        "13": {
          "residual": 0.07136299010758337,
          "correlation": -0.8570070610921979,
          "performance": {
            "total_time": 3.242547107
          }
        },
        "14": {
          "residual": 0.1439954652474216,
          "correlation": -0.6831387022310336,
          "performance": {
            "total_time": 3.237612631
          }
        },
        "15": {
          "residual": 0.18365733000644316,
          "correlation": -0.9851663287058795,
          "performance": {
            "total_time": 3.233356304
          }
        },
        "16": {
          "residual": 0.019694348392910278,
          "correlation": -0.842583547855457,
          "performance": {
            "total_time": 3.234863144
          }
        },
        "17": {
          "residual": 0.03677118915592861,
          "correlation": -0.8287333828761353,
          "performance": {
            "total_time": 3.230839336
          }
        },
        "18": {
          "residual": 0.0233280183240398,
          "correlation": -0.8821661216738828,
          "performance": {
            "total_time": 3.154553477
          }
        },
        "19": {
          "residual": 0.05062745228788367,
          "correlation": -0.8362848111975968,
          "performance": {
            "total_time": 3.147868496
          }
        },
        "20": {
          "residual": 0.04775289194788223,
          "correlation": -0.9263580062569323,
          "performance": {
            "total_time": 3.146842345
          }
        },
        "21": {
          "residual": 0.00785402858425493,
          "correlation": -0.9347329626282216,
          "performance": {
            "total_time": 3.14033951
          }
        },
        "22": {
          "residual": 0.016202096775258558,
          "correlation": -0.9502604151634996,
          "performance": {
            "total_time": 3.150252275
          }
        },
        "23": {
          "residual": 0.01636444920891884,
          "correlation": -0.9208525092400728,
          "performance": {
            "total_time": 3.165776765
          }
        },
        "24": {
          "residual": 0.02308597934386827,
          "correlation": -0.9524657136939149,
          "performance": {
            "total_time": 3.153276788
          }
        },
        "25": {
          "residual": 0.026173921213222734,
          "correlation": -0.9102896033356547,
          "performance": {
            "total_time": 3.151379233
          }
        },
        "26": {
          "residual": 0.0009615530635184895,
          "correlation": -0.9314474935554147,
          "performance": {
            "total_time": 3.142366631
          }
        },
        "27": {
          "residual": 0.002097717628038007,
          "correlation": -0.9325825123656122,
          "performance": {
            "total_time": 3.143250357
          }
        },
        "28": {
          "residual": 0.00147366752945595,
          "correlation": -0.9292780331770755,
          "performance": {
            "total_time": 3.138531943
          }
        },
        "29": {
          "residual": 0.002505544770012603,
          "correlation": -0.9320980605674312,
          "performance": {
            "total_time": 3.15399111
          }
        },
        "30": {
          "residual": 0.002472383262530025,
          "correlation": -0.9277068584271831,