{
  "output": {
    "SCF": {
      "nucl_rep_energy": 14.4053806725059,
      "iter": {
        "1": {
          "energy": -108.47558750226833,
          "e_diff": -108.47558750226833,
          "rmsd": 0.0011051836206408736,
          "performance": {
            "total_time": 0.43664685
          }
        },
        "2": {
          "energy": -108.48384540280452,
          "e_diff": -0.008257900536193574,
          "rmsd": 0.00037466305455455034,
          "performance": {
            "total_time": 0.433459766
          }
        },
        "3": {
          "energy": -108.48490258630461,
          "e_diff": -0.0010571835000945384,
          "rmsd": 0.00019671765634009632,
          "performance": {
            "total_time": 0.437273563
          }
        },
        "4": {
          "energy": -108.48508176572442,
          "e_diff": -0.0001791794198027219,
          "rmsd": 1.2327388769076767e-05,
          "performance": {
            "total_time": 0.448401751
          }
        },
        "5": {
          "energy": -108.48508242033735,
          "e_diff": -6.546129327489325e-07,
          "rmsd": 2.5221031920609805e-06,
          "performance": {
            "total_time": 0.440342324
          }
        },
        "6": {
          "energy": -108.48508243897732,
          "e_diff": -1.8639966015143727e-08,
          "rmsd": 5.863431088907798e-07,
          "performance": {
            "total_time": 0.439038461
          }
        },
        "7": {
          "energy": -108.48508243962229,
          "e_diff": -6.449738521041581e-10,
          "rmsd": 1.5632830957940953e-07,
          "performance": {
            "total_time": 0.443710453
          }
        },
        "8": {
          "energy": -108.48508243965017,
          "e_diff": -2.788169695122633e-11,
          "rmsd": 8.462666835048505e-09,
          "performance": {
            "total_time": 0.444629603
          }
        }
      },
      "final_energy": -108.48508243965017,
      "n_iterations": 8
    },
    "CD": {
      "n_cholesky_vectors": 808
    },
    "CCSD": {
      "iter": {
        "1": {
          "residual": 1.0291232698103194,
          "correlation": 0.0,
          "performance": {
            "total_time": 3.895199549
          }
        },
        "2": {
          "residual": 0.2866680550765868,
          "correlation": -0.8017854356533766,
          "performance": {
            "total_time": 3.402481436
          }
        },
        "3": {
          "residual": 0.3182882104287846,
          "correlation": -0.34373926202317967,
          "performance": {
            "total_time": 3.444960968
          }
        },
        "4": {
          "residual": 0.31819198400066045,
          "correlation": -0.8594244850155177,
          "performance": {
            "total_time": 3.40051842
          }
        },
        "5": {
          "residual": 0.35007274741854494,
          "correlation": -0.332472768242335,
          "performance": {
            "total_time": 3.416325242
          }
        },
        "6": {
          "residual": 0.01884437245510515,
          "correlation": -0.6111315445225995,
          "performance": {
            "total_time": 3.436042593
          }
        },
        "7": {
          "residual": 0.02166718255385538,
          "correlation": -0.5876672382913475,
          "performance": {
            "total_time": 3.455885658
          }
        },
        "8": {
          "residual": 0.017089139354573537,
          "correlation": -0.6166518655485577,
          "performance": {
            "total_time": 3.483716149
          }
        },
        "9": {
          "residual": 0.02153034135863724,
          "correlation": -0.5894764974766976,
          "performance": {
            "total_time": 3.46685891
          }
        },
        "10": {
          "residual": 0.01926025311094187,
          "correlation": -0.6215443173433478,
          "performance": {
            "total_time": 3.513830724
          }
        },
        "11": {
          "residual": 0.001687444395296751,
          "correlation": -0.6091946766008215,
          "performance": {
            "total_time": 3.553344478
          }
        },
        "12": {
          "residual": 0.0010057408258071364,
          "correlation": -0.6090461727062385,
          "performance": {
            "total_time": 3.259144966
          }
        },
        "13": {
          "residual": 0.0005484090096232174,
          "correlation": -0.609709330476628,
          "performance": {
            "total_time": 3.235828411
          }
        },
        "14": {
          "residual": 0.0006374826055472451,
          "correlation": -0.6093324985405791,
          "performance": {
            "total_time": 3.193652523
          }
        },
        "15": {
          "residual": 0.00038346381508897576,
          "correlation": -0.6099766446704705,
          "performance": {
            "total_time": 3.357566632
          }
        },
        "16": {
          "residual": 0.00013366191400354264,
          "correlation": -0.6099710542619093,
          "performance": {
            "total_time": 3.170236297
          }
        },
        "17": {
          "residual": 6.557197707556839e-05,
          "correlation": -0.6099601183606058,
          "performance": {
            "total_time": 3.166668789
          }
        },
        "18": {
          "residual": 4.13904070480519e-05,
          "correlation": -0.6100039069257496,
          "performance": {
            "total_time": 3.156995492
          }
        },
        "19": {
          "residual": 3.942899697706377e-05,
          "correlation": -0.6099788097402282,
          "performance": {
            "total_time": 3.15836031
          }
        },
        "20": {
          "residual": 2.5918527572622587e-05,
          "correlation": -0.6100213172740814,
          "performance": {
            "total_time": 3.152788476
          }
        },
        "21": {
          "residual": 1.0807272059326234e-05,
          "correlation": -0.6100166033887594,
          "performance": {
            "total_time": 3.15351931
          }
        },
        "22": {
          "residual": 1.0168369393214366e-05,
          "correlation": -0.6100112086395059,
          "performance": {
            "total_time": 3.161172113
          }
        },
        "23": {
          "residual": 5.802455087873009e-06,
          "correlation": -0.6100207455713917,
          "performance": {
            "total_time": 3.16250513
          }
        },
        "24": {
          "residual": 7.979897276078624e-06,
          "correlation": -0.6100134906235607,
          "performance": {
            "total_time": 3.181768219
          }
        },
        "25": {
          "residual": 5.599680061852055e-06,
          "correlation": -0.6100234553917433,
          "performance": {
            "total_time": 3.157629932
          }
        },
        "26": {
          "residual": 8.544959107817596e-07,
          "correlation": -0.610021605077591,
          "performance": {
            "total_time": 3.149222334
          }
        },
        "27": {
          "residual": 3.507755442136147e-07,
          "correlation": -0.6100215675344082,
          "performance": {
            "total_time": 3.157796015
          }
        },
        "28": {
          "residual": 2.2213142734629754e-07,
          "correlation": -0.6100217519279775,
          "performance": {
            "total_time": 3.186992191
          }
        },
        "29": {
          "residual": 1.7305086992398923e-07,
          "correlation": -0.6100216513975869,
          "performance": {
            "total_time": 3.185613702
          }
        },
        "30": {
          "residual": 1.155901158779292e-07,
          "correlation": -0.6100218280734561,
          "performance": {
            "total_time": 3.231860405
          }
        },
        "31": {
          "residual": 4.957132262486845e-08,
          "correlation": -0.6100218021482763,