{
  "output": {
    "SCF": {
      "nucl_rep_energy": 17.28645680700708,
      "iter": {
        "1": {
          "energy": -108.69778425645762,
          "e_diff": -108.69778425645762,
          "rmsd": 0.0011378750545865983,
          "performance": {
            "total_time": 0.44381222
          }
        },
        "2": {
          "energy": -108.70841051562047,
          "e_diff": -0.010626259162847873,
          "rmsd": 0.00045419970136353026,
          "performance": {
            "total_time": 0.445949131
          }
        },
        "3": {
          "energy": -108.70961143214667,
          "e_diff": -0.0012009165262014676,
          "rmsd": 0.00020632409487589045,
          "performance": {
            "total_time": 0.44775649
          }
        },
        "4": {
          "energy": -108.70978468534497,
          "e_diff": -0.0001732531982980845,
          "rmsd": 1.1849466312072289e-05,
          "performance": {
            "total_time": 0.450603691
          }
        },
        "5": {
          "energy": -108.70978534226526,
          "e_diff": -6.56920292385621e-07,
          "rmsd": 3.367329547978574e-06,
          "performance": {
            "total_time": 0.444208425
          }
        },
        "6": {
          "energy": -108.70978536787115,
          "e_diff": -2.560588541200559e-08,
          "rmsd": 8.533990613195158e-07,
          "performance": {
            "total_time": 0.448263955
          }
        },
        "7": {
          "energy": -108.7097853688986,
          "e_diff": -1.0274447959091049e-09,
          "rmsd": 1.0686048681657185e-07,
          "performance": {
            "total_time": 0.450203867
          }
        },
        "8": {
          "energy": -108.70978536891288,
          "e_diff": -1.4281908988778014e-11,
          "rmsd": 8.032349095879037e-09,
          "performance": {
            "total_time": 0.448977157
          }
        }
      },
      "final_energy": -108.70978536891288,
      "n_iterations": 8
    },
    "CD": {
      "n_cholesky_vectors": 815
    },
    "CCSD": {
      "iter": {
        "1": {
          "residual": 1.0328086831893042,
          "correlation": 0.0,
          "performance": {
            "total_time": 3.771179466
          }
        },
        "2": {
          "residual": 0.17914789560250424,
          "correlation": -0.6120240769072256,
          "performance": {
            "total_time": 3.289797471
          }
        },
        "3": {
          "residual": 0.12276853024980658,
          "correlation": -0.44967359411853963,
          "performance": {
            "total_time": 3.305862092
          }
        },
        "4": {
          "residual": 0.07096778945038487,
          "correlation": -0.5749822592670452,
          "performance": {
            "total_time": 3.274677304
          }
        },
        "5": {
          "residual": 0.050978502248013015,
          "correlation": -0.5007130891818432,
          "performance": {
            "total_time": 3.32635162
          }
        },
        "6": {
          "residual": 0.005967205930891526,
          "correlation": -0.5344942393374775,
          "performance": {
            "total_time": 3.296069613
          }
        },
        "7": {
          "residual": 0.0037010015608709306,
          "correlation": -0.5332174785229663,
          "performance": {
            "total_time": 3.276097458
          }
        },
        "8": {
          "residual": 0.0021563841526947023,
          "correlation": -0.5345136954579406,
          "performance": {
            "total_time": 3.268487532
          }
        },
        "9": {
          "residual": 0.0016245615918602167,
          "correlation": -0.534246987689986,
          "performance": {
            "total_time": 3.359411762
          }
        },
        "10": {
          "residual": 0.000982652796950864,
          "correlation": -0.5348345574625413,
          "performance": {
            "total_time": 3.322715384
          }
        },
        "11": {
          "residual": 0.000141835409755768,
          "correlation": -0.5351485497625526,
          "performance": {
            "total_time": 3.40138267
          }
        },
        "12": {
          "residual": 5.241380506848249e-05,
          "correlation": -0.5351459676616468,
          "performance": {
            "total_time": 3.395325179
          }
        },
        "13": {
          "residual": 2.6079044493803606e-05,
          "correlation": -0.535157226147652,
          "performance": {
            "total_time": 3.401158078
          }
        },
        "14": {
          "residual": 1.432546298134021e-05,
          "correlation": -0.535154231403024,
          "performance": {
            "total_time": 3.406639712
          }
        },
        "15": {
          "residual": 8.185564330727026e-06,
          "correlation": -0.5351581392299879,
          "performance": {
            "total_time": 3.414310172
          }
        },
        "16": {
          "residual": 3.3940506879636365e-06,
          "correlation": -0.5351587841949437,
          "performance": {
            "total_time": 3.42243429
          }
        },
        "17": {
          "residual": 2.218696303596235e-06,
          "correlation": -0.5351574437415131,
          "performance": {
            "total_time": 3.237812095
          }
        },
        "18": {
          "residual": 1.2081993270577612e-06,
          "correlation": -0.5351586891831833,
          "performance": {
            "total_time": 3.202182885
          }
        },
        "19": {
          "residual": 9.790498716292333e-07,
          "correlation": -0.5351581736128909,
          "performance": {
            "total_time": 3.237468204
          }
        },
        "20": {
          "residual": 5.429183944066849e-07,
          "correlation": -0.5351587248601948,
          "performance": {
            "total_time": 3.204780499
          }
        },
        "21": {
          "residual": 8.974222996693117e-08,
          "correlation": -0.5351587781506382,
          "performance": {
            "total_time": 3.192917272
          }
        },
        "22": {
          "residual": 3.5822460135842217e-08,
          "correlation": -0.5351587820323555,
          "performance": {
            "total_time": 3.161436387
          }
        },
        "23": {
          "residual": 1.493190914151262e-08,
          "correlation": -0.5351587909217825,
          "performance": {
            "total_time": 3.162759456
          }
        },
        "24": {
          "residual": 8.81833655668721e-09,
          "correlation": -0.5351587899165058,
          "performance": {
            "total_time": 3.171069753
          }
        }
      },
      "n_iterations": 24,
      "final_energy": {
        "correlation": -0.5351587899165058,
        "total": -109.24494415882938
      }
    }
  },
  "input": {
    "molecule": {
      "name": "N2_1.5",
      "basisset": "cc-pvqz",
      "geometry_units": "angstrom"
    },
    "SCF": {
      "tol_int": 1e-22,
      "tol_sch": 1e-10,
      "tol_lindep": 1e-05,
      "conve": 1e-09,
      "convd": 1e-08,
      "diis_hist": 10,
      "AO_tilesize": 30,
      "force_tilesize": "false",
      "scf_type": "restricted",
      "multiplicity": 1,
      "lambdas": [],
      "polvecs": [],
      "omegas": [],
      "volumes": []
    },
    "CD": {
      "diagtol": 1e-06,
      "itilesize": 1000,
      "write_cv": false,
      "write_vcount": 5000,
      "max_cvecs_factor": 12
    },
    "CCSD": {
      "threshold": 1e-08,
      "tilesize": 40,
      "ndiis": 5,
      "readt": "false",
      "writet": "false",
      "ccsd_maxiter": 50,
      "balance_tiles": "true"
    }
  }
}
