{
  "output": {
    "SCF": {
      "nucl_rep_energy": 11.273776178482882,
      "iter": {
        "1": {
          "energy": -108.213487974542,
          "e_diff": -108.213487974542,
          "rmsd": 0.0017211677244551664,
          "performance": {
            "total_time": 0.068655984
          }
        },
        "2": {
          "energy": -108.21810688561888,
          "e_diff": -0.004618911076875065,
          "rmsd": 0.0005064053564463183,
          "performance": {
            "total_time": 0.06855439
          }
        },
        "3": {
          "energy": -108.21873821113232,
          "e_diff": -0.0006313255134386964,
          "rmsd": 0.00027734882657960453,
          "performance": {
            "total_time": 0.070875012
          }
        },
        "4": {
          "energy": -108.21883785484815,
          "e_diff": -9.964371582782405e-05,
          "rmsd": 1.1454449651465868e-05,
          "performance": {
            "total_time": 0.071522691
          }
        },
        "5": {
          "energy": -108.21883809311583,
          "e_diff": -2.3826768824619649e-07,
          "rmsd": 1.8256520072120183e-06,
          "performance": {
            "total_time": 0.072671856
          }
        },
        "6": {
          "energy": -108.21883809938097,
          "e_diff": -6.265139518291107e-09,
          "rmsd": 2.3216145506013946e-07,
          "performance": {
            "total_time": 0.063481305
          }
        },
        "7": {
          "energy": -108.21883809945157,
          "e_diff": -7.059952622512355e-11,
          "rmsd": 2.273815948971772e-08,
          "performance": {
            "total_time": 0.060516214
          }
        },
        "8": {
          "energy": -108.21883809945193,
          "e_diff": -3.552713678800501e-13,
          "rmsd": 1.9250015905134448e-09,
          "performance": {
            "total_time": 0.062760983
          }
        }
      },
      "final_energy": -108.21883809945193,
      "n_iterations": 8
    },
    "CD": {
      "n_cholesky_vectors": 468
    },
    "CCSD": {
      "iter": {
        "1": {
          "residual": 0.6824872689704458,
          "correlation": 0.0,
          "performance": {
            "total_time": 0.308621858
          }
        },
        "2": {
          "residual": 0.35627565177224135,
          "correlation": -0.951191206589486,
          "performance": {
            "total_time": 0.272176044
          }
        },
        "3": {
          "residual": 0.48357911071504717,
          "correlation": -0.19309000508819146,
          "performance": {
            "total_time": 0.273420338
          }
        },
        "4": {
          "residual": 0.556513100248585,
          "correlation": -1.1948824905318007,
          "performance": {
            "total_time": 0.27095141700000003
          }
        },
        "5": {
          "residual": 0.7250059544487587,
          "correlation": -0.017222492206276356,
          "performance": {
            "total_time": 0.274161365
          }
        },
        "6": {
          "residual": 0.05020139255022643,
          "correlation": -0.6800898721316626,
          "performance": {
            "total_time": 0.273832867
          }
        },
        "7": {
          "residual": 0.0804376103444841,
          "correlation": -0.5819014906463235,
          "performance": {
            "total_time": 0.273562605
          }
        },
        "8": {
          "residual": 0.07442919483243463,
          "correlation": -0.72478078840537,
          "performance": {
            "total_time": 0.274239076
          }
        },
        "9": {
          "residual": 0.11595935561056643,
          "correlation": -0.566280298617543,
          "performance": {
            "total_time": 0.270090681
          }
        },
        "10": {
          "residual": 0.12032325874570632,
          "correlation": -0.7830920139231113,
          "performance": {
            "total_time": 0.272825343
          }
        },
        "11": {
          "residual": 0.016517775542590058,
          "correlation": -0.6998642481505477,
          "performance": {
            "total_time": 0.279969169
          }
        },
        "12": {
          "residual": 0.015550449521924203,
          "correlation": -0.7015900848685971,
          "performance": {
            "total_time": 0.272515672
          }
        },
        "13": {
          "residual": 0.011913592962046235,
          "correlation": -0.711160573625512,
          "performance": {
            "total_time": 0.273582876
          }
        },
        "14": {
          "residual": 0.013376104436094714,
          "correlation": -0.7121742213388536,
          "performance": {
            "total_time": 0.274475558
          }
        },
        "15": {
          "residual": 0.009231406331593589,
          "correlation": -0.7222651883295308,
          "performance": {
            "total_time": 0.274645157
          }
        },
        "16": {
          "residual": 0.005744511012733956,
          "correlation": -0.7603433649135146,
          "performance": {
            "total_time": 0.271363536
          }
        },
        "17": {
          "residual": 0.007092612212455783,
          "correlation": -0.7694184822908025,
          "performance": {
            "total_time": 0.27542876
          }
        },
        "18": {
          "residual": 0.006399756389023832,
          "correlation": -0.7580572413954685,
          "performance": {
            "total_time": 0.272220543
          }
        },
        "19": {
          "residual": 0.00841737912583081,
          "correlation": -0.7698821953542594,
          "performance": {
            "total_time": 0.277047965
          }
        },
        "20": {
          "residual": 0.008218911961923791,
          "correlation": -0.7557443372272978,
          "performance": {
            "total_time": 0.272777792
          }
        },
        "21": {
          "residual": 0.0006151490714590088,
          "correlation": -0.7620573803212647,
          "performance": {
            "total_time": 0.275175604
          }
        },
        "22": {
          "residual": 0.0012155958010952332,
          "correlation": -0.7627050054320882,
          "performance": {
            "total_time": 0.275663447
          }
        },
        "23": {
          "residual": 0.0006598346897368191,
          "correlation": -0.7611312764689946,
          "performance": {
            "total_time": 0.2781536
          }
        },
        "24": {
          "residual": 0.0012251364446905966,
          "correlation": -0.7622382049369802,
          "performance": {
            "total_time": 0.276769624
          }
        },
        "25": {
          "residual": 0.0008313648222007133,
          "correlation": -0.7604437822881467,
          "performance": {
            "total_time": 0.273465124
          }
        },
        "26": {
          "residual": 0.00012206032038880805,
          "correlation": -0.7600133489684305,
          "performance": {
            "total_time": 0.27202698
          }
        },
        "27": {
          "residual": 0.00010861580722110252,
          "correlation": -0.7600504263457943,
          "performance": {
            "total_time": 0.275607567
          }
        },
        "28": {
          "residual": 6.555239395172549e-05,
          "correlation": -0.7599558748908039,
          "performance": {
            "total_time": 0.273116933
          }
        },
        "29": {
          "residual": 8.570447332262227e-05,
          "correlation": -0.7600186418887133,
          "performance": {
            "total_time": 0.275820811
          }
        },
        "30": {
          "residual": 5.42854561080698e-05,
          "correlation": -0.7599112077465513,
          "performance": {
            "total_time": 0.275627514
          }
        },
        "31": {
          "residual": 1.349172680445219e-05,
          "correlation": -0.7598998766124682,