{
  "output": {
    "SCF": {
      "nucl_rep_energy": 25.92968521051062,
      "iter": {
        "1": {
          "energy": -108.9557185035384,
          "e_diff": -108.9557185035384,
          "rmsd": 0.0026009753081380387,
          "performance": {
            "total_time": 0.060946416
          }
        },
        "2": {
          "energy": -108.96732368044417,
          "e_diff": -0.011605176905760572,
          "rmsd": 0.0005713996372633889,
          "performance": {
            "total_time": 0.061244519
          }
        },
        "3": {
          "energy": -108.96797385967034,
          "e_diff": -0.0006501792261701667,
          "rmsd": 0.00016738324085711171,
          "performance": {
            "total_time": 0.062438454
          }
        },
        "4": {
          "energy": -108.96801472369867,
          "e_diff": -4.08640283353634e-05,
          "rmsd": 2.7305144905809943e-05,
          "performance": {
            "total_time": 0.062542223
          }
        },
        "5": {
          "energy": -108.96801496552823,
          "e_diff": -2.418295537154336e-07,
          "rmsd": 5.569031030006335e-06,
          "performance": {
            "total_time": 0.062929307
          }
        },
        "6": {
          "energy": -108.96801496878658,
          "e_diff": -3.2583500342298066e-09,
          "rmsd": 4.7677557426556537e-07,
          "performance": {
            "total_time": 0.064144508
          }
        },
        "7": {
          "energy": -108.96801496880772,
          "e_diff": -2.114575181622058e-11,
          "rmsd": 3.157599011308584e-08,
          "performance": {
            "total_time": 0.065255967
          }
        },
        "8": {
          "energy": -108.96801496880832,
          "e_diff": -5.968558980384842e-13,
          "rmsd": 3.8606142480935e-09,
          "performance": {
            "total_time": 0.066776013
          }
        }
      },
      "final_energy": -108.96801496880832,
      "n_iterations": 8
    },
    "CD": {
      "n_cholesky_vectors": 467
    },
    "CCSD": {
      "iter": {
        "1": {
          "residual": 0.7470284646142159,
          "correlation": 0.0,
          "performance": {
            "total_time": 0.302154287
          }
        },
        "2": {
          "residual": 0.08107345397952963,
          "correlation": -0.3770943189005036,
          "performance": {
            "total_time": 0.278677446
          }
        },
        "3": {
          "residual": 0.025036872656373537,
          "correlation": -0.37056012578808295,
          "performance": {
            "total_time": 0.278069895
          }
        },
        "4": {
          "residual": 0.006739674355915503,
          "correlation": -0.381023927792685,
          "performance": {
            "total_time": 0.278982029
          }
        },
        "5": {
          "residual": 0.003245372268703088,
          "correlation": -0.3808202473030724,
          "performance": {
            "total_time": 0.277932988
          }
        },
        "6": {
          "residual": 0.0011819811531904275,
          "correlation": -0.38197796764078285,
          "performance": {
            "total_time": 0.274026758
          }
        },
        "7": {
          "residual": 0.00044497794892963115,
          "correlation": -0.3818207060687342,
          "performance": {
            "total_time": 0.280030434
          }
        },
        "8": {
          "residual": 0.0002082536670759951,
          "correlation": -0.38184820277672626,
          "performance": {
            "total_time": 0.274867938
          }
        },
        "9": {
          "residual": 0.00010436002000916687,
          "correlation": -0.3818537624186285,
          "performance": {
            "total_time": 0.278358063
          }
        },
        "10": {
          "residual": 5.28223343225626e-05,
          "correlation": -0.3818599773055445,
          "performance": {
            "total_time": 0.279733866
          }
        },
        "11": {
          "residual": 2.6465014260793325e-06,
          "correlation": -0.38186682230536206,
          "performance": {
            "total_time": 0.277709186
          }
        },
        "12": {
          "residual": 7.354426819820656e-07,
          "correlation": -0.3818673025489967,
          "performance": {
            "total_time": 0.280422844
          }
        },
        "13": {
          "residual": 2.1725472225306826e-07,
          "correlation": -0.3818672893054713,
          "performance": {
            "total_time": 0.281934839
          }
        },
        "14": {
          "residual": 9.106205054749018e-08,
          "correlation": -0.38186730522378115,
          "performance": {
            "total_time": 0.280119777
          }
        },
        "15": {
          "residual": 3.325268489166249e-08,
          "correlation": -0.38186730682493353,
          "performance": {
            "total_time": 0.277955613
          }
        },
        "16": {
          "residual": 8.33556351868566e-09,
          "correlation": -0.381867309355191,
          "performance": {
            "total_time": 0.277772952
          }
        }
      },
      "n_iterations": 16,
      "final_energy": {
        "correlation": -0.381867309355191,
        "total": -109.3498822781635
      }
    }
  },
  "input": {
    "molecule": {
      "name": "N2_1.0",
      "basisset": "cc-pvtz",
      "geometry_units": "angstrom"
    },
    "SCF": {
      "tol_int": 1e-22,
      "tol_sch": 1e-10,
      "tol_lindep": 1e-05,
      "conve": 1e-09,
      "convd": 1e-08,
      "diis_hist": 10,
      "AO_tilesize": 30,
      "force_tilesize": "false",
      "scf_type": "restricted",
      "multiplicity": 1,
      "lambdas": [],
      "polvecs": [],
      "omegas": [],
      "volumes": []
    },
    "CD": {
      "diagtol": 1e-06,
      "itilesize": 1000,
      "write_cv": false,
      "write_vcount": 5000,
      "max_cvecs_factor": 12
    },
    "CCSD": {
      "threshold": 1e-08,
      "tilesize": 40,
      "ndiis": 5,
      "readt": "false",
      "writet": "false",
      "ccsd_maxiter": 50,
      "balance_tiles": "true"
    }
  }
}
