{
  "output": {
    "SCF": {
      "nucl_rep_energy": 12.3474691478622,
      "iter": {
        "1": {
          "energy": -108.30757524925048,
          "e_diff": -108.30757524925048,
          "rmsd": 0.0010475583507974912,
          "performance": {
            "total_time": 0.403246102
          }
        },
        "2": {
          "energy": -108.31371028218015,
          "e_diff": -0.006135032929677209,
          "rmsd": 0.0003186440928585174,
          "performance": {
            "total_time": 0.405058084
          }
        },
        "3": {
          "energy": -108.3145387245095,
          "e_diff": -0.0008284423293503096,
          "rmsd": 0.0001820711460958683,
          "performance": {
            "total_time": 0.404053767
          }
        },
        "4": {
          "energy": -108.31468604958894,
          "e_diff": -0.00014732507943904238,
          "rmsd": 1.185659232024589e-05,
          "performance": {
            "total_time": 0.404304742
          }
        },
        "5": {
          "energy": -108.31468663915996,
          "e_diff": -5.895710160075396e-07,
          "rmsd": 1.882939122255655e-06,
          "performance": {
            "total_time": 0.415609106
          }
        },
        "6": {
          "energy": -108.31468665592908,
          "e_diff": -1.67691212027421e-08,
          "rmsd": 4.382384248883547e-07,
          "performance": {
            "total_time": 0.40842589
          }
        },
        "7": {
          "energy": -108.31468665636564,
          "e_diff": -4.3655745685100555e-10,
          "rmsd": 1.2306667619418092e-07,
          "performance": {
            "total_time": 0.409945969
          }
        },
        "8": {
          "energy": -108.31468665638317,
          "e_diff": -1.7536194718559273e-11,
          "rmsd": 1.0588707676264361e-08,
          "performance": {
            "total_time": 0.41595073
          }
        },
        "9": {
          "energy": -108.31468665638326,
          "e_diff": -8.526512829121202e-14,
          "rmsd": 9.46702364390707e-10,
          "performance": {
            "total_time": 0.415595134
          }
        }
      },
      "final_energy": -108.31468665638326,
      "n_iterations": 9
    },
    "CD": {
      "n_cholesky_vectors": 795
    },
    "CCSD": {
      "iter": {
        "1": {
          "residual": 1.0304219768607281,
          "correlation": 0.0,
          "performance": {
            "total_time": 3.269438276
          }
        },
        "2": {
          "residual": 0.29934875016220497,
          "correlation": -0.8763377956638229,
          "performance": {
            "total_time": 3.024913758
          }
        },
        "3": {
          "residual": 0.33297425377838424,
          "correlation": -0.3644905486895502,
          "performance": {
            "total_time": 3.025039921
          }
        },
        "4": {
          "residual": 0.319007998342604,
          "correlation": -0.9348300865254706,
          "performance": {
            "total_time": 3.037819028
          }
        },
        "5": {
          "residual": 0.3519602727333168,
          "correlation": -0.3684815491617593,
          "performance": {
            "total_time": 3.012894978
          }
        },
        "6": {
          "residual": 0.0270324753911592,
          "correlation": -0.6644569442136059,
          "performance": {
            "total_time": 3.013745704
          }
        },
        "7": {
          "residual": 0.03263352205850494,
          "correlation": -0.6392662724220132,
          "performance": {
            "total_time": 3.031290128
          }
        },
        "8": {
          "residual": 0.021265851351665012,
          "correlation": -0.6764188639654569,
          "performance": {
            "total_time": 3.012450185
          }
        },
        "9": {
          "residual": 0.03034562345974489,
          "correlation": -0.6478856380682445,
          "performance": {
            "total_time": 3.010601875
          }
        },
        "10": {
          "residual": 0.020307989246435267,
          "correlation": -0.6873368569364867,
          "performance": {
            "total_time": 3.010556786
          }
        },
        "11": {
          "residual": 0.0070744123922703035,
          "correlation": -0.6929246741861869,
          "performance": {
            "total_time": 3.036956062
          }
        },
        "12": {
          "residual": 0.0035330201107803827,
          "correlation": -0.6973300169829852,
          "performance": {
            "total_time": 3.018081112
          }
        },
        "13": {
          "residual": 0.004857586349679271,
          "correlation": -0.6938733292234772,
          "performance": {
            "total_time": 3.012317659
          }
        },
        "14": {
          "residual": 0.002781035110050984,
          "correlation": -0.6990609553150854,
          "performance": {
            "total_time": 3.015806798
          }
        },
        "15": {
          "residual": 0.004339120457820068,
          "correlation": -0.6952274156642033,
          "performance": {
            "total_time": 3.010258322
          }
        },
        "16": {
          "residual": 0.0013781794863015878,
          "correlation": -0.7001432028160111,
          "performance": {
            "total_time": 3.032370303
          }
        },
        "17": {
          "residual": 0.0016881252900812175,
          "correlation": -0.6994456084921843,
          "performance": {
            "total_time": 3.009192688
          }
        },
        "18": {
          "residual": 0.0009612780313763025,
          "correlation": -0.7011284901887189,
          "performance": {
            "total_time": 3.010627146
          }
        },
        "19": {
          "residual": 0.0014185485116984288,
          "correlation": -0.7001723254616788,
          "performance": {
            "total_time": 3.011805584
          }
        },
        "20": {
          "residual": 0.000827837314293865,
          "correlation": -0.7018013995585906,
          "performance": {
            "total_time": 3.012939567
          }
        },
        "21": {
          "residual": 0.00020763784777798458,
          "correlation": -0.7026986213088083,
          "performance": {
            "total_time": 3.012968532
          }
        },
        "22": {
          "residual": 0.00018166017871972507,
          "correlation": -0.7026079304404246,
          "performance": {
            "total_time": 3.007409777
          }
        },
        "23": {
          "residual": 0.00010374222055863036,
          "correlation": -0.7027558408590858,
          "performance": {
            "total_time": 3.024929625
          }
        },
        "24": {
          "residual": 0.00014445310829390196,
          "correlation": -0.7026560175081362,
          "performance": {
            "total_time": 3.00905536
          }
        },
        "25": {
          "residual": 8.304097050313005e-05,
          "correlation": -0.7028100479706182,
          "performance": {
            "total_time": 3.005008122
          }
        },
        "26": {
          "residual": 4.4170450264437476e-05,
          "correlation": -0.7028496930216536,
          "performance": {
            "total_time": 3.007677468
          }
        },
        "27": {
          "residual": 5.01572654131089e-05,
          "correlation": -0.7028298575181043,
          "performance": {
            "total_time": 3.007862194
          }
        },
        "28": {
          "residual": 2.8436794979198156e-05,
          "correlation": -0.7028796697812185,
          "performance": {
            "total_time": 3.004373573
          }
        },
        "29": {
          "residual": 4.1732622025261885e-05,
          "correlation": -0.7028513282225388,
          "performance": {
            "total_time": 3.004589515
          }
        },
        "30": {
          "residual": 2.431092121008528e-05,