{
  "output": {
    "SCF": {
      "nucl_rep_energy": 28.8107613450118,
      "iter": {
        "1": {
          "energy": -108.81913639099605,
          "e_diff": -108.81913639099605,
          "rmsd": 0.0035435787105904124,
          "performance": {
            "total_time": 0.062265522
          }
        },
        "2": {
          "energy": -108.83851404900403,
          "e_diff": -0.019377658007982745,
          "rmsd": 0.0006297880166950496,
          "performance": {
            "total_time": 0.062302881
          }
        },
        "3": {
          "energy": -108.83980678923433,
          "e_diff": -0.0012927402302977953,
          "rmsd": 0.00026189393653922765,
          "performance": {
            "total_time": 0.061894702
          }
        },
        "4": {
          "energy": -108.83987437125754,
          "e_diff": -6.758202320611417e-05,
          "rmsd": 7.028408674926266e-05,
          "performance": {
            "total_time": 0.062777901
          }
        },
        "5": {
          "energy": -108.83987486747904,
          "e_diff": -4.962215029991057e-07,
          "rmsd": 1.4918138744939655e-05,
          "performance": {
            "total_time": 0.063077858
          }
        },
        "6": {
          "energy": -108.83987488297461,
          "e_diff": -1.5495572824875126e-08,
          "rmsd": 1.7377304050142473e-06,
          "performance": {
            "total_time": 0.064055502
          }
        },
        "7": {
          "energy": -108.83987488339838,
          "e_diff": -4.2376768760732375e-10,
          "rmsd": 7.055712316192705e-08,
          "performance": {
            "total_time": 0.066002965
          }
        },
        "8": {
          "energy": -108.83987488340225,
          "e_diff": -3.865352482534945e-12,
          "rmsd": 3.477738050358692e-09,
          "performance": {
            "total_time": 0.067306857
          }
        }
      },
      "final_energy": -108.83987488340225,
      "n_iterations": 8
    },
    "CD": {
      "n_cholesky_vectors": 462
    },
    "CCSD": {
      "iter": {
        "1": {
          "residual": 0.7732549819454562,
          "correlation": 0.0,
          "performance": {
            "total_time": 0.578758647
          }
        },
        "2": {
          "residual": 0.07571235323189986,
          "correlation": -0.35918489170567386,
          "performance": {
            "total_time": 0.461528944
          }
        },
        "3": {
          "residual": 0.020437818920762126,
          "correlation": -0.3599684029261489,
          "performance": {
            "total_time": 0.460066656
          }
        },
        "4": {
          "residual": 0.005649335354485786,
          "correlation": -0.36716168499259416,
          "performance": {
            "total_time": 0.466071846
          }
        },
        "5": {
          "residual": 0.0024228618894720677,
          "correlation": -0.3675450149213031,
          "performance": {
            "total_time": 0.466444113
          }
        },
        "6": {
          "residual": 0.0008387719510020655,
          "correlation": -0.368247672131626,
          "performance": {
            "total_time": 0.460042536
          }
        },
        "7": {
          "residual": 0.00030569110889387934,
          "correlation": -0.3681660844251958,
          "performance": {
            "total_time": 0.461752302
          }
        },
        "8": {
          "residual": 0.0001382985845516114,
          "correlation": -0.36817889533340653,
          "performance": {
            "total_time": 0.473890296
          }
        },
        "9": {
          "residual": 6.401736413895295e-05,
          "correlation": -0.36818429478289244,
          "performance": {
            "total_time": 0.450267253
          }
        },
        "10": {
          "residual": 3.031154542182419e-05,
          "correlation": -0.36818758039888083,
          "performance": {
            "total_time": 0.444341071
          }
        },
        "11": {
          "residual": 1.6322038964434797e-06,
          "correlation": -0.36819078533625615,
          "performance": {
            "total_time": 0.447435558
          }
        },
        "12": {
          "residual": 4.628362520218315e-07,
          "correlation": -0.3681912411126955,
          "performance": {
            "total_time": 0.492514304
          }
        },
        "13": {
          "residual": 1.455108481996339e-07,
          "correlation": -0.3681912021166708,
          "performance": {
            "total_time": 0.476722518
          }
        },
        "14": {
          "residual": 5.8692053604574624e-08,
          "correlation": -0.36819121742604966,
          "performance": {
            "total_time": 0.472293737
          }
        },
        "15": {
          "residual": 2.1915615879287673e-08,
          "correlation": -0.3681912168464686,
          "performance": {
            "total_time": 0.450587381
          }
        },
        "16": {
          "residual": 3.804604611910074e-09,
          "correlation": -0.3681912183082118,
          "performance": {
            "total_time": 0.449481297
          }
        }
      },
      "n_iterations": 16,
      "final_energy": {
        "correlation": -0.3681912183082118,
        "total": -109.20806610171046
      }
    },
    "DUCC": {
      "performance": {
        "total_time": 6.13804609
      },
      "results": {
        "X1": -28.53777069130569,
        "X2": -1.2333582730252826e-16,
        "X3": -6.216972655669603,
        "X4": 4.7108983795712614e-23,
        "X5": 0.0,
        "X6": 0.0,
        "X7": -0.5310651890685225,
        "X8": -8.521041119935114e-34,
        "X9": 1.922873659075098e-34
      }
    }
  },
  "input": {
    "molecule": {
      "name": "N2_0.9",
      "basisset": "cc-pvtz",
      "geometry_units": "angstrom"
    },
    "SCF": {
      "tol_int": 1e-22,
      "tol_sch": 1e-10,
      "tol_lindep": 1e-05,
      "conve": 1e-09,
      "convd": 1e-08,
      "diis_hist": 10,
      "AO_tilesize": 30,
      "force_tilesize": "false",
      "scf_type": "restricted",
      "multiplicity": 1,
      "lambdas": [],
      "polvecs": [],
      "omegas": [],
      "volumes": []
    },
    "CD": {
      "diagtol": 1e-06,
      "itilesize": 1000,
      "write_cv": false,
      "write_vcount": 5000,
      "max_cvecs_factor": 12
    },
    "CCSD": {
      "threshold": 1e-08,
      "tilesize": 40,
      "ndiis": 5,
      "readt": "false",
      "writet": "false",
      "ccsd_maxiter": 50,
      "balance_tiles": "true"
    },
    "DUCC": {
      "nactive": 3
    }
  }
}
