{
  "output": {
    "SCF": {
      "nucl_rep_energy": 18.521203721793302,
      "iter": {
        "1": {
          "energy": -108.78105485701518,
          "e_diff": -108.78105485701518,
          "rmsd": 0.0011493074610345367,
          "performance": {
            "total_time": 0.438386338
          }
        },
        "2": {
          "energy": -108.79206998736227,
          "e_diff": -0.011015130347090007,
          "rmsd": 0.00047883570977607363,
          "performance": {
            "total_time": 0.441557288
          }
        },
        "3": {
          "energy": -108.79322718004713,
          "e_diff": -0.0011571926848574776,
          "rmsd": 0.00019480717139101634,
          "performance": {
            "total_time": 0.440842004
          }
        },
        "4": {
          "energy": -108.79337113583938,
          "e_diff": -0.00014395579225379151,
          "rmsd": 1.0978638899864143e-05,
          "performance": {
            "total_time": 0.456597761
          }
        },
        "5": {
          "energy": -108.79337175053195,
          "e_diff": -6.146925670691417e-07,
          "rmsd": 3.2809745000129827e-06,
          "performance": {
            "total_time": 0.453729896
          }
        },
        "6": {
          "energy": -108.79337177621102,
          "e_diff": -2.567907131378888e-08,
          "rmsd": 8.238081452481924e-07,
          "performance": {
            "total_time": 0.454927611
          }
        },
        "7": {
          "energy": -108.79337177720973,
          "e_diff": -9.987104476749664e-10,
          "rmsd": 9.345950414011859e-08,
          "performance": {
            "total_time": 0.459640264
          }
        },
        "8": {
          "energy": -108.79337177722114,
          "e_diff": -1.1411316336307209e-11,
          "rmsd": 7.874824976899726e-09,
          "performance": {
            "total_time": 0.456086551
          }
        }
      },
      "final_energy": -108.79337177722114,
      "n_iterations": 8
    },
    "CD": {
      "n_cholesky_vectors": 815
    },
    "CCSD": {
      "iter": {
        "1": {
          "residual": 1.0360274009377173,
          "correlation": 0.0,
          "performance": {
            "total_time": 3.792390458
          }
        },
        "2": {
          "residual": 0.1536505428824292,
          "correlation": -0.5625349444958387,
          "performance": {
            "total_time": 3.191026414
          }
        },
        "3": {
          "residual": 0.08853561778103822,
          "correlation": -0.4553712031879479,
          "performance": {
            "total_time": 3.219448508
          }
        },
        "4": {
          "residual": 0.04112075840257506,
          "correlation": -0.530939474803069,
          "performance": {
            "total_time": 3.283116738
          }
        },
        "5": {
          "residual": 0.026063791724679458,
          "correlation": -0.4958343059899591,
          "performance": {
            "total_time": 3.29826941
          }
        },
        "6": {
          "residual": 0.004507728415455559,
          "correlation": -0.5118706886761533,
          "performance": {
            "total_time": 3.205868391
          }
        },
        "7": {
          "residual": 0.0024902413762668447,
          "correlation": -0.5110342202667812,
          "performance": {
            "total_time": 3.242028038
          }
        },
        "8": {
          "residual": 0.0014230083581779972,
          "correlation": -0.5116478293366806,
          "performance": {
            "total_time": 3.203830036
          }
        },
        "9": {
          "residual": 0.0009705288933219714,
          "correlation": -0.5116079770232528,
          "performance": {
            "total_time": 3.201250938
          }
        },
        "10": {
          "residual": 0.0005923003140175742,
          "correlation": -0.5118305769945172,
          "performance": {
            "total_time": 3.20105111
          }
        },
        "11": {
          "residual": 7.721941820617492e-05,
          "correlation": -0.512009546585767,
          "performance": {
            "total_time": 3.255013518
          }
        },
        "12": {
          "residual": 2.615357431675642e-05,
          "correlation": -0.5120041011036605,
          "performance": {
            "total_time": 3.269250874
          }
        },
        "13": {
          "residual": 1.2316752566551272e-05,
          "correlation": -0.5120113942281458,
          "performance": {
            "total_time": 3.222135775
          }
        },
        "14": {
          "residual": 6.3527680306921435e-06,
          "correlation": -0.5120092415771249,
          "performance": {
            "total_time": 3.226228159
          }
        },
        "15": {
          "residual": 3.4343274679019e-06,
          "correlation": -0.5120111723215416,
          "performance": {
            "total_time": 3.215078712
          }
        },
        "16": {
          "residual": 1.3299989030259716e-06,
          "correlation": -0.5120111983424489,
          "performance": {
            "total_time": 3.267041449
          }
        },
        "17": {
          "residual": 7.458302835587163e-07,
          "correlation": -0.512010841660104,
          "performance": {
            "total_time": 3.215451336
          }
        },
        "18": {
          "residual": 3.969393610977832e-07,
          "correlation": -0.512011121536649,
          "performance": {
            "total_time": 3.217659624
          }
        },
        "19": {
          "residual": 2.8251415069350036e-07,
          "correlation": -0.5120110432933913,
          "performance": {
            "total_time": 3.219120248
          }
        },
        "20": {
          "residual": 1.6235807848163675e-07,
          "correlation": -0.5120111386646677,
          "performance": {
            "total_time": 3.240128067
          }
        },
        "21": {
          "residual": 2.73395057481071e-08,
          "correlation": -0.5120111688803394,
          "performance": {
            "total_time": 3.251224641
          }
        },
        "22": {
          "residual": 9.857218335983207e-09,
          "correlation": -0.5120111702118043,
          "performance": {
            "total_time": 3.280524916
          }
        }
      },
      "n_iterations": 22,
      "final_energy": {
        "correlation": -0.5120111702118043,
        "total": -109.30538294743295
      }
    }
  },
  "input": {
    "molecule": {
      "name": "N2_1.4",
      "basisset": "cc-pvqz",
      "geometry_units": "angstrom"
    },
    "SCF": {
      "tol_int": 1e-22,
      "tol_sch": 1e-10,
      "tol_lindep": 1e-05,
      "conve": 1e-09,
      "convd": 1e-08,
      "diis_hist": 10,
      "AO_tilesize": 30,
      "force_tilesize": "false",
      "scf_type": "restricted",
      "multiplicity": 1,
      "lambdas": [],
      "polvecs": [],
      "omegas": [],
      "volumes": []
    },
    "CD": {
      "diagtol": 1e-06,
      "itilesize": 1000,
      "write_cv": false,
      "write_vcount": 5000,
      "max_cvecs_factor": 12
    },
    "CCSD": {
      "threshold": 1e-08,
      "tilesize": 40,
      "ndiis": 5,
      "readt": "false",
      "writet": "false",
      "ccsd_maxiter": 50,
      "balance_tiles": "true"
    }
  }
}
