{
  "output": {
    "SCF": {
      "nucl_rep_energy": 11.7862205502321,
      "iter": {
        "1": {
          "energy": -108.26240901056751,
          "e_diff": -108.26240901056751,
          "rmsd": 0.001024284043047581,
          "performance": {
            "total_time": 0.391748098
          }
        },
        "2": {
          "energy": -108.2679850516122,
          "e_diff": -0.005576041044690783,
          "rmsd": 0.0003068298642353252,
          "performance": {
            "total_time": 0.396308009
          }
        },
        "3": {
          "energy": -108.26874739271372,
          "e_diff": -0.0007623411015202919,
          "rmsd": 0.0001800851002628504,
          "performance": {
            "total_time": 0.397256337
          }
        },
        "4": {
          "energy": -108.26888499800675,
          "e_diff": -0.00013760529303397107,
          "rmsd": 1.1719857040061365e-05,
          "performance": {
            "total_time": 0.403870564
          }
        },
        "5": {
          "energy": -108.26888555818152,
          "e_diff": -5.601747687933312e-07,
          "rmsd": 1.741244847400653e-06,
          "performance": {
            "total_time": 0.400694503
          }
        },
        "6": {
          "energy": -108.26888557416169,
          "e_diff": -1.5980162970663514e-08,
          "rmsd": 4.2354216483865596e-07,
          "performance": {
            "total_time": 0.399493458
          }
        },
        "7": {
          "energy": -108.26888557457207,
          "e_diff": -4.1038106246560346e-10,
          "rmsd": 1.1403504566202558e-07,
          "performance": {
            "total_time": 0.400852386
          }
        },
        "8": {
          "energy": -108.26888557458689,
          "e_diff": -1.482192146795569e-11,
          "rmsd": 1.0456740474577562e-08,
          "performance": {
            "total_time": 0.403836474
          }
        },
        "9": {
          "energy": -108.26888557458707,
          "e_diff": -1.8474111129762605e-13,
          "rmsd": 9.761921214370107e-10,
          "performance": {
            "total_time": 0.411784619
          }
        }
      },
      "final_energy": -108.26888557458707,
      "n_iterations": 9
    },
    "CD": {
      "n_cholesky_vectors": 794
    },
    "CCSD": {
      "iter": {
        "1": {
          "residual": 1.0316031575647406,
          "correlation": 0.0,
          "performance": {
            "total_time": 3.270241005
          }
        },
        "2": {
          "residual": 0.33247817063798807,
          "correlation": -0.9368641398615221,
          "performance": {
            "total_time": 3.046399517
          }
        },
        "3": {
          "residual": 0.4095267825978501,
          "correlation": -0.30761628545586606,
          "performance": {
            "total_time": 3.071023209
          }
        },
        "4": {
          "residual": 0.4356868746288988,
          "correlation": -1.0759078988909108,
          "performance": {
            "total_time": 3.039477245
          }
        },
        "5": {
          "residual": 0.5260958632077506,
          "correlation": -0.23560968714627994,
          "performance": {
            "total_time": 3.036095746
          }
        },
        "6": {
          "residual": 0.03495967243725976,
          "correlation": -0.6942750147740658,
          "performance": {
            "total_time": 3.061337564
          }
        },
        "7": {
          "residual": 0.049730408154600496,
          "correlation": -0.6414424200653915,
          "performance": {
            "total_time": 3.029152132
          }
        },
        "8": {
          "residual": 0.03914633890325745,
          "correlation": -0.7158486928690049,
          "performance": {
            "total_time": 3.042170377
          }
        },
        "9": {
          "residual": 0.0590183102094844,
          "correlation": -0.6434516551981875,
          "performance": {
            "total_time": 3.035267557
          }
        },
        "10": {
          "residual": 0.05167670145510599,
          "correlation": -0.7397376960822442,
          "performance": {
            "total_time": 3.055803931
          }
        },
        "11": {
          "residual": 0.0110926449814787,
          "correlation": -0.7194520648588824,
          "performance": {
            "total_time": 3.05119221
          }
        },
        "12": {
          "residual": 0.006196770831820927,
          "correlation": -0.7252347280608606,
          "performance": {
            "total_time": 2.99997946
          }
        },
        "13": {
          "residual": 0.008106185003945995,
          "correlation": -0.7227301150125811,
          "performance": {
            "total_time": 2.999725997
          }
        },
        "14": {
          "residual": 0.0047592706027809436,
          "correlation": -0.7302052742418882,
          "performance": {
            "total_time": 3.001039666
          }
        },
        "15": {
          "residual": 0.007534739338459164,
          "correlation": -0.7260051017252255,
          "performance": {
            "total_time": 3.000344183
          }
        },
        "16": {
          "residual": 0.0025412141878076583,
          "correlation": -0.7392171954569937,
          "performance": {
            "total_time": 3.017250601
          }
        },
        "17": {
          "residual": 0.0024842471051531112,
          "correlation": -0.7386451489216651,
          "performance": {
            "total_time": 2.996641463
          }
        },
        "18": {
          "residual": 0.001407744233834393,
          "correlation": -0.7411029930375089,
          "performance": {
            "total_time": 2.996501572
          }
        },
        "19": {
          "residual": 0.0021283021322777485,
          "correlation": -0.7397550107782406,
          "performance": {
            "total_time": 2.999147031
          }
        },
        "20": {
          "residual": 0.0012855518072698352,
          "correlation": -0.7424119835272972,
          "performance": {
            "total_time": 2.997817428
          }
        },
        "21": {
          "residual": 0.0004697443394686395,
          "correlation": -0.7435367838988786,
          "performance": {
            "total_time": 2.999704042
          }
        },
        "22": {
          "residual": 0.0004776076199456854,
          "correlation": -0.7433261605970719,
          "performance": {
            "total_time": 3.007032931
          }
        },
        "23": {
          "residual": 0.0002707693216083626,
          "correlation": -0.7437672455351846,
          "performance": {
            "total_time": 2.993480235
          }
        },
        "24": {
          "residual": 0.00043098768514499843,
          "correlation": -0.7434871661493668,
          "performance": {
            "total_time": 2.997259492
          }
        },
        "25": {
          "residual": 0.0002504347383866196,
          "correlation": -0.7439942606668538,
          "performance": {
            "total_time": 2.993006615
          }
        },
        "26": {
          "residual": 0.00012235084705454,
          "correlation": -0.744257341184417,
          "performance": {
            "total_time": 2.995339709
          }
        },
        "27": {
          "residual": 9.737196057070764e-05,
          "correlation": -0.7442368191085978,
          "performance": {
            "total_time": 2.995701911
          }
        },
        "28": {
          "residual": 5.695860306602394e-05,
          "correlation": -0.7443257665090844,
          "performance": {
            "total_time": 2.992470787
          }
        },
        "29": {
          "residual": 7.835184806566505e-05,
          "correlation": -0.7442866814297664,
          "performance": {
            "total_time": 3.008478438
          }
        },
        "30": {
          "residual": 4.502693484522182e-05,