{
  "output": {
    "SCF": {
      "nucl_rep_energy": 16.206053256569138,
      "iter": {
        "1": {
          "energy": -108.61799722712244,
          "e_diff": -108.61799722712244,
          "rmsd": 0.0011295650136990845,
          "performance": {
            "total_time": 0.437310205
          }
        },
        "2": {
          "energy": -108.6279253191174,
          "e_diff": -0.009928091994950705,
          "rmsd": 0.00042736413677600237,
          "performance": {
            "total_time": 0.437221204
          }
        },
        "3": {
          "energy": -108.62911034652662,
          "e_diff": -0.0011850274092211066,
          "rmsd": 0.00020753221191897783,
          "performance": {
            "total_time": 0.438417648
          }
        },
        "4": {
          "energy": -108.62929628411717,
          "e_diff": -0.00018593759055818282,
          "rmsd": 1.231260216116009e-05,
          "performance": {
            "total_time": 0.444963185
          }
        },
        "5": {
          "energy": -108.6292969554148,
          "e_diff": -6.712976272638116e-07,
          "rmsd": 3.1740425364031218e-06,
          "performance": {
            "total_time": 0.442643705
          }
        },
        "6": {
          "energy": -108.62929697875535,
          "e_diff": -2.3340547272709955e-08,
          "rmsd": 7.872354336667658e-07,
          "performance": {
            "total_time": 0.441061293
          }
        },
        "7": {
          "energy": -108.62929697968582,
          "e_diff": -9.304699233325664e-10,
          "rmsd": 1.3324575595004267e-07,
          "performance": {
            "total_time": 0.445493769
          }
        },
        "8": {
          "energy": -108.62929697970668,
          "e_diff": -2.086153472191654e-11,
          "rmsd": 7.352566744711032e-09,
          "performance": {
            "total_time": 0.446168141
          }
        }
      },
      "final_energy": -108.62929697970668,
      "n_iterations": 8
    },
    "CD": {
      "n_cholesky_vectors": 811
    },
    "CCSD": {
      "iter": {
        "1": {
          "residual": 1.030843238372794,
          "correlation": 0.0,
          "performance": {
            "total_time": 3.335708024
          }
        },
        "2": {
          "residual": 0.20997196468156698,
          "correlation": -0.6686295203151181,
          "performance": {
            "total_time": 3.07241112
          }
        },
        "3": {
          "residual": 0.17011225351324036,
          "correlation": -0.43180063230938226,
          "performance": {
            "total_time": 3.086620643
          }
        },
        "4": {
          "residual": 0.12048524260481291,
          "correlation": -0.637022808546906,
          "performance": {
            "total_time": 3.073638867
          }
        },
        "5": {
          "residual": 0.09943856357658096,
          "correlation": -0.48728658351843457,
          "performance": {
            "total_time": 3.07240338
          }
        },
        "6": {
          "residual": 0.0079709403717327,
          "correlation": -0.5581784250699874,
          "performance": {
            "total_time": 3.088158087
          }
        },
        "7": {
          "residual": 0.005794066288514544,
          "correlation": -0.5551304838906038,
          "performance": {
            "total_time": 3.067747555
          }
        },
        "8": {
          "residual": 0.0033196005073756166,
          "correlation": -0.5584851612299536,
          "performance": {
            "total_time": 3.068471177
          }
        },
        "9": {
          "residual": 0.0029883495272710445,
          "correlation": -0.5569443841906812,
          "performance": {
            "total_time": 3.075997234
          }
        },
        "10": {
          "residual": 0.0016910121074814124,
          "correlation": -0.5589580993481575,
          "performance": {
            "total_time": 3.092726499
          }
        },
        "11": {
          "residual": 0.0002467890039143213,
          "correlation": -0.559208714038017,
          "performance": {
            "total_time": 3.073673597
          }
        },
        "12": {
          "residual": 0.00010098174573686923,
          "correlation": -0.5592135008184824,
          "performance": {
            "total_time": 3.069144
          }
        },
        "13": {
          "residual": 5.025050271699321e-05,
          "correlation": -0.5592301394530464,
          "performance": {
            "total_time": 3.074491354
          }
        },
        "14": {
          "residual": 2.978975165882687e-05,
          "correlation": -0.5592261675944799,
          "performance": {
            "total_time": 3.07197855
          }
        },
        "15": {
          "residual": 1.7389358763192513e-05,
          "correlation": -0.5592349615584228,
          "performance": {
            "total_time": 3.067704374
          }
        },
        "16": {
          "residual": 8.206692344043935e-06,
          "correlation": -0.5592380161064252,
          "performance": {
            "total_time": 3.086343331
          }
        },
        "17": {
          "residual": 6.288387322436883e-06,
          "correlation": -0.5592340918188422,
          "performance": {
            "total_time": 3.068690221
          }
        },
        "18": {
          "residual": 3.60325439849043e-06,
          "correlation": -0.5592386517488294,
          "performance": {
            "total_time": 3.068768437
          }
        },
        "19": {
          "residual": 3.35951909865565e-06,
          "correlation": -0.5592362229401007,
          "performance": {
            "total_time": 3.072501043
          }
        },
        "20": {
          "residual": 1.8981482514645297e-06,
          "correlation": -0.5592389366253929,
          "performance": {
            "total_time": 3.068652658
          }
        },
        "21": {
          "residual": 3.177270298582162e-07,
          "correlation": -0.5592388555016158,
          "performance": {
            "total_time": 3.07297209
          }
        },
        "22": {
          "residual": 1.5326443084397192e-07,
          "correlation": -0.5592388313461691,
          "performance": {
            "total_time": 3.095184341
          }
        },
        "23": {
          "residual": 6.394780146799579e-08,
          "correlation": -0.5592388927584319,
          "performance": {
            "total_time": 3.070174692
          }
        },
        "24": {
          "residual": 5.144989315399108e-08,
          "correlation": -0.5592388622857305,
          "performance": {
            "total_time": 3.095055626
          }
        },
        "25": {
          "residual": 2.465047097355699e-08,
          "correlation": -0.5592388974771751,
          "performance": {
            "total_time": 3.02191452
          }
        },
        "26": {
          "residual": 1.284084503903237e-08,
          "correlation": -0.5592388921995958,
          "performance": {
            "total_time": 3.024907787
          }
        },
        "27": {
          "residual": 9.535749537709508e-09,
          "correlation": -0.5592388887016354,
          "performance": {
            "total_time": 3.028942294
          }
        }
      },
      "n_iterations": 27,
      "final_energy": {
        "correlation": -0.5592388887016354,
        "total": -109.18853586840831
      }
    },
    "DUCC": {
      "performance": {
        "total_time": 38.008725606999995
      },
      "results": {
        "X1": -26.745179360086205,
        "X2": 1.3698854026283622e-15,
        "X3": -6.605855476793692,
        "X4": -1.5145405932241067e-22,
        "X5": 0.0,
        "X6": 0.0,
        "X7": -0.5807919280909981,
        "X8": -5.703800883490159e-34,
        "X9": 2.527312854267918e-37
      }
    }
  },
  "input": {
    "molecule": {
      "name": "N2_1.6",
      "basisset": "cc-pvqz",
      "geometry_units": "angstrom"
    },