{
  "output": {
    "SCF": {
      "nucl_rep_energy": 19.945911700392788,
      "iter": {
        "1": {
          "energy": -108.85650374913367,
          "e_diff": -108.85650374913367,
          "rmsd": 0.0020454876166086443,
          "performance": {
            "total_time": 0.059729662
          }
        },
        "2": {
          "energy": -108.86733935255519,
          "e_diff": -0.01083560342152623,
          "rmsd": 0.0007615963276993413,
          "performance": {
            "total_time": 0.060517156
          }
        },
        "3": {
          "energy": -108.86834697977413,
          "e_diff": -0.001007627218939433,
          "rmsd": 0.00026577061608267844,
          "performance": {
            "total_time": 0.060401251
          }
        },
        "4": {
          "energy": -108.86844474195065,
          "e_diff": -9.776217652301966e-05,
          "rmsd": 1.5103623222218135e-05,
          "performance": {
            "total_time": 0.061535055
          }
        },
        "5": {
          "energy": -108.86844520923673,
          "e_diff": -4.6728607117074716e-07,
          "rmsd": 3.987139138311463e-06,
          "performance": {
            "total_time": 0.061158173
          }
        },
        "6": {
          "energy": -108.86844522492724,
          "e_diff": -1.5690517329858267e-08,
          "rmsd": 7.651096047797005e-07,
          "performance": {
            "total_time": 0.063475964
          }
        },
        "7": {
          "energy": -108.86844522541126,
          "e_diff": -4.840217115997802e-10,
          "rmsd": 9.518172528140555e-08,
          "performance": {
            "total_time": 0.063686448
          }
        },
        "8": {
          "energy": -108.86844522541561,
          "e_diff": -4.348521542851813e-12,
          "rmsd": 3.921898101832908e-09,
          "performance": {
            "total_time": 0.065052419
          }
        }
      },
      "final_energy": -108.86844522541561,
      "n_iterations": 8
    },
    "CD": {
      "n_cholesky_vectors": 479
    },
    "CCSD": {
      "iter": {
        "1": {
          "residual": 0.6919149584306294,
          "correlation": 0.0,
          "performance": {
            "total_time": 0.320878143
          }
        },
        "2": {
          "residual": 0.11639036820070092,
          "correlation": -0.46439379521164464,
          "performance": {
            "total_time": 0.278596713
          }
        },
        "3": {
          "residual": 0.057879078344788386,
          "correlation": -0.40122670188544785,
          "performance": {
            "total_time": 0.278574058
          }
        },
        "4": {
          "residual": 0.020170039198577055,
          "correlation": -0.44390705897958815,
          "performance": {
            "total_time": 0.279261587
          }
        },
        "5": {
          "residual": 0.012099418409347803,
          "correlation": -0.43005549967730883,
          "performance": {
            "total_time": 0.278075962
          }
        },
        "6": {
          "residual": 0.0031473774400955514,
          "correlation": -0.4372115534658955,
          "performance": {
            "total_time": 0.276834004
          }
        },
        "7": {
          "residual": 0.0015611837063357651,
          "correlation": -0.4366971099415483,
          "performance": {
            "total_time": 0.276330598
          }
        },
        "8": {
          "residual": 0.0008502193394070103,
          "correlation": -0.43700055812357874,
          "performance": {
            "total_time": 0.277343392
          }
        },
        "9": {
          "residual": 0.0005441388097254281,
          "correlation": -0.4369877865425592,
          "performance": {
            "total_time": 0.27556696
          }
        },
        "10": {
          "residual": 0.0003240698946965422,
          "correlation": -0.4370770659678164,
          "performance": {
            "total_time": 0.277345849
          }
        },
        "11": {
          "residual": 3.482156258900615e-05,
          "correlation": -0.4371558015728115,
          "performance": {
            "total_time": 0.277290598
          }
        },
        "12": {
          "residual": 1.0016452196745374e-05,
          "correlation": -0.43715665717696833,
          "performance": {
            "total_time": 0.277998685
          }
        },
        "13": {
          "residual": 3.6857862929405778e-06,
          "correlation": -0.4371600585833437,
          "performance": {
            "total_time": 0.282771773
          }
        },
        "14": {
          "residual": 1.8126422115933355e-06,
          "correlation": -0.4371594433910917,
          "performance": {
            "total_time": 0.275355675
          }
        },
        "15": {
          "residual": 8.120787174842264e-07,
          "correlation": -0.4371600773947701,
          "performance": {
            "total_time": 0.277581966
          }
        },
        "16": {
          "residual": 3.7706227791669396e-07,
          "correlation": -0.43716013469798326,
          "performance": {
            "total_time": 0.275749066
          }
        },
        "17": {
          "residual": 2.1041557711111786e-07,
          "correlation": -0.4371600534170942,
          "performance": {
            "total_time": 0.280296067
          }
        },
        "18": {
          "residual": 1.0918183813365584e-07,
          "correlation": -0.43716011421613543,
          "performance": {
            "total_time": 0.27860268
          }
        },
        "19": {
          "residual": 7.177801690072375e-08,
          "correlation": -0.4371601025170714,
          "performance": {
            "total_time": 0.274065319
          }
        },
        "20": {
          "residual": 4.12460632680187e-08,
          "correlation": -0.4371601179349187,
          "performance": {
            "total_time": 0.277795287
          }
        },
        "21": {
          "residual": 5.245402031900832e-09,
          "correlation": -0.4371601251253523,
          "performance": {
            "total_time": 0.278057296
          }
        }
      },
      "n_iterations": 21,
      "final_energy": {
        "correlation": -0.4371601251253523,
        "total": -109.30560535054096
      }
    },
    "DUCC": {
      "performance": {
        "total_time": 12.157580223
      },
      "results": {
        "X1": -27.278569495187533,
        "X2": -2.0025598973046177e-15,
        "X3": -6.771075659442572,
        "X4": 3.012455789529801e-23,
        "X5": 0.0,
        "X6": 0.0,
        "X7": -0.5933231043862294,
        "X8": -1.2415079301906387e-35,
        "X9": -2.644862289350147e-38
      }
    }
  },
  "input": {
    "molecule": {
      "name": "N2_1.3",
      "basisset": "cc-pvtz",
      "geometry_units": "angstrom"
    },
    "SCF": {
      "tol_int": 1e-22,
      "tol_sch": 1e-10,
      "tol_lindep": 1e-05,
      "conve": 1e-09,
      "convd": 1e-08,
      "diis_hist": 10,
      "AO_tilesize": 30,
      "force_tilesize": "false",
      "scf_type": "restricted",
      "multiplicity": 1,
      "lambdas": [],
      "polvecs": [],
      "omegas": [],
      "volumes": []
    },
    "CD": {
      "diagtol": 1e-06,
      "itilesize": 1000,
      "write_cv": false,
      "write_vcount": 5000,
      "max_cvecs_factor": 12
    },
    "CCSD": {
      "threshold": 1e-08,
      "tilesize": 40,
      "ndiis": 5,
      "readt": "false",
      "writet": "false",
      "ccsd_maxiter": 50,
      "balance_tiles": "true"
    },
    "DUCC": {
      "nactive": 21
    }
  }
}
