{
  "output": {
    "SCF": {
      "nucl_rep_energy": 18.521203721793302,
      "iter": {
        "1": {
          "energy": -108.77430801018382,
          "e_diff": -108.77430801018382,
          "rmsd": 0.0020763830652380084,
          "performance": {
            "total_time": 0.072370634
          }
        },
        "2": {
          "energy": -108.78516619791554,
          "e_diff": -0.010858187731727753,
          "rmsd": 0.0007519788696019794,
          "performance": {
            "total_time": 0.072930569
          }
        },
        "3": {
          "energy": -108.78627601948848,
          "e_diff": -0.0011098215729390404,
          "rmsd": 0.0003182209960793591,
          "performance": {
            "total_time": 0.074637935
          }
        },
        "4": {
          "energy": -108.78641343489953,
          "e_diff": -0.00013741541104650423,
          "rmsd": 1.6138783191448493e-05,
          "performance": {
            "total_time": 0.063086963
          }
        },
        "5": {
          "energy": -108.78641393324092,
          "e_diff": -4.983413930403913e-07,
          "rmsd": 4.072334609203814e-06,
          "performance": {
            "total_time": 0.06148652
          }
        },
        "6": {
          "energy": -108.78641394878791,
          "e_diff": -1.5546987697234727e-08,
          "rmsd": 8.104652710010026e-07,
          "performance": {
            "total_time": 0.062964334
          }
        },
        "7": {
          "energy": -108.78641394928151,
          "e_diff": -4.935998276778264e-10,
          "rmsd": 7.672260437439298e-08,
          "performance": {
            "total_time": 0.064319981
          }
        },
        "8": {
          "energy": -108.7864139492852,
          "e_diff": -3.694822225952521e-12,
          "rmsd": 3.0165630673417265e-09,
          "performance": {
            "total_time": 0.065311343
          }
        }
      },
      "final_energy": -108.7864139492852,
      "n_iterations": 8
    },
    "CD": {
      "n_cholesky_vectors": 482
    },
    "CCSD": {
      "iter": {
        "1": {
          "residual": 0.6828449277886768,
          "correlation": 0.0,
          "performance": {
            "total_time": 0.611287494
          }
        },
        "2": {
          "residual": 0.13734141162048694,
          "correlation": -0.5070280058997211,
          "performance": {
            "total_time": 0.487503895
          }
        },
        "3": {
          "residual": 0.08070055146294622,
          "correlation": -0.4049452634952438,
          "performance": {
            "total_time": 0.480573433
          }
        },
        "4": {
          "residual": 0.03545590534311158,
          "correlation": -0.4764625533613458,
          "performance": {
            "total_time": 0.478770134
          }
        },
        "5": {
          "residual": 0.022966860804624158,
          "correlation": -0.4445577116173946,
          "performance": {
            "total_time": 0.478372932
          }
        },
        "6": {
          "residual": 0.004267439113459484,
          "correlation": -0.45938259059428566,
          "performance": {
            "total_time": 0.481729361
          }
        },
        "7": {
          "residual": 0.002400375992778099,
          "correlation": -0.4587125520910426,
          "performance": {
            "total_time": 0.487449087
          }
        },
        "8": {
          "residual": 0.001376279602352987,
          "correlation": -0.45930350378081736,
          "performance": {
            "total_time": 0.492004721
          }
        },
        "9": {
          "residual": 0.0009515958834130526,
          "correlation": -0.45926329125667986,
          "performance": {
            "total_time": 0.478454991
          }
        },
        "10": {
          "residual": 0.0005846210470783146,
          "correlation": -0.45947875411535777,
          "performance": {
            "total_time": 0.479301557
          }
        },
        "11": {
          "residual": 7.074499952120057e-05,
          "correlation": -0.4596572892185203,
          "performance": {
            "total_time": 0.47571155
          }
        },
        "12": {
          "residual": 2.39273330683632e-05,
          "correlation": -0.4596576001111694,
          "performance": {
            "total_time": 0.477082569
          }
        },
        "13": {
          "residual": 1.0213636924778348e-05,
          "correlation": -0.4596655265123253,
          "performance": {
            "total_time": 0.481883661
          }
        },
        "14": {
          "residual": 5.476558485213169e-06,
          "correlation": -0.45966384478668154,
          "performance": {
            "total_time": 0.470382608
          }
        },
        "15": {
          "residual": 2.7792365344336688e-06,
          "correlation": -0.45966579672448493,
          "performance": {
            "total_time": 0.473248564
          }
        },
        "16": {
          "residual": 1.2448808861163165e-06,
          "correlation": -0.4596659587344827,
          "performance": {
            "total_time": 0.473190788
          }
        },
        "17": {
          "residual": 7.417688129134786e-07,
          "correlation": -0.4596656232336638,
          "performance": {
            "total_time": 0.472539177
          }
        },
        "18": {
          "residual": 3.962320057447403e-07,
          "correlation": -0.4596659038690985,
          "performance": {
            "total_time": 0.475492005
          }
        },
        "19": {
          "residual": 2.863402225686346e-07,
          "correlation": -0.4596658258020321,
          "performance": {
            "total_time": 0.471297528
          }
        },
        "20": {
          "residual": 1.6573739013673336e-07,
          "correlation": -0.4596659189257722,
          "performance": {
            "total_time": 0.484816182
          }
        },
        "21": {
          "residual": 2.4613550629676547e-08,
          "correlation": -0.45966595014587897,
          "performance": {
            "total_time": 0.468563173
          }
        },
        "22": {
          "residual": 9.662009306417296e-09,
          "correlation": -0.45966595382135134,
          "performance": {
            "total_time": 0.470541032
          }
        }
      },
      "n_iterations": 22,
      "final_energy": {
        "correlation": -0.45966595382135134,
        "total": -109.24607990310656
      }
    }
  },
  "input": {
    "molecule": {
      "name": "N2_1.4",
      "basisset": "cc-pvtz",
      "geometry_units": "angstrom"
    },
    "SCF": {
      "tol_int": 1e-22,
      "tol_sch": 1e-10,
      "tol_lindep": 1e-05,
      "conve": 1e-09,
      "convd": 1e-08,
      "diis_hist": 10,
      "AO_tilesize": 30,
      "force_tilesize": "false",
      "scf_type": "restricted",
      "multiplicity": 1,
      "lambdas": [],
      "polvecs": [],
      "omegas": [],
      "volumes": []
    },
    "CD": {
      "diagtol": 1e-06,
      "itilesize": 1000,
      "write_cv": false,
      "write_vcount": 5000,
      "max_cvecs_factor": 12
    },
    "CCSD": {
      "threshold": 1e-08,
      "tilesize": 40,
      "ndiis": 5,
      "readt": "false",
      "writet": "false",
      "ccsd_maxiter": 50,
      "balance_tiles": "true"
    }
  }
}
