{
  "output": {
    "SCF": {
      "nucl_rep_energy": 12.3474691478622,
      "iter": {
        "1": {
          "energy": -108.30757524925045,
          "e_diff": -108.30757524925045,
          "rmsd": 0.0010475583508456517,
          "performance": {
            "total_time": 0.40178351
          }
        },
        "2": {
          "energy": -108.31371028218021,
          "e_diff": -0.006135032929762474,
          "rmsd": 0.0003186440928829397,
          "performance": {
            "total_time": 0.406082619
          }
        },
        "3": {
          "energy": -108.31453872450952,
          "e_diff": -0.000828442329307677,
          "rmsd": 0.0001820711461083145,
          "performance": {
            "total_time": 0.408341534
          }
        },
        "4": {
          "energy": -108.31468604958896,
          "e_diff": -0.00014732507943904238,
          "rmsd": 1.1856592322316933e-05,
          "performance": {
            "total_time": 0.416979206
          }
        },
        "5": {
          "energy": -108.31468663915994,
          "e_diff": -5.895709875858302e-07,
          "rmsd": 1.8829391243211545e-06,
          "performance": {
            "total_time": 0.410759182
          }
        },
        "6": {
          "energy": -108.31468665592902,
          "e_diff": -1.6769078570177953e-08,
          "rmsd": 4.382384247994175e-07,
          "performance": {
            "total_time": 0.411874284
          }
        },
        "7": {
          "energy": -108.31468665636555,
          "e_diff": -4.3652903514157515e-10,
          "rmsd": 1.2306667790638269e-07,
          "performance": {
            "total_time": 0.412474272
          }
        },
        "8": {
          "energy": -108.31468665638323,
          "e_diff": -1.7678303265711293e-11,
          "rmsd": 1.0588493329594203e-08,
          "performance": {
            "total_time": 0.416159518
          }
        },
        "9": {
          "energy": -108.31468665638333,
          "e_diff": -9.947598300641403e-14,
          "rmsd": 9.835574029247517e-10,
          "performance": {
            "total_time": 0.418369611
          }
        }
      },
      "final_energy": -108.31468665638333,
      "n_iterations": 9
    },
    "CD": {
      "n_cholesky_vectors": 795
    },
    "CCSD": {
      "iter": {
        "1": {
          "residual": 1.0304219768966207,
          "correlation": 0.0,
          "performance": {
            "total_time": 3.736918342
          }
        },
        "2": {
          "residual": 0.299348750108629,
          "correlation": -0.8763377954270627,
          "performance": {
            "total_time": 3.422151938
          }
        },
        "3": {
          "residual": 0.3329742535197069,
          "correlation": -0.36449054879171916,
          "performance": {
            "total_time": 3.626193873
          }
        },
        "4": {
          "residual": 0.3190079979330305,
          "correlation": -0.9348300859249332,
          "performance": {
            "total_time": 3.504137696
          }
        },
        "5": {
          "residual": 0.3519602720785289,
          "correlation": -0.36848154954431545,
          "performance": {
            "total_time": 3.527186828
          }
        },
        "6": {
          "residual": 0.026820169866407013,
          "correlation": -0.6637425857994544,
          "performance": {
            "total_time": 3.600104029
          }
        },
        "7": {
          "residual": 0.032483159687276865,
          "correlation": -0.6392687547250792,
          "performance": {
            "total_time": 3.571660855
          }
        },
        "8": {
          "residual": 0.021090868729001115,
          "correlation": -0.6759440180769439,
          "performance": {
            "total_time": 3.569218055
          }
        },
        "9": {
          "residual": 0.030086002063263142,
          "correlation": -0.6480255397924137,
          "performance": {
            "total_time": 3.531642401
          }
        },
        "10": {
          "residual": 0.020030978503775384,
          "correlation": -0.6868959862431904,
          "performance": {
            "total_time": 3.635041613
          }
        },
        "11": {
          "residual": 0.007053961386866179,
          "correlation": -0.6928495257097462,
          "performance": {
            "total_time": 3.565994084
          }
        },
        "12": {
          "residual": 0.0035531568520436306,
          "correlation": -0.6970547263700776,
          "performance": {
            "total_time": 3.553566059
          }
        },
        "13": {
          "residual": 0.004800291511931975,
          "correlation": -0.6938248262936885,
          "performance": {
            "total_time": 3.506332241
          }
        },
        "14": {
          "residual": 0.002734454409425019,
          "correlation": -0.6988092742937406,
          "performance": {
            "total_time": 3.605011911
          }
        },
        "15": {
          "residual": 0.004253519878733345,
          "correlation": -0.6952166109852976,
          "performance": {
            "total_time": 3.515215822
          }
        },
        "16": {
          "residual": 0.001397257293848613,
          "correlation": -0.7000812471036708,
          "performance": {
            "total_time": 3.555452667
          }
        },
        "17": {
          "residual": 0.0017216483287876194,
          "correlation": -0.6993711345726006,
          "performance": {
            "total_time": 3.483922903
          }
        },
        "18": {
          "residual": 0.0009786421282393372,
          "correlation": -0.7010878491389377,
          "performance": {
            "total_time": 3.497380576
          }
        },
        "19": {
          "residual": 0.0014481651497403188,
          "correlation": -0.7001132157610794,
          "performance": {
            "total_time": 3.522369586
          }
        },
        "20": {
          "residual": 0.0008443580895901913,
          "correlation": -0.7017748783084071,
          "performance": {
            "total_time": 3.476538974
          }
        },
        "21": {
          "residual": 0.00020611349455875933,
          "correlation": -0.7027039574188717,
          "performance": {
            "total_time": 3.530146453
          }
        },
        "22": {
          "residual": 0.00017491557177562082,
          "correlation": -0.7026206675057737,
          "performance": {
            "total_time": 3.480584831
          }
        },
        "23": {
          "residual": 0.00010024493916054347,
          "correlation": -0.7027589580376652,
          "performance": {
            "total_time": 3.498341159
          }
        },
        "24": {
          "residual": 0.00013751464153921266,
          "correlation": -0.7026671049823614,
          "performance": {
            "total_time": 3.297893824
          }
        },
        "25": {
          "residual": 7.883912338143965e-05,
          "correlation": -0.7028112092271586,
          "performance": {
            "total_time": 3.215592308
          }
        },
        "26": {
          "residual": 4.352508932818432e-05,
          "correlation": -0.7028487087763857,
          "performance": {
            "total_time": 3.208787863
          }
        },
        "27": {
          "residual": 4.9140209498287235e-05,
          "correlation": -0.7028307080591571,
          "performance": {
            "total_time": 3.220711473
          }
        },
        "28": {
          "residual": 2.7958665826671093e-05,
          "correlation": -0.7028784421425672,
          "performance": {
            "total_time": 3.175727226
          }
        },
        "29": {
          "residual": 4.062760816858174e-05,
          "correlation": -0.7028522887361127,
          "performance": {
            "total_time": 3.1746411
          }
        },
        "30": {
          "residual": 2.3458936043024115e-05,