{
  "output": {
    "SCF": {
      "nucl_rep_energy": 8.64322840350354,
      "iter": {
        "1": {
          "energy": -108.03323576236652,
          "e_diff": -108.03323576236652,
          "rmsd": 0.0008211543317093514,
          "performance": {
            "total_time": 0.281921581
          }
        },
        "2": {
          "energy": -108.03590379164393,
          "e_diff": -0.0026680292774159398,
          "rmsd": 0.0002838654833348016,
          "performance": {
            "total_time": 0.288403022
          }
        },
        "3": {
          "energy": -108.03630382988996,
          "e_diff": -0.00040003824602763416,
          "rmsd": 0.00016752872107069516,
          "performance": {
            "total_time": 0.292587243
          }
        },
        "4": {
          "energy": -108.03637632647705,
          "e_diff": -7.24965870944061e-05,
          "rmsd": 1.1091056042504766e-05,
          "performance": {
            "total_time": 0.294354957
          }
        },
        "5": {
          "energy": -108.03637671207373,
          "e_diff": -3.8559667814297427e-07,
          "rmsd": 7.902169477070794e-07,
          "performance": {
            "total_time": 0.295202654
          }
        },
        "6": {
          "energy": -108.03637671755334,
          "e_diff": -5.479606102198886e-09,
          "rmsd": 5.367007848759662e-07,
          "performance": {
            "total_time": 0.30131083
          }
        },
        "7": {
          "energy": -108.03637671817852,
          "e_diff": -6.251781314858817e-10,
          "rmsd": 1.0840445500030605e-07,
          "performance": {
            "total_time": 0.299711596
          }
        },
        "8": {
          "energy": -108.03637671818447,
          "e_diff": -5.9543481256696396e-12,
          "rmsd": 2.237633000871277e-08,
          "performance": {
            "total_time": 0.300982682
          }
        },
        "9": {
          "energy": -108.0363767181984,
          "e_diff": -1.3926637620897964e-11,
          "rmsd": 6.0520996431294475e-09,
          "performance": {
            "total_time": 0.303504993
          }
        }
      },
      "final_energy": -108.0363767181984,
      "n_iterations": 9
    },
    "CD": {
      "n_cholesky_vectors": 771
    },
    "CCSD": {
      "iter": {
        "1": {
          "residual": 1.0445920910873474,
          "correlation": 0.0,
          "performance": {
            "total_time": 3.193203281
          }
        },
        "2": {
          "residual": 0.6150809034215463,
          "correlation": -1.4336467062515432,
          "performance": {
            "total_time": 2.985502357
          }
        },
        "3": {
          "residual": 1.4217480507269418,
          "correlation": 0.5207061858066206,
          "performance": {
            "total_time": 2.962713395
          }
        },
        "4": {
          "residual": 2.2622952988946614,
          "correlation": -3.8489839084891027,
          "performance": {
            "total_time": 2.977761231
          }
        },
        "5": {
          "residual": 3.7310764722409684,
          "correlation": 2.3838544311285608,
          "performance": {
            "total_time": 2.963219726
          }
        },
        "6": {
          "residual": 0.14218182807518884,
          "correlation": -0.859609170583462,
          "performance": {
            "total_time": 2.959156247
          }
        },
        "7": {
          "residual": 0.33031615872792064,
          "correlation": -0.4279213734199051,
          "performance": {
            "total_time": 2.953377141
          }
        },
        "8": {
          "residual": 0.5952816397311244,
          "correlation": -1.4095202672588643,
          "performance": {
            "total_time": 2.968052712
          }
        },
        "9": {
          "residual": 1.2859827132123822,
          "correlation": 0.39849225236908886,
          "performance": {
            "total_time": 2.956359466
          }
        },
        "10": {
          "residual": 2.1042835079040154,
          "correlation": -3.5124770774404435,
          "performance": {
            "total_time": 2.954600751
          }
        },
        "11": {
          "residual": 0.0392521637445651,
          "correlation": -0.7808211849867686,
          "performance": {
            "total_time": 2.953313451
          }
        },
        "12": {
          "residual": 0.09755130587909511,
          "correlation": -0.7025889890999475,
          "performance": {
            "total_time": 2.973140472
          }
        },
        "13": {
          "residual": 0.12360428251897135,
          "correlation": -0.9302701886224526,
          "performance": {
            "total_time": 2.952434011
          }
        },
        "14": {
          "residual": 0.30853543290514246,
          "correlation": -0.5491082605331833,
          "performance": {
            "total_time": 2.951902871
          }
        },
        "15": {
          "residual": 0.5509298026832908,
          "correlation": -1.3818863933103076,
          "performance": {
            "total_time": 2.95060928
          }
        },
        "16": {
          "residual": 0.035308085495376625,
          "correlation": -0.837751934334851,
          "performance": {
            "total_time": 2.952684655
          }
        },
        "17": {
          "residual": 0.11868607996374148,
          "correlation": -0.7450854729868986,
          "performance": {
            "total_time": 2.975788784
          }
        },
        "18": {
          "residual": 0.151887508229558,
          "correlation": -1.0180867975903893,
          "performance": {
            "total_time": 2.952173305
          }
        },
        "19": {
          "residual": 0.3485340953097524,
          "correlation": -0.5863659524288546,
          "performance": {
            "total_time": 2.954369702
          }
        },
        "20": {
          "residual": 0.6140931659483472,
          "correlation": -1.4753096048676981,
          "performance": {
            "total_time": 2.953563636
          }
        },
        "21": {
          "residual": 0.03148988889368063,
          "correlation": -0.8539793106156003,
          "performance": {
            "total_time": 2.952676311
          }
        },
        "22": {
          "residual": 0.10083492999543643,
          "correlation": -0.7949735711841275,
          "performance": {
            "total_time": 2.950369048
          }
        },
        "23": {
          "residual": 0.11001859936735363,
          "correlation": -1.008016767498628,
          "performance": {
            "total_time": 2.953973972
          }
        },
        "24": {
          "residual": 0.25866228147067494,
          "correlation": -0.7043422219889234,
          "performance": {
            "total_time": 2.97466866
          }
        },
        "25": {
          "residual": 0.4200254623902962,
          "correlation": -1.3293419647183453,
          "performance": {
            "total_time": 2.951522478
          }
        },
        "26": {
          "residual": 0.027917877888421067,
          "correlation": -0.9007166128888223,
          "performance": {
            "total_time": 2.949885117
          }
        },
        "27": {
          "residual": 0.09710118898149815,
          "correlation": -0.8487552017134177,
          "performance": {
            "total_time": 2.950354298
          }
        },
        "28": {
          "residual": 0.10417101627422427,
          "correlation": -1.049658896803946,
          "performance": {
            "total_time": 2.94714723
          }
        },
        "29": {
          "residual": 0.2195603911739615,
          "correlation": -0.7841509965995765,
          "performance": {
            "total_time": 2.954587828
          }
        },
        "30": {
          "residual": 0.3369705598870947,
          "correlation": -1.2891623385890412,