{
  "output": {
    "SCF": {
      "nucl_rep_energy": 8.941270762245043,
      "iter": {
        "1": {
          "energy": -108.0425515584887,
          "e_diff": -108.0425515584887,
          "rmsd": 0.0013535141539541737,
          "performance": {
            "total_time": 0.050022727
          }
        },
        "2": {
          "energy": -108.04518394025116,
          "e_diff": -0.002632381762467162,
          "rmsd": 0.00047564298393754025,
          "performance": {
            "total_time": 0.049957074
          }
        },
        "3": {
          "energy": -108.04556837413014,
          "e_diff": -0.00038443387897757475,
          "rmsd": 0.00022640216428827014,
          "performance": {
            "total_time": 0.050634369
          }
        },
        "4": {
          "energy": -108.04562331916065,
          "e_diff": -5.494503051295396e-05,
          "rmsd": 9.570914771436958e-06,
          "performance": {
            "total_time": 0.051743981
          }
        },
        "5": {
          "energy": -108.04562348875152,
          "e_diff": -1.6959086224233033e-07,
          "rmsd": 9.49010758127555e-07,
          "performance": {
            "total_time": 0.052766906
          }
        },
        "6": {
          "energy": -108.04562349060312,
          "e_diff": -1.851603315117245e-09,
          "rmsd": 2.773365258171424e-07,
          "performance": {
            "total_time": 0.054139208
          }
        },
        "7": {
          "energy": -108.04562349069212,
          "e_diff": -8.900258308131015e-11,
          "rmsd": 2.826792573806062e-08,
          "performance": {
            "total_time": 0.055362778
          }
        },
        "8": {
          "energy": -108.04562349069278,
          "e_diff": -6.536993168992922e-13,
          "rmsd": 9.280908067797208e-09,
          "performance": {
            "total_time": 0.056130072
          }
        }
      },
      "final_energy": -108.04562349069278,
      "n_iterations": 8
    },
    "CD": {
      "n_cholesky_vectors": 461
    },
    "CCSD": {
      "iter": {
        "1": {
          "residual": 0.6970265729185875,
          "correlation": 0.0,
          "performance": {
            "total_time": 0.582855391
          }
        },
        "2": {
          "residual": 0.5731915459060472,
          "correlation": -1.333231862698936,
          "performance": {
            "total_time": 0.461988322
          }
        },
        "3": {
          "residual": 1.245870901590889,
          "correlation": 0.43942516470980253,
          "performance": {
            "total_time": 0.455120839
          }
        },
        "4": {
          "residual": 1.9431289454262755,
          "correlation": -3.2615430016403995,
          "performance": {
            "total_time": 0.457142322
          }
        },
        "5": {
          "residual": 3.092518312194547,
          "correlation": 2.0604329425062535,
          "performance": {
            "total_time": 0.456869383
          }
        },
        "6": {
          "residual": 0.13484415009302123,
          "correlation": -0.8007054234155,
          "performance": {
            "total_time": 0.44812068
          }
        },
        "7": {
          "residual": 0.3035016365479503,
          "correlation": -0.40254377273895153,
          "performance": {
            "total_time": 0.449570167
          }
        },
        "8": {
          "residual": 0.510168958906754,
          "correlation": -1.264608162677139,
          "performance": {
            "total_time": 0.478784739
          }
        },
        "9": {
          "residual": 1.0418383342983084,
          "correlation": 0.238470022281286,
          "performance": {
            "total_time": 0.474646287
          }
        },
        "10": {
          "residual": 1.7410052320611604,
          "correlation": -2.7946503602917976,
          "performance": {
            "total_time": 0.457787895
          }
        },
        "11": {
          "residual": 0.0475331409959123,
          "correlation": -0.7438586019871141,
          "performance": {
            "total_time": 0.459025771
          }
        },
        "12": {
          "residual": 0.13129469503269617,
          "correlation": -0.6123688974789108,
          "performance": {
            "total_time": 0.455395685
          }
        },
        "13": {
          "residual": 0.17947372915813606,
          "correlation": -0.9345304287888565,
          "performance": {
            "total_time": 0.457916261
          }
        },
        "14": {
          "residual": 0.4014073266515258,
          "correlation": -0.40367316644839,
          "performance": {
            "total_time": 0.484192211
          }
        },
        "15": {
          "residual": 0.6981607381095929,
          "correlation": -1.4739038858500568,
          "performance": {
            "total_time": 0.475212328
          }
        },
        "16": {
          "residual": 0.036664643711085056,
          "correlation": -0.762947893393511,
          "performance": {
            "total_time": 0.454099163
          }
        },
        "17": {
          "residual": 0.10964172302269562,
          "correlation": -0.6781423944827203,
          "performance": {
            "total_time": 0.453427237
          }
        },
        "18": {
          "residual": 0.1256013341533091,
          "correlation": -0.919649517982601,
          "performance": {
            "total_time": 0.45037349
          }
        },
        "19": {
          "residual": 0.29305371168957506,
          "correlation": -0.5591537789602257,
          "performance": {
            "total_time": 0.450063843
          }
        },
        "20": {
          "residual": 0.4719314671290337,
          "correlation": -1.2860472419790197,
          "performance": {
            "total_time": 0.451610589
          }
        },
        "21": {
          "residual": 0.03229735417758849,
          "correlation": -0.7990995573337504,
          "performance": {
            "total_time": 0.47631957
          }
        },
        "22": {
          "residual": 0.0999460989837601,
          "correlation": -0.7395432645312563,
          "performance": {
            "total_time": 0.46746972
          }
        },
        "23": {
          "residual": 0.09867643238457192,
          "correlation": -0.9421671421391109,
          "performance": {
            "total_time": 0.45957917
          }
        },
        "24": {
          "residual": 0.22850245011062534,
          "correlation": -0.6746576235350977,
          "performance": {
            "total_time": 0.455344796
          }
        },
        "25": {
          "residual": 0.3354401996265304,
          "correlation": -1.2035273464009484,
          "performance": {
            "total_time": 0.454746093
          }
        },
        "26": {
          "residual": 0.026899812430050435,
          "correlation": -0.861954040179191,
          "performance": {
            "total_time": 0.448138612
          }
        },
        "27": {
          "residual": 0.0902766819260316,
          "correlation": -0.814702041090769,
          "performance": {
            "total_time": 0.449908654
          }
        },
        "28": {
          "residual": 0.08573432619533558,
          "correlation": -0.9918745263066603,
          "performance": {
            "total_time": 0.452664201
          }
        },
        "29": {
          "residual": 0.17165075178418032,
          "correlation": -0.7829266794249279,
          "performance": {
            "total_time": 0.45157193
          }
        },
        "30": {
          "residual": 0.23140555749727446,
          "correlation": -1.1553576082784263,
          "performance": {
            "total_time": 0.455451284
          }
        },
        "31": {
          "residual": 0.014639302300067002,
          "correlation": -0.9408055803160007,