{
  "output": {
    "SCF": {
      "nucl_rep_energy": 12.96484260525531,
      "iter": {
        "1": {
          "energy": -108.35028829817745,
          "e_diff": -108.35028829817745,
          "rmsd": 0.001921801657716662,
          "performance": {
            "total_time": 0.056723548
          }
        },
        "2": {
          "energy": -108.3565683833382,
          "e_diff": -0.006280085160753401,
          "rmsd": 0.0005567637232996966,
          "performance": {
            "total_time": 0.057131187
          }
        },
        "3": {
          "energy": -108.35738784239891,
          "e_diff": -0.0008194590607075725,
          "rmsd": 0.0003065291890339673,
          "performance": {
            "total_time": 0.057571058
          }
        },
        "4": {
          "energy": -108.35751850587405,
          "e_diff": -0.0001306634751472302,
          "rmsd": 1.3288403370648083e-05,
          "performance": {
            "total_time": 0.058094754
          }
        },
        "5": {
          "energy": -108.35751881074665,
          "e_diff": -3.048726000542956e-07,
          "rmsd": 2.049247909913873e-06,
          "performance": {
            "total_time": 0.059256054
          }
        },
        "6": {
          "energy": -108.35751881952334,
          "e_diff": -8.776680715527618e-09,
          "rmsd": 2.2243104652400613e-07,
          "performance": {
            "total_time": 0.061365992
          }
        },
        "7": {
          "energy": -108.35751881959737,
          "e_diff": -7.403855306620244e-11,
          "rmsd": 4.1572665142660174e-08,
          "performance": {
            "total_time": 0.062240651
          }
        },
        "8": {
          "energy": -108.35751881959881,
          "e_diff": -1.4352963262354024e-12,
          "rmsd": 4.323771715124176e-09,
          "performance": {
            "total_time": 0.062987795
          }
        }
      },
      "final_energy": -108.35751881959881,
      "n_iterations": 8
    },
    "CD": {
      "n_cholesky_vectors": 473
    },
    "CCSD": {
      "iter": {
        "1": {
          "residual": 0.675523816874894,
          "correlation": 0.0,
          "performance": {
            "total_time": 0.600028323
          }
        },
        "2": {
          "residual": 0.36904220899016027,
          "correlation": -0.9081467064256364,
          "performance": {
            "total_time": 0.4753152
          }
        },
        "3": {
          "residual": 0.5475375889781229,
          "correlation": -0.11653609680367139,
          "performance": {
            "total_time": 0.474351408
          }
        },
        "4": {
          "residual": 0.7023581967679683,
          "correlation": -1.2680084752930558,
          "performance": {
            "total_time": 0.47496984
          }
        },
        "5": {
          "residual": 0.9955904231517027,
          "correlation": 0.2223317456468426,
          "performance": {
            "total_time": 0.473565336
          }
        },
        "6": {
          "residual": 0.044283316272843036,
          "correlation": -0.6178031019761436,
          "performance": {
            "total_time": 0.475371046
          }
        },
        "7": {
          "residual": 0.0672312334967127,
          "correlation": -0.5385254188270328,
          "performance": {
            "total_time": 0.473060054
          }
        },
        "8": {
          "residual": 0.0744209311162008,
          "correlation": -0.6643345922492212,
          "performance": {
            "total_time": 0.485775408
          }
        },
        "9": {
          "residual": 0.11638427428573035,
          "correlation": -0.5043905080752089,
          "performance": {
            "total_time": 0.471200137
          }
        },
        "10": {
          "residual": 0.14876349279244078,
          "correlation": -0.7372844111741222,
          "performance": {
            "total_time": 0.47142806
          }
        },
        "11": {
          "residual": 0.006175441070993807,
          "correlation": -0.6157454151737436,
          "performance": {
            "total_time": 0.463442723
          }
        },
        "12": {
          "residual": 0.007827972794217512,
          "correlation": -0.6108307544483162,
          "performance": {
            "total_time": 0.462480024
          }
        },
        "13": {
          "residual": 0.005392160238231102,
          "correlation": -0.6211710993580203,
          "performance": {
            "total_time": 0.480648401
          }
        },
        "14": {
          "residual": 0.00997186984307539,
          "correlation": -0.6106216636706332,
          "performance": {
            "total_time": 0.471266071
          }
        },
        "15": {
          "residual": 0.010102184978473322,
          "correlation": -0.627993291650625,
          "performance": {
            "total_time": 0.471887787
          }
        },
        "16": {
          "residual": 0.0007130382582121678,
          "correlation": -0.623243207105868,
          "performance": {
            "total_time": 0.467441598
          }
        },
        "17": {
          "residual": 0.00038396257012415384,
          "correlation": -0.6234192877495834,
          "performance": {
            "total_time": 0.463554733
          }
        },
        "18": {
          "residual": 0.00024368041517178277,
          "correlation": -0.6235036462610795,
          "performance": {
            "total_time": 0.461770352
          }
        },
        "19": {
          "residual": 0.00014402439511595596,
          "correlation": -0.6236329147358716,
          "performance": {
            "total_time": 0.462363733
          }
        },
        "20": {
          "residual": 0.0001430329067823938,
          "correlation": -0.6236041413786881,
          "performance": {
            "total_time": 0.467879273
          }
        },
        "21": {
          "residual": 6.080229196868699e-05,
          "correlation": -0.6237470225880228,
          "performance": {
            "total_time": 0.4813958
          }
        },
        "22": {
          "residual": 7.069177249118498e-05,
          "correlation": -0.6237155366292881,
          "performance": {
            "total_time": 0.46276663
          }
        },
        "23": {
          "residual": 4.4092790409205024e-05,
          "correlation": -0.6237980362074718,
          "performance": {
            "total_time": 0.464071627
          }
        },
        "24": {
          "residual": 8.388073724811328e-05,
          "correlation": -0.6237183022628687,
          "performance": {
            "total_time": 0.462427895
          }
        },
        "25": {
          "residual": 7.829875648384288e-05,
          "correlation": -0.623857181045264,
          "performance": {
            "total_time": 0.467022603
          }
        },
        "26": {
          "residual": 8.305906332683697e-06,
          "correlation": -0.6238297015979899,
          "performance": {
            "total_time": 0.497325154
          }
        },
        "27": {
          "residual": 5.147862783322652e-06,
          "correlation": -0.6238285076135528,
          "performance": {
            "total_time": 0.46383727
          }
        },
        "28": {
          "residual": 2.898868894241099e-06,
          "correlation": -0.6238332844846386,
          "performance": {
            "total_time": 0.463389955
          }
        },
        "29": {
          "residual": 4.219405869071209e-06,
          "correlation": -0.6238294619436668,
          "performance": {
            "total_time": 0.461328599
          }
        },
        "30": {
          "residual": 4.002916985841349e-06,
          "correlation": -0.6238364798794165,
          "performance": {
            "total_time": 0.479349912
          }
        },
        "31": {
          "residual": 7.742523331305812e-07,
          "correlation": -0.6238340500894061,