{
  "output": {
    "SCF": {
      "nucl_rep_energy": 9.260601860896651,
      "iter": {
        "1": {
          "energy": -108.06409896650793,
          "e_diff": -108.06409896650793,
          "rmsd": 0.0014101194781300436,
          "performance": {
            "total_time": 0.051639334
          }
        },
        "2": {
          "energy": -108.06699270455886,
          "e_diff": -0.0028937380509290733,
          "rmsd": 0.0004785761226717965,
          "performance": {
            "total_time": 0.051790338
          }
        },
        "3": {
          "energy": -108.06741224695688,
          "e_diff": -0.00041954239802066695,
          "rmsd": 0.000237306554974839,
          "performance": {
            "total_time": 0.05263494
          }
        },
        "4": {
          "energy": -108.06747418790215,
          "e_diff": -6.194094527245397e-05,
          "rmsd": 9.751393567877885e-06,
          "performance": {
            "total_time": 0.052757522
          }
        },
        "5": {
          "energy": -108.06747436418914,
          "e_diff": -1.7628698856242409e-07,
          "rmsd": 1.0454900867634744e-06,
          "performance": {
            "total_time": 0.054739164
          }
        },
        "6": {
          "energy": -108.06747436634842,
          "e_diff": -2.1592825305560837e-09,
          "rmsd": 2.77311004591067e-07,
          "performance": {
            "total_time": 0.055265429
          }
        },
        "7": {
          "energy": -108.06747436643882,
          "e_diff": -9.039524684339995e-11,
          "rmsd": 2.8658534253844845e-08,
          "performance": {
            "total_time": 0.056030207
          }
        },
        "8": {
          "energy": -108.0674743664394,
          "e_diff": -5.826450433232822e-13,
          "rmsd": 8.854061216679137e-09,
          "performance": {
            "total_time": 0.057547889
          }
        }
      },
      "final_energy": -108.0674743664394,
      "n_iterations": 8
    },
    "CD": {
      "n_cholesky_vectors": 461
    },
    "CCSD": {
      "iter": {
        "1": {
          "residual": 0.6947093740947535,
          "correlation": 0.0,
          "performance": {
            "total_time": 0.581305077
          }
        },
        "2": {
          "residual": 0.5370223989389827,
          "correlation": -1.269867302203855,
          "performance": {
            "total_time": 0.454893799
          }
        },
        "3": {
          "residual": 1.0908224364015249,
          "correlation": 0.31050885144185103,
          "performance": {
            "total_time": 0.46241584
          }
        },
        "4": {
          "residual": 1.6606192793690768,
          "correlation": -2.7742532059890705,
          "performance": {
            "total_time": 0.457389827
          }
        },
        "5": {
          "residual": 2.6375627406650755,
          "correlation": 1.6763255275680304,
          "performance": {
            "total_time": 0.456885785
          }
        },
        "6": {
          "residual": 0.13376376331699974,
          "correlation": -0.8024864792594324,
          "performance": {
            "total_time": 0.459804981
          }
        },
        "7": {
          "residual": 0.28829748465828103,
          "correlation": -0.4213286520124273,
          "performance": {
            "total_time": 0.45483044
          }
        },
        "8": {
          "residual": 0.4580934973829743,
          "correlation": -1.1940978587479802,
          "performance": {
            "total_time": 0.454475287
          }
        },
        "9": {
          "residual": 0.876828336473929,
          "correlation": 0.08387971625832605,
          "performance": {
            "total_time": 0.475973535
          }
        },
        "10": {
          "residual": 1.4410753916138563,
          "correlation": -2.3221083693426197,
          "performance": {
            "total_time": 0.473159634
          }
        },
        "11": {
          "residual": 0.04613861740030129,
          "correlation": -0.7407679393666521,
          "performance": {
            "total_time": 0.457680183
          }
        },
        "12": {
          "residual": 0.12272052782006196,
          "correlation": -0.6180333652147256,
          "performance": {
            "total_time": 0.453013099
          }
        },
        "13": {
          "residual": 0.15585825023534072,
          "correlation": -0.9023679831558016,
          "performance": {
            "total_time": 0.451072684
          }
        },
        "14": {
          "residual": 0.3328108051087294,
          "correlation": -0.46363140618757637,
          "performance": {
            "total_time": 0.490373902
          }
        },
        "15": {
          "residual": 0.5352301650489488,
          "correlation": -1.299572901205321,
          "performance": {
            "total_time": 0.452638595
          }
        },
        "16": {
          "residual": 0.033277723075888194,
          "correlation": -0.7630021231168297,
          "performance": {
            "total_time": 0.452107678
          }
        },
        "17": {
          "residual": 0.09381897454966401,
          "correlation": -0.6967939803521725,
          "performance": {
            "total_time": 0.459441423
          }
        },
        "18": {
          "residual": 0.09328343942788603,
          "correlation": -0.8856481669942762,
          "performance": {
            "total_time": 0.456814084
          }
        },
        "19": {
          "residual": 0.21402054455978828,
          "correlation": -0.6321230609859194,
          "performance": {
            "total_time": 0.455340882
          }
        },
        "20": {
          "residual": 0.30457450101456585,
          "correlation": -1.123140682769408,
          "performance": {
            "total_time": 0.457509687
          }
        },
        "21": {
          "residual": 0.027765631942556993,
          "correlation": -0.8204315109584135,
          "performance": {
            "total_time": 0.46962211
          }
        },
        "22": {
          "residual": 0.08226687741571859,
          "correlation": -0.7758657432918148,
          "performance": {
            "total_time": 0.465703077
          }
        },
        "23": {
          "residual": 0.07131790897778569,
          "correlation": -0.9293675012717839,
          "performance": {
            "total_time": 0.456062697
          }
        },
        "24": {
          "residual": 0.15425137816576526,
          "correlation": -0.75271910052162,
          "performance": {
            "total_time": 0.459787641
          }
        },
        "25": {
          "residual": 0.19646033482347658,
          "correlation": -1.0795736475140163,
          "performance": {
            "total_time": 0.459430136
          }
        },
        "26": {
          "residual": 0.016346762927089257,
          "correlation": -0.9069433622752856,
          "performance": {
            "total_time": 0.457520712
          }
        },
        "27": {
          "residual": 0.044401578629601285,
          "correlation": -0.8880082148296194,
          "performance": {
            "total_time": 0.459581415
          }
        },
        "28": {
          "residual": 0.035878386714003396,
          "correlation": -0.9669476782784396,
          "performance": {
            "total_time": 0.456525341
          }
        },
        "29": {
          "residual": 0.0631046927961536,
          "correlation": -0.890271803096632,
          "performance": {
            "total_time": 0.455469979
          }
        },
        "30": {
          "residual": 0.07093764063272359,
          "correlation": -1.0134983398122213,
          "performance": {
            "total_time": 0.460573303
          }
        },
        "31": {
          "residual": 0.0029799026529284023,
          "correlation": -0.963223298127801,