{
  "output": {
    "SCF": {
      "nucl_rep_energy": 9.603587115003934,
      "iter": {
        "1": {
          "energy": -108.08799076387348,
          "e_diff": -108.08799076387348,
          "rmsd": 0.0014684869980124157,
          "performance": {
            "total_time": 0.052715952
          }
        },
        "2": {
          "energy": -108.09116681722803,
          "e_diff": -0.003176053354550845,
          "rmsd": 0.0004814282237690186,
          "performance": {
            "total_time": 0.05251487
          }
        },
        "3": {
          "energy": -108.09162300136775,
          "e_diff": -0.00045618413972192684,
          "rmsd": 0.00024685050015890324,
          "performance": {
            "total_time": 0.052949623
          }
        },
        "4": {
          "energy": -108.0916920554948,
          "e_diff": -6.905412705293656e-05,
          "rmsd": 9.936131843457133e-06,
          "performance": {
            "total_time": 0.053305605
          }
        },
        "5": {
          "energy": -108.09169223911769,
          "e_diff": -1.8362288756179623e-07,
          "rmsd": 1.176047066311754e-06,
          "performance": {
            "total_time": 0.053796832
          }
        },
        "6": {
          "energy": -108.09169224173166,
          "e_diff": -2.613973038023687e-09,
          "rmsd": 2.713476624230361e-07,
          "performance": {
            "total_time": 0.055207727
          }
        },
        "7": {
          "energy": -108.09169224182011,
          "e_diff": -8.844835974741727e-11,
          "rmsd": 2.6524170996507377e-08,
          "performance": {
            "total_time": 0.056175769
          }
        },
        "8": {
          "energy": -108.0916922418208,
          "e_diff": -6.821210263296962e-13,
          "rmsd": 8.425313878586676e-09,
          "performance": {
            "total_time": 0.05797031
          }
        }
      },
      "final_energy": -108.0916922418208,
      "n_iterations": 8
    },
    "CD": {
      "n_cholesky_vectors": 461
    },
    "CCSD": {
      "iter": {
        "1": {
          "residual": 0.6923418494158234,
          "correlation": 0.0,
          "performance": {
            "total_time": 0.314082423
          }
        },
        "2": {
          "residual": 0.5006628213499345,
          "correlation": -1.206167439310313,
          "performance": {
            "total_time": 0.266125492
          }
        },
        "3": {
          "residual": 0.9467496169311932,
          "correlation": 0.1901212254126087,
          "performance": {
            "total_time": 0.266258555
          }
        },
        "4": {
          "residual": 1.3929460272016827,
          "correlation": -2.349547178111175,
          "performance": {
            "total_time": 0.265468414
          }
        },
        "5": {
          "residual": 2.1953398945916485,
          "correlation": 1.2686825960087091,
          "performance": {
            "total_time": 0.264358608
          }
        },
        "6": {
          "residual": 0.1196981185395431,
          "correlation": -0.7897804734722131,
          "performance": {
            "total_time": 0.265275149
          }
        },
        "7": {
          "residual": 0.24301915700533383,
          "correlation": -0.46931608548028025,
          "performance": {
            "total_time": 0.267030076
          }
        },
        "8": {
          "residual": 0.35786122166201395,
          "correlation": -1.0760439084923155,
          "performance": {
            "total_time": 0.267103852
          }
        },
        "9": {
          "residual": 0.6484474643893262,
          "correlation": -0.13043005156164716,
          "performance": {
            "total_time": 0.267195228
          }
        },
        "10": {
          "residual": 1.031341065535923,
          "correlation": -1.7887522413338093,
          "performance": {
            "total_time": 0.270018437
          }
        },
        "11": {
          "residual": 0.04083025592498197,
          "correlation": -0.7396010845323949,
          "performance": {
            "total_time": 0.264076645
          }
        },
        "12": {
          "residual": 0.10515098335963186,
          "correlation": -0.6384775832015896,
          "performance": {
            "total_time": 0.268476152
          }
        },
        "13": {
          "residual": 0.11867806835655163,
          "correlation": -0.8621341198664528,
          "performance": {
            "total_time": 0.266039384
          }
        },
        "14": {
          "residual": 0.2451256477843141,
          "correlation": -0.5464266820040269,
          "performance": {
            "total_time": 0.266968735
          }
        },
        "15": {
          "residual": 0.3541870272361566,
          "correlation": -1.1159534598157077,
          "performance": {
            "total_time": 0.269374068
          }
        },
        "16": {
          "residual": 0.028430587993563815,
          "correlation": -0.7742999378760095,
          "performance": {
            "total_time": 0.264728063
          }
        },
        "17": {
          "residual": 0.07398754593370635,
          "correlation": -0.7299810479962343,
          "performance": {
            "total_time": 0.26737155
          }
        },
        "18": {
          "residual": 0.06060316770794896,
          "correlation": -0.862190217527999,
          "performance": {
            "total_time": 0.269466777
          }
        },
        "19": {
          "residual": 0.13699060008353192,
          "correlation": -0.710774607104047,
          "performance": {
            "total_time": 0.264844771
          }
        },
        "20": {
          "residual": 0.16446067128050773,
          "correlation": -0.9945516067533771,
          "performance": {
            "total_time": 0.264073976
          }
        },
        "21": {
          "residual": 0.018942975062255337,
          "correlation": -0.8655205418078885,
          "performance": {
            "total_time": 0.265499484
          }
        },
        "22": {
          "residual": 0.03965553504634221,
          "correlation": -0.8521507498500508,
          "performance": {
            "total_time": 0.263074697
          }
        },
        "23": {
          "residual": 0.02598675329103985,
          "correlation": -0.915301943914925,
          "performance": {
            "total_time": 0.265509597
          }
        },
        "24": {
          "residual": 0.051683263755015196,
          "correlation": -0.861530729869116,
          "performance": {
            "total_time": 0.2691603
          }
        },
        "25": {
          "residual": 0.051435893478215665,
          "correlation": -0.9574467771976363,
          "performance": {
            "total_time": 0.265365148
          }
        },
        "26": {
          "residual": 0.0033379362662579863,
          "correlation": -0.9364663702553033,
          "performance": {
            "total_time": 0.265928742
          }
        },
        "27": {
          "residual": 0.006529268464354672,
          "correlation": -0.9423025481911794,
          "performance": {
            "total_time": 0.263767211
          }
        },
        "28": {
          "residual": 0.006614761210570924,
          "correlation": -0.9300704970275999,
          "performance": {
            "total_time": 0.264604305
          }
        },
        "29": {
          "residual": 0.008826984546612052,
          "correlation": -0.9430007602296244,
          "performance": {
            "total_time": 0.265233943
          }
        },
        "30": {
          "residual": 0.009857983861486494,
          "correlation": -0.9264855147959771,
          "performance": {
            "total_time": 0.262852991
          }
        },
        "31": {
          "residual": 0.00028688697813934304,
          "correlation": -0.9348656364098485,