{
  "output": {
    "SCF": {
      "nucl_rep_energy": 21.608071008758852,
      "iter": {
        "1": {
          "energy": -108.93530470417079,
          "e_diff": -108.93530470417079,
          "rmsd": 0.0012670984775692033,
          "performance": {
            "total_time": 0.448911306
          }
        },
        "2": {
          "energy": -108.94578802388622,
          "e_diff": -0.010483319715433481,
          "rmsd": 0.0005303010578970985,
          "performance": {
            "total_time": 0.444816858
          }
        },
        "3": {
          "energy": -108.94666832740543,
          "e_diff": -0.0008803035192102016,
          "rmsd": 0.00011196128771640347,
          "performance": {
            "total_time": 0.444166343
          }
        },
        "4": {
          "energy": -108.94670764671307,
          "e_diff": -3.931930763201308e-05,
          "rmsd": 8.736750120791532e-06,
          "performance": {
            "total_time": 0.449059876
          }
        },
        "5": {
          "energy": -108.94670798127623,
          "e_diff": -3.345631682805106e-07,
          "rmsd": 2.1672750314459117e-06,
          "performance": {
            "total_time": 0.447658053
          }
        },
        "6": {
          "energy": -108.94670799560174,
          "e_diff": -1.4325507891044253e-08,
          "rmsd": 4.460870268829722e-07,
          "performance": {
            "total_time": 0.447860774
          }
        },
        "7": {
          "energy": -108.94670799610742,
          "e_diff": -5.056790541857481e-10,
          "rmsd": 9.941049087001689e-08,
          "performance": {
            "total_time": 0.447279618
          }
        },
        "8": {
          "energy": -108.94670799611936,
          "e_diff": -1.1937117960769683e-11,
          "rmsd": 7.816897926317015e-09,
          "performance": {
            "total_time": 0.450661273
          }
        }
      },
      "final_energy": -108.94670799611936,
      "n_iterations": 8
    },
    "CD": {
      "n_cholesky_vectors": 803
    },
    "CCSD": {
      "iter": {
        "1": {
          "residual": 1.0491407623982691,
          "correlation": 0.0,
          "performance": {
            "total_time": 3.646113552
          }
        },
        "2": {
          "residual": 0.1179937964514446,
          "correlation": -0.4850866884929903,
          "performance": {
            "total_time": 3.146788885
          }
        },
        "3": {
          "residual": 0.047523572821457014,
          "correlation": -0.4450975875838802,
          "performance": {
            "total_time": 3.180848902
          }
        },
        "4": {
          "residual": 0.01462899406427989,
          "correlation": -0.4728991473655616,
          "performance": {
            "total_time": 3.146658991
          }
        },
        "5": {
          "residual": 0.007797667756839389,
          "correlation": -0.46632556649006884,
          "performance": {
            "total_time": 3.146273799
          }
        },
        "6": {
          "residual": 0.0024940563072766756,
          "correlation": -0.47025855429195873,
          "performance": {
            "total_time": 3.17571138
          }
        },
        "7": {
          "residual": 0.0011602246764675333,
          "correlation": -0.4698270840650962,
          "performance": {
            "total_time": 3.138384294
          }
        },
        "8": {
          "residual": 0.0006123364973326068,
          "correlation": -0.46998079151259037,
          "performance": {
            "total_time": 3.140117207
          }
        },
        "9": {
          "residual": 0.0003576313883107748,
          "correlation": -0.46999913895682754,
          "performance": {
            "total_time": 3.1437187620000002
          }
        },
        "10": {
          "residual": 0.00020361261549969205,
          "correlation": -0.47003983008648803,
          "performance": {
            "total_time": 3.173427714
          }
        },
        "11": {
          "residual": 1.8216434272423743e-05,
          "correlation": -0.47008522443419465,
          "performance": {
            "total_time": 3.141765593
          }
        },
        "12": {
          "residual": 5.735447446622415e-06,
          "correlation": -0.47008241809744167,
          "performance": {
            "total_time": 3.143070507
          }
        },
        "13": {
          "residual": 2.4696892302201586e-06,
          "correlation": -0.47008404082253075,
          "performance": {
            "total_time": 3.139609859
          }
        },
        "14": {
          "residual": 1.0991584192686736e-06,
          "correlation": -0.47008361349634203,
          "performance": {
            "total_time": 3.141641317
          }
        },
        "15": {
          "residual": 5.353894850948747e-07,
          "correlation": -0.47008385844481965,
          "performance": {
            "total_time": 3.166122154
          }
        },
        "16": {
          "residual": 1.4470064755020384e-07,
          "correlation": -0.4700838541712641,
          "performance": {
            "total_time": 3.137817876
          }
        },
        "17": {
          "residual": 6.456991725930315e-08,
          "correlation": -0.47008383690851063,
          "performance": {
            "total_time": 3.134050031
          }
        },
        "18": {
          "residual": 3.338452860019304e-08,
          "correlation": -0.47008384847754703,
          "performance": {
            "total_time": 3.140640886
          }
        },
        "19": {
          "residual": 1.9709245691674968e-08,
          "correlation": -0.4700838483127716,
          "performance": {
            "total_time": 3.137558335
          }
        },
        "20": {
          "residual": 1.107169431661608e-08,
          "correlation": -0.47008385102801287,
          "performance": {
            "total_time": 3.133724616
          }
        },
        "21": {
          "residual": 1.3812990743587939e-09,
          "correlation": -0.4700838531515065,
          "performance": {
            "total_time": 3.153661068
          }
        }
      },
      "n_iterations": 21,
      "final_energy": {
        "correlation": -0.4700838531515065,
        "total": -109.41679184927087
      }
    }
  },
  "input": {
    "molecule": {
      "name": "N2_1.2",
      "basisset": "cc-pvqz",
      "geometry_units": "angstrom"
    },
    "SCF": {
      "tol_int": 1e-22,
      "tol_sch": 1e-10,
      "tol_lindep": 1e-05,
      "conve": 1e-09,
      "convd": 1e-08,
      "diis_hist": 10,
      "AO_tilesize": 30,
      "force_tilesize": "false",
      "scf_type": "restricted",
      "multiplicity": 1,
      "lambdas": [],
      "polvecs": [],
      "omegas": [],
      "volumes": []
    },
    "CD": {
      "diagtol": 1e-06,
      "itilesize": 1000,
      "write_cv": false,
      "write_vcount": 5000,
      "max_cvecs_factor": 12
    },
    "CCSD": {
      "threshold": 1e-08,
      "tilesize": 40,
      "ndiis": 5,
      "readt": "false",
      "writet": "false",
      "ccsd_maxiter": 50,
      "balance_tiles": "true"
    }
  }
}
