{
  "output": {
    "SCF": {
      "nucl_rep_energy": 8.64322840350354,
      "iter": {
        "1": {
          "energy": -108.03323576236647,
          "e_diff": -108.03323576236647,
          "rmsd": 0.0008211543317099901,
          "performance": {
            "total_time": 0.282840274
          }
        },
        "2": {
          "energy": -108.03590379164395,
          "e_diff": -0.002668029277472783,
          "rmsd": 0.00028386548333487707,
          "performance": {
            "total_time": 0.29054237
          }
        },
        "3": {
          "energy": -108.03630382989,
          "e_diff": -0.00040003824605605587,
          "rmsd": 0.00016752872107052413,
          "performance": {
            "total_time": 0.291368685
          }
        },
        "4": {
          "energy": -108.03637632647704,
          "e_diff": -7.249658703756268e-05,
          "rmsd": 1.1091056042433788e-05,
          "performance": {
            "total_time": 0.291429587
          }
        },
        "5": {
          "energy": -108.03637671207369,
          "e_diff": -3.8559664972126484e-07,
          "rmsd": 7.902169363259293e-07,
          "performance": {
            "total_time": 0.293650671
          }
        },
        "6": {
          "energy": -108.03637671755328,
          "e_diff": -5.479591891344171e-09,
          "rmsd": 5.36699116090299e-07,
          "performance": {
            "total_time": 0.303773321
          }
        },
        "7": {
          "energy": -108.03637671817856,
          "e_diff": -6.252776074688882e-10,
          "rmsd": 1.0729565737189282e-07,
          "performance": {
            "total_time": 0.297733916
          }
        },
        "8": {
          "energy": -108.03637671819632,
          "e_diff": -1.7763568394002505e-11,
          "rmsd": 1.392438013462311e-08,
          "performance": {
            "total_time": 0.300706497
          }
        },
        "9": {
          "energy": -108.03637671819733,
          "e_diff": -1.0089706847793423e-12,
          "rmsd": 7.890457162271756e-09,
          "performance": {
            "total_time": 0.301804367
          }
        }
      },
      "final_energy": -108.03637671819733,
      "n_iterations": 9
    },
    "CD": {
      "n_cholesky_vectors": 771
    },
    "CCSD": {
      "iter": {
        "1": {
          "residual": 1.044592091087358,
          "correlation": 0.0,
          "performance": {
            "total_time": 3.608037304
          }
        },
        "2": {
          "residual": 0.6150809034216221,
          "correlation": -1.4336467062516995,
          "performance": {
            "total_time": 3.203629737
          }
        },
        "3": {
          "residual": 1.4217480507273037,
          "correlation": 0.5207061858069144,
          "performance": {
            "total_time": 3.18500017
          }
        },
        "4": {
          "residual": 2.262295298895283,
          "correlation": -3.848983908490393,
          "performance": {
            "total_time": 3.176892203
          }
        },
        "5": {
          "residual": 3.7310764722419347,
          "correlation": 2.383854431129012,
          "performance": {
            "total_time": 3.209003018
          }
        },
        "6": {
          "residual": 0.13105654201301004,
          "correlation": -0.8420200360595078,
          "performance": {
            "total_time": 3.178721986
          }
        },
        "7": {
          "residual": 0.29959761680447006,
          "correlation": -0.4552629826747919,
          "performance": {
            "total_time": 3.170987057
          }
        },
        "8": {
          "residual": 0.5356143251453499,
          "correlation": -1.3425309938968553,
          "performance": {
            "total_time": 3.177001728
          }
        },
        "9": {
          "residual": 1.1701775401256882,
          "correlation": 0.2951949016655966,
          "performance": {
            "total_time": 3.175354011
          }
        },
        "10": {
          "residual": 1.9961274136548133,
          "correlation": -3.248376882384906,
          "performance": {
            "total_time": 3.17421024
          }
        },
        "11": {
          "residual": 0.04528276802445321,
          "correlation": -0.7928596131437288,
          "performance": {
            "total_time": 3.180941302
          }
        },
        "12": {
          "residual": 0.12700185545140738,
          "correlation": -0.6685216792767976,
          "performance": {
            "total_time": 3.212608488
          }
        },
        "13": {
          "residual": 0.1865100429501754,
          "correlation": -0.9916673333094097,
          "performance": {
            "total_time": 3.173729813
          }
        },
        "14": {
          "residual": 0.43653764346366636,
          "correlation": -0.4235483870026452,
          "performance": {
            "total_time": 3.18063331
          }
        },
        "15": {
          "residual": 0.8164457309963065,
          "correlation": -1.6371654391472314,
          "performance": {
            "total_time": 3.174711722
          }
        },
        "16": {
          "residual": 0.03722837539915781,
          "correlation": -0.8114997141240907,
          "performance": {
            "total_time": 3.171756331
          }
        },
        "17": {
          "residual": 0.11508471670152069,
          "correlation": -0.7170063587978263,
          "performance": {
            "total_time": 3.172480748
          }
        },
        "18": {
          "residual": 0.15153119678595528,
          "correlation": -0.9887607436243252,
          "performance": {
            "total_time": 3.218792321
          }
        },
        "19": {
          "residual": 0.35939037575688987,
          "correlation": -0.5409388417321201,
          "performance": {
            "total_time": 3.170493421
          }
        },
        "20": {
          "residual": 0.647219148616775,
          "correlation": -1.4885129965721862,
          "performance": {
            "total_time": 3.16944631
          }
        },
        "21": {
          "residual": 0.03304938760446217,
          "correlation": -0.8322372741370274,
          "performance": {
            "total_time": 3.170508105
          }
        },
        "22": {
          "residual": 0.10253261365270226,
          "correlation": -0.7662340486912924,
          "performance": {
            "total_time": 3.174095287
          }
        },
        "23": {
          "residual": 0.11703711985674345,
          "correlation": -0.9889520066474052,
          "performance": {
            "total_time": 3.168462896
          }
        },
        "24": {
          "residual": 0.28271860798670545,
          "correlation": -0.6543944661421224,
          "performance": {
            "total_time": 3.172052832
          }
        },
        "25": {
          "residual": 0.4755335152068041,
          "correlation": -1.358905933468595,
          "performance": {
            "total_time": 3.169124905
          }
        },
        "26": {
          "residual": 0.03046119136816786,
          "correlation": -0.8727132317729661,
          "performance": {
            "total_time": 3.167718502
          }
        },
        "27": {
          "residual": 0.10151240463306144,
          "correlation": -0.8149079588952073,
          "performance": {
            "total_time": 3.164028975
          }
        },
        "28": {
          "residual": 0.11065380585269706,
          "correlation": -1.0280386118670768,
          "performance": {
            "total_time": 3.164067979
          }
        },
        "29": {
          "residual": 0.24895086029967317,
          "correlation": -0.7323368389100899,
          "performance": {
            "total_time": 3.179521964
          }
        },
        "30": {
          "residual": 0.39709999989172334,
          "correlation": -1.3227319821409709,