{
  "output": {
    "SCF": {
      "nucl_rep_energy": 16.206053256569138,
      "iter": {
        "1": {
          "energy": -108.61799722712246,
          "e_diff": -108.61799722712246,
          "rmsd": 0.0011295650138824411,
          "performance": {
            "total_time": 0.442587676
          }
        },
        "2": {
          "energy": -108.62792531911732,
          "e_diff": -0.00992809199486544,
          "rmsd": 0.0004273641367863137,
          "performance": {
            "total_time": 0.444819796
          }
        },
        "3": {
          "energy": -108.62911034652677,
          "e_diff": -0.0011850274094484803,
          "rmsd": 0.0002075322119455609,
          "performance": {
            "total_time": 0.436510832
          }
        },
        "4": {
          "energy": -108.62929628411698,
          "e_diff": -0.00018593759020291145,
          "rmsd": 1.2312602165312308e-05,
          "performance": {
            "total_time": 0.44559241
          }
        },
        "5": {
          "energy": -108.62929695541492,
          "e_diff": -6.712979399026153e-07,
          "rmsd": 3.174042540574e-06,
          "performance": {
            "total_time": 0.438689148
          }
        },
        "6": {
          "energy": -108.62929697875536,
          "e_diff": -2.334044779672695e-08,
          "rmsd": 7.872354333483667e-07,
          "performance": {
            "total_time": 0.438157583
          }
        },
        "7": {
          "energy": -108.62929697968579,
          "e_diff": -9.304272907684208e-10,
          "rmsd": 1.332457532054578e-07,
          "performance": {
            "total_time": 0.440432899
          }
        },
        "8": {
          "energy": -108.62929697970658,
          "e_diff": -2.079048044834053e-11,
          "rmsd": 7.35252494535797e-09,
          "performance": {
            "total_time": 0.445433001
          }
        }
      },
      "final_energy": -108.62929697970658,
      "n_iterations": 8
    },
    "CD": {
      "n_cholesky_vectors": 811
    },
    "CCSD": {
      "iter": {
        "1": {
          "residual": 1.0308432383727977,
          "correlation": 0.0,
          "performance": {
            "total_time": 3.721906035
          }
        },
        "2": {
          "residual": 0.20997196468157217,
          "correlation": -0.6686295203151295,
          "performance": {
            "total_time": 3.222363047
          }
        },
        "3": {
          "residual": 0.1701122535132457,
          "correlation": -0.4318006323093848,
          "performance": {
            "total_time": 3.242331937
          }
        },
        "4": {
          "residual": 0.120485242604819,
          "correlation": -0.6370228085469188,
          "performance": {
            "total_time": 3.216045075
          }
        },
        "5": {
          "residual": 0.099438563576587,
          "correlation": -0.4872865835184377,
          "performance": {
            "total_time": 3.214089118
          }
        },
        "6": {
          "residual": 0.007885304939970321,
          "correlation": -0.5578179676364198,
          "performance": {
            "total_time": 3.22731277
          }
        },
        "7": {
          "residual": 0.005907895418893109,
          "correlation": -0.5550274828538023,
          "performance": {
            "total_time": 3.179321469
          }
        },
        "8": {
          "residual": 0.003404181198886779,
          "correlation": -0.5583565946155722,
          "performance": {
            "total_time": 3.179238815
          }
        },
        "9": {
          "residual": 0.003037860819149174,
          "correlation": -0.5569167033863933,
          "performance": {
            "total_time": 3.213856484
          }
        },
        "10": {
          "residual": 0.0017260802160109555,
          "correlation": -0.5588966307652621,
          "performance": {
            "total_time": 3.19830183
          }
        },
        "11": {
          "residual": 0.00024734961626346897,
          "correlation": -0.559212699410019,
          "performance": {
            "total_time": 3.183661293
          }
        },
        "12": {
          "residual": 0.00010574667417412718,
          "correlation": -0.5592108354727374,
          "performance": {
            "total_time": 3.262747142
          }
        },
        "13": {
          "residual": 5.570423586470399e-05,
          "correlation": -0.5592305257369558,
          "performance": {
            "total_time": 3.255060495
          }
        },
        "14": {
          "residual": 3.417708233369544e-05,
          "correlation": -0.5592236564047538,
          "performance": {
            "total_time": 3.260002433
          }
        },
        "15": {
          "residual": 2.0243075992170628e-05,
          "correlation": -0.5592348739787334,
          "performance": {
            "total_time": 3.206017851
          }
        },
        "16": {
          "residual": 9.133023838982335e-06,
          "correlation": -0.5592373895605104,
          "performance": {
            "total_time": 3.167633729
          }
        },
        "17": {
          "residual": 6.933781888342892e-06,
          "correlation": -0.5592335604388569,
          "performance": {
            "total_time": 3.172268695
          }
        },
        "18": {
          "residual": 3.945015412791168e-06,
          "correlation": -0.559238415049483,
          "performance": {
            "total_time": 3.183522753
          }
        },
        "19": {
          "residual": 3.6539690629275505e-06,
          "correlation": -0.5592359842060866,
          "performance": {
            "total_time": 3.225073325
          }
        },
        "20": {
          "residual": 2.051392194879892e-06,
          "correlation": -0.5592388395557985,
          "performance": {
            "total_time": 3.304073464
          }
        },
        "21": {
          "residual": 3.7707988747174086e-07,
          "correlation": -0.5592388537104405,
          "performance": {
            "total_time": 3.216331138
          }
        },
        "22": {
          "residual": 1.922162807847904e-07,
          "correlation": -0.559238816384991,
          "performance": {
            "total_time": 3.195629965
          }
        },
        "23": {
          "residual": 9.089862215097052e-08,
          "correlation": -0.559238888855798,
          "performance": {
            "total_time": 3.226821257
          }
        },
        "24": {
          "residual": 7.025047153730631e-08,
          "correlation": -0.559238851807184,
          "performance": {
            "total_time": 3.270530682
          }
        },
        "25": {
          "residual": 3.6565572481519735e-08,
          "correlation": -0.5592388948157051,
          "performance": {
            "total_time": 3.284488087
          }
        },
        "26": {
          "residual": 1.7937688131163457e-08,
          "correlation": -0.5592388907022531,
          "performance": {
            "total_time": 3.307228402
          }
        },
        "27": {
          "residual": 1.259945588500431e-08,
          "correlation": -0.5592388862880202,
          "performance": {
            "total_time": 3.54652977
          }
        },
        "28": {
          "residual": 7.359290455909131e-09,
          "correlation": -0.5592388937227274,
          "performance": {
            "total_time": 3.544189464
          }
        }
      },
      "n_iterations": 28,
      "final_energy": {
        "correlation": -0.5592388937227274,
        "total": -109.1885358734293
      }
    },
    "DUCC": {
      "performance": {
        "total_time": 32.168094005
      },
      "results": {
        "X1": -26.738767465121867,
        "X2": -4.690848605415932e-16,
        "X3": -6.626201559914531,
        "X4": -1.2375450992682111e-22,
        "X5": 0.0,
        "X6": 0.0,
        "X7": -0.5814511246688735,
        "X8": 7.916173499049345e-34,