{
  "output": {
    "SCF": {
      "nucl_rep_energy": 8.364414584035684,
      "iter": {
        "1": {
          "energy": -108.00545427809877,
          "e_diff": -108.00545427809877,
          "rmsd": 0.0012443228652262545,
          "performance": {
            "total_time": 0.054531469
          }
        },
        "2": {
          "energy": -108.00761519107095,
          "e_diff": -0.0021609129721866793,
          "rmsd": 0.00046654504059066853,
          "performance": {
            "total_time": 0.046551986
          }
        },
        "3": {
          "energy": -108.00793291500965,
          "e_diff": -0.00031772393869289317,
          "rmsd": 0.00020050806398633485,
          "performance": {
            "total_time": 0.046565387
          }
        },
        "4": {
          "energy": -108.00797448664717,
          "e_diff": -4.157163752438464e-05,
          "rmsd": 9.127217250038649e-06,
          "performance": {
            "total_time": 0.047297627
          }
        },
        "5": {
          "energy": -108.00797464220507,
          "e_diff": -1.5555789900645323e-07,
          "rmsd": 8.368030770782831e-07,
          "performance": {
            "total_time": 0.048535903
          }
        },
        "6": {
          "energy": -108.00797464370596,
          "e_diff": -1.5008936316007748e-09,
          "rmsd": 2.594270867313453e-07,
          "performance": {
            "total_time": 0.049675993
          }
        },
        "7": {
          "energy": -108.00797464378434,
          "e_diff": -7.837286375433905e-11,
          "rmsd": 2.4808170345078408e-08,
          "performance": {
            "total_time": 0.051077298
          }
        },
        "8": {
          "energy": -108.00797464378435,
          "e_diff": -1.4210854715202004e-14,
          "rmsd": 9.250429286321597e-09,
          "performance": {
            "total_time": 0.052059881
          }
        }
      },
      "final_energy": -108.00797464378435,
      "n_iterations": 8
    },
    "CD": {
      "n_cholesky_vectors": 448
    },
    "CCSD": {
      "iter": {
        "1": {
          "residual": 0.7015014238932138,
          "correlation": 0.0,
          "performance": {
            "total_time": 0.282908923
          }
        },
        "2": {
          "residual": 0.6445588308465036,
          "correlation": -1.4585433930040876,
          "performance": {
            "total_time": 0.24835214
          }
        },
        "3": {
          "residual": 1.5878672916313707,
          "correlation": 0.7201375495437209,
          "performance": {
            "total_time": 0.251110205
          }
        },
        "4": {
          "residual": 2.526761752252597,
          "correlation": -4.437669633684382,
          "performance": {
            "total_time": 0.250128927
          }
        },
        "5": {
          "residual": 4.145694869982735,
          "correlation": 2.524465256838725,
          "performance": {
            "total_time": 0.254399055
          }
        },
        "6": {
          "residual": 0.13663187654185535,
          "correlation": -0.8083127135288571,
          "performance": {
            "total_time": 0.253102579
          }
        },
        "7": {
          "residual": 0.3345546332890169,
          "correlation": -0.3746118736899977,
          "performance": {
            "total_time": 0.248565685
          }
        },
        "8": {
          "residual": 0.623923019428689,
          "correlation": -1.4220588794892677,
          "performance": {
            "total_time": 0.257446411
          }
        },
        "9": {
          "residual": 1.4181775733333106,
          "correlation": 0.5829101951572265,
          "performance": {
            "total_time": 0.252526653
          }
        },
        "10": {
          "residual": 2.2718233808721626,
          "correlation": -3.9974973035919428,
          "performance": {
            "total_time": 0.258256939
          }
        },
        "11": {
          "residual": 0.04194595982497569,
          "correlation": -0.7354411444404857,
          "performance": {
            "total_time": 0.253335151
          }
        },
        "12": {
          "residual": 0.10302788398642618,
          "correlation": -0.657573879867434,
          "performance": {
            "total_time": 0.248427927
          }
        },
        "13": {
          "residual": 0.13071170532180873,
          "correlation": -0.9061136581622795,
          "performance": {
            "total_time": 0.253221215
          }
        },
        "14": {
          "residual": 0.3483851029516124,
          "correlation": -0.47670084298833326,
          "performance": {
            "total_time": 0.247770075
          }
        },
        "15": {
          "residual": 0.6513080573699334,
          "correlation": -1.4637392094253627,
          "performance": {
            "total_time": 0.255209928
          }
        },
        "16": {
          "residual": 0.03929358613939657,
          "correlation": -0.7999457410113774,
          "performance": {
            "total_time": 0.253591193
          }
        },
        "17": {
          "residual": 0.1387548896055884,
          "correlation": -0.691728361884328,
          "performance": {
            "total_time": 0.257134547
          }
        },
        "18": {
          "residual": 0.1856633445677759,
          "correlation": -1.0279992386152002,
          "performance": {
            "total_time": 0.25539087
          }
        },
        "19": {
          "residual": 0.4364313295109408,
          "correlation": -0.4752498920300279,
          "performance": {
            "total_time": 0.257401897
          }
        },
        "20": {
          "residual": 0.8225635496546777,
          "correlation": -1.6507482742940904,
          "performance": {
            "total_time": 0.243330959
          }
        },
        "21": {
          "residual": 0.035607548159408905,
          "correlation": -0.8136970050674093,
          "performance": {
            "total_time": 0.255047197
          }
        },
        "22": {
          "residual": 0.12187456396068408,
          "correlation": -0.7402126880140375,
          "performance": {
            "total_time": 0.252407476
          }
        },
        "23": {
          "residual": 0.14122341127989865,
          "correlation": -1.014352786099169,
          "performance": {
            "total_time": 0.249447826
          }
        },
        "24": {
          "residual": 0.3380055310482819,
          "correlation": -0.6042953839540387,
          "performance": {
            "total_time": 0.253509173
          }
        },
        "25": {
          "residual": 0.5901394836864496,
          "correlation": -1.4685071282923259,
          "performance": {
            "total_time": 0.254739389
          }
        },
        "26": {
          "residual": 0.033439101107989595,
          "correlation": -0.8500143011564666,
          "performance": {
            "total_time": 0.257320614
          }
        },
        "27": {
          "residual": 0.1215083288715355,
          "correlation": -0.7839384736079117,
          "performance": {
            "total_time": 0.255113089
          }
        },
        "28": {
          "residual": 0.13677833519348756,
          "correlation": -1.0505757368987514,
          "performance": {
            "total_time": 0.258162086
          }
        },
        "29": {
          "residual": 0.29881667191214983,
          "correlation": -0.6791036592787879,
          "performance": {
            "total_time": 0.248638896
          }
        },
        "30": {
          "residual": 0.4942155866919177,
          "correlation": -1.4107859162748118,
          "performance": {
            "total_time": 0.252735796
          }
        },
        "31": {
          "residual": 0.028297093463955283,
          "correlation": -0.9036154899288673,