{
  "output": {
    "SCF": {
      "nucl_rep_energy": 23.5724411004642,
      "iter": {
        "1": {
          "energy": -108.97945216538739,
          "e_diff": -108.97945216538739,
          "rmsd": 0.001478360418822091,
          "performance": {
            "total_time": 0.442749519
          }
        },
        "2": {
          "energy": -108.98986597554662,
          "e_diff": -0.010413810159235481,
          "rmsd": 0.0005221940781858824,
          "performance": {
            "total_time": 0.440953788
          }
        },
        "3": {
          "energy": -108.99058638756972,
          "e_diff": -0.0007204120230994704,
          "rmsd": 7.776102009154257e-05,
          "performance": {
            "total_time": 225.24598543
          }
        },
        "4": {
          "energy": -108.99060032505281,
          "e_diff": -1.3937483089421221e-05,
          "rmsd": 1.0426713581903226e-05,
          "performance": {
            "total_time": 0.466404908
          }
        },
        "5": {
          "energy": -108.99060066196876,
          "e_diff": -3.3691594580886886e-07,
          "rmsd": 2.220478856208402e-06,
          "performance": {
            "total_time": 0.447005248
          }
        },
        "6": {
          "energy": -108.99060066897061,
          "e_diff": -7.00185864843661e-09,
          "rmsd": 1.8535248512471238e-07,
          "performance": {
            "total_time": 0.449463839
          }
        },
        "7": {
          "energy": -108.99060066910909,
          "e_diff": -1.3847056834492832e-10,
          "rmsd": 7.113939157497723e-08,
          "performance": {
            "total_time": 0.449891235
          }
        },
        "8": {
          "energy": -108.99060066911522,
          "e_diff": -6.139089236967266e-12,
          "rmsd": 7.555552772904934e-09,
          "performance": {
            "total_time": 5.465965256
          }
        }
      },
      "final_energy": -108.99060066911522,
      "n_iterations": 8
    },
    "CD": {
      "n_cholesky_vectors": 795
    },
    "CCSD": {
      "iter": {
        "1": {
          "residual": 1.059945898725168,
          "correlation": 0.0,
          "performance": {
            "total_time": 3.585245095
          }
        },
        "2": {
          "residual": 0.10672343266801072,
          "correlation": -0.4565343951064928,
          "performance": {
            "total_time": 3.222902789
          }
        },
        "3": {
          "residual": 0.03600003251961175,
          "correlation": -0.43517797175656014,
          "performance": {
            "total_time": 3.073912138
          }
        },
        "4": {
          "residual": 0.00980614158574353,
          "correlation": -0.45264433852009056,
          "performance": {
            "total_time": 3.063312737
          }
        },
        "5": {
          "residual": 0.00491080744135865,
          "correlation": -0.45023753596769617,
          "performance": {
            "total_time": 3.05966514
          }
        },
        "6": {
          "residual": 0.0018313936281730888,
          "correlation": -0.4523732472546448,
          "performance": {
            "total_time": 3.054479931
          }
        },
        "7": {
          "residual": 0.0007795645053547405,
          "correlation": -0.45207978857057485,
          "performance": {
            "total_time": 3.052315647
          }
        },
        "8": {
          "residual": 0.00039121434706254415,
          "correlation": -0.45215286163197793,
          "performance": {
            "total_time": 3.051237474
          }
        },
        "9": {
          "residual": 0.00021142987079735776,
          "correlation": -0.4521685408085133,
          "performance": {
            "total_time": 3.053488768
          }
        },
        "10": {
          "residual": 0.00011383244792162242,
          "correlation": -0.45218652519069436,
          "performance": {
            "total_time": 3.049236075
          }
        },
        "11": {
          "residual": 7.116441852087474e-06,
          "correlation": -0.45220754581108524,
          "performance": {
            "total_time": 3.048014806
          }
        },
        "12": {
          "residual": 2.226344351248087e-06,
          "correlation": -0.45220667676188103,
          "performance": {
            "total_time": 3.049506026
          }
        },
        "13": {
          "residual": 9.32101753677047e-07,
          "correlation": -0.45220707985512865,
          "performance": {
            "total_time": 3.045936474
          }
        },
        "14": {
          "residual": 3.978392027675407e-07,
          "correlation": -0.4522069802429991,
          "performance": {
            "total_time": 3.044239326
          }
        },
        "15": {
          "residual": 1.8602418850998556e-07,
          "correlation": -0.45220702664535534,
          "performance": {
            "total_time": 3.063941469
          }
        },
        "16": {
          "residual": 3.699608165319071e-08,
          "correlation": -0.45220702762152254,
          "performance": {
            "total_time": 3.042628309
          }
        },
        "17": {
          "residual": 1.4501383268865168e-08,
          "correlation": -0.452207024227709,
          "performance": {
            "total_time": 3.048898059
          }
        },
        "18": {
          "residual": 7.146331862318052e-09,
          "correlation": -0.45220702546690367,
          "performance": {
            "total_time": 3.04453727
          }
        }
      },
      "n_iterations": 18,
      "final_energy": {
        "correlation": -0.45220702546690367,
        "total": -109.44280769458213
      }
    },
    "DUCC": {
      "performance": {
        "total_time": 30.066720524
      },
      "results": {
        "X1": -27.792352789976523,
        "X2": 1.005321966239005e-15,
        "X3": -6.453506331644389,
        "X4": -1.3402191893839947e-23,
        "X5": -5.739718509874451e-42,
        "X6": 0.0,
        "X7": -0.5567322627059167,
        "X8": 1.0131518258359951e-32,
        "X9": -1.6863641956896537e-34
      }
    }
  },
  "input": {
    "molecule": {
      "name": "N2_1.1",
      "basisset": "cc-pvqz",
      "geometry_units": "angstrom"
    },
    "SCF": {
      "tol_int": 1e-22,
      "tol_sch": 1e-10,
      "tol_lindep": 1e-05,
      "conve": 1e-09,
      "convd": 1e-08,
      "diis_hist": 10,
      "AO_tilesize": 30,
      "force_tilesize": "false",
      "scf_type": "restricted",
      "multiplicity": 1,
      "lambdas": [],
      "polvecs": [],
      "omegas": [],
      "volumes": []
    },
    "CD": {
      "diagtol": 1e-06,
      "itilesize": 1000,
      "write_cv": false,
      "write_vcount": 5000,
      "max_cvecs_factor": 12
    },
    "CCSD": {
      "threshold": 1e-08,
      "tilesize": 40,
      "ndiis": 5,
      "readt": "false",
      "writet": "false",
      "ccsd_maxiter": 50,
      "balance_tiles": "true"
    },
    "DUCC": {
      "nactive": 3
    }
  }
}
