{
  "output": {
    "SCF": {
      "nucl_rep_energy": 9.972955850196394,
      "iter": {
        "1": {
          "energy": -108.11452486408224,
          "e_diff": -108.11452486408224,
          "rmsd": 0.001528775372184262,
          "performance": {
            "total_time": 0.065270472
          }
        },
        "2": {
          "energy": -108.11800832593053,
          "e_diff": -0.0034834618482904034,
          "rmsd": 0.0004849463399774836,
          "performance": {
            "total_time": 0.066342361
          }
        },
        "3": {
          "energy": -108.11850319468641,
          "e_diff": -0.0004948687558794518,
          "rmsd": 0.0002552234366037914,
          "performance": {
            "total_time": 0.065033576
          }
        },
        "4": {
          "energy": -108.11857947252734,
          "e_diff": -7.627784093244827e-05,
          "rmsd": 1.01642331814735e-05,
          "performance": {
            "total_time": 0.054502087
          }
        },
        "5": {
          "energy": -108.11857966509632,
          "e_diff": -1.9256897587638377e-07,
          "rmsd": 1.3365408510385198e-06,
          "performance": {
            "total_time": 0.055444312
          }
        },
        "6": {
          "energy": -108.118579668357,
          "e_diff": -3.2606806144030998e-09,
          "rmsd": 2.6177052775689234e-07,
          "performance": {
            "total_time": 0.056696909
          }
        },
        "7": {
          "energy": -108.11857966844107,
          "e_diff": -8.407141649513505e-11,
          "rmsd": 2.3865906586273633e-08,
          "performance": {
            "total_time": 0.058028367
          }
        },
        "8": {
          "energy": -108.11857966844161,
          "e_diff": -5.400124791776761e-13,
          "rmsd": 3.7042763914184173e-09,
          "performance": {
            "total_time": 0.058799366
          }
        }
      },
      "final_energy": -108.11857966844161,
      "n_iterations": 8
    },
    "CD": {
      "n_cholesky_vectors": 464
    },
    "CCSD": {
      "iter": {
        "1": {
          "residual": 0.6899271817847472,
          "correlation": 0.0,
          "performance": {
            "total_time": 0.580292408
          }
        },
        "2": {
          "residual": 0.4642404653856245,
          "correlation": -1.1422670361894458,
          "performance": {
            "total_time": 0.47375884
          }
        },
        "3": {
          "residual": 0.8138618491735747,
          "correlation": 0.07893952170854995,
          "performance": {
            "total_time": 0.480922239
          }
        },
        "4": {
          "residual": 1.1453951186427485,
          "correlation": -1.9835776836957382,
          "performance": {
            "total_time": 0.461254484
          }
        },
        "5": {
          "residual": 1.7645193204638325,
          "correlation": 0.8757702383759032,
          "performance": {
            "total_time": 0.462890253
          }
        },
        "6": {
          "residual": 0.08755841709906091,
          "correlation": -0.7456492776470786,
          "performance": {
            "total_time": 0.46169992
          }
        },
        "7": {
          "residual": 0.16729978564981288,
          "correlation": -0.5349109317616593,
          "performance": {
            "total_time": 0.458703915
          }
        },
        "8": {
          "residual": 0.21753482741343871,
          "correlation": -0.9177451263282668,
          "performance": {
            "total_time": 0.490407966
          }
        },
        "9": {
          "residual": 0.38624283948953464,
          "correlation": -0.36482396989980137,
          "performance": {
            "total_time": 0.465274326
          }
        },
        "10": {
          "residual": 0.5663900299645815,
          "correlation": -1.279005726107678,
          "performance": {
            "total_time": 0.459171102
          }
        },
        "11": {
          "residual": 0.032027871057704896,
          "correlation": -0.7401181102177116,
          "performance": {
            "total_time": 0.45700405
          }
        },
        "12": {
          "residual": 0.07723687063159321,
          "correlation": -0.6760725344994601,
          "performance": {
            "total_time": 0.455640746
          }
        },
        "13": {
          "residual": 0.0703325588640286,
          "correlation": -0.8191159998006892,
          "performance": {
            "total_time": 0.455198628
          }
        },
        "14": {
          "residual": 0.14585647071341637,
          "correlation": -0.6447997186967563,
          "performance": {
            "total_time": 0.475767681
          }
        },
        "15": {
          "residual": 0.17730117205766482,
          "correlation": -0.9483138396995717,
          "performance": {
            "total_time": 0.461958769
          }
        },
        "16": {
          "residual": 0.02112876998017758,
          "correlation": -0.8093986785564284,
          "performance": {
            "total_time": 0.456004752
          }
        },
        "17": {
          "residual": 0.04063754986205867,
          "correlation": -0.794697851360896,
          "performance": {
            "total_time": 0.459376758
          }
        },
        "18": {
          "residual": 0.024086880188475993,
          "correlation": -0.8540224719302518,
          "performance": {
            "total_time": 0.455854537
          }
        },
        "19": {
          "residual": 0.05259964083070206,
          "correlation": -0.8063579139532322,
          "performance": {
            "total_time": 0.454516316
          }
        },
        "20": {
          "residual": 0.04640157964428714,
          "correlation": -0.8990091540196428,
          "performance": {
            "total_time": 0.466060878
          }
        },
        "21": {
          "residual": 0.007090237890900032,
          "correlation": -0.9046576977873193,
          "performance": {
            "total_time": 0.470228229
          }
        },
        "22": {
          "residual": 0.014709398816564575,
          "correlation": -0.9180234051589322,
          "performance": {
            "total_time": 0.458602015
          }
        },
        "23": {
          "residual": 0.013681179494975496,
          "correlation": -0.8917963314393342,
          "performance": {
            "total_time": 0.456813787
          }
        },
        "24": {
          "residual": 0.018683615565415472,
          "correlation": -0.9180676978538518,
          "performance": {
            "total_time": 0.457294807
          }
        },
        "25": {
          "residual": 0.01987507146637411,
          "correlation": -0.8841910161296526,
          "performance": {
            "total_time": 0.453828709
          }
        },
        "26": {
          "residual": 0.0008356173158224078,
          "correlation": -0.9005684082988593,
          "performance": {
            "total_time": 0.455344853
          }
        },
        "27": {
          "residual": 0.0017088099371306612,
          "correlation": -0.9014640126007332,
          "performance": {
            "total_time": 0.457731886
          }
        },
        "28": {
          "residual": 0.001096097878335429,
          "correlation": -0.8988138671820128,
          "performance": {
            "total_time": 0.455818588
          }
        },
        "29": {
          "residual": 0.001814728517593472,
          "correlation": -0.9008844913121139,
          "performance": {
            "total_time": 0.482424687
          }
        },
        "30": {
          "residual": 0.0016502965398972355,
          "correlation": -0.8977488681445097,
          "performance": {
            "total_time": 0.460970885
          }
        },
        "31": {
          "residual": 6.017019425745887e-05,
          "correlation": -0.8984813387386534,