{
  "output": {
    "SCF": {
      "nucl_rep_energy": 10.804035504379426,
      "iter": {
        "1": {
          "energy": -108.1768861718186,
          "e_diff": -108.1768861718186,
          "rmsd": 0.0016552349283924341,
          "performance": {
            "total_time": 0.055628987
          }
        },
        "2": {
          "energy": -108.1810830555092,
          "e_diff": -0.004196883690610775,
          "rmsd": 0.0004967888464833256,
          "performance": {
            "total_time": 0.055383268
          }
        },
        "3": {
          "energy": -108.18166449605854,
          "e_diff": -0.000581440549339618,
          "rmsd": 0.00026994585161981726,
          "performance": {
            "total_time": 0.056474111
          }
        },
        "4": {
          "energy": -108.18175588037987,
          "e_diff": -9.138432132260732e-05,
          "rmsd": 1.0909536730039284e-05,
          "performance": {
            "total_time": 0.05697317
          }
        },
        "5": {
          "energy": -108.18175609976664,
          "e_diff": -2.193867771893565e-07,
          "rmsd": 1.6831246859650582e-06,
          "performance": {
            "total_time": 0.057755552
          }
        },
        "6": {
          "energy": -108.18175610491961,
          "e_diff": -5.152969606569968e-09,
          "rmsd": 2.417843602683648e-07,
          "performance": {
            "total_time": 0.058922574
          }
        },
        "7": {
          "energy": -108.18175610499407,
          "e_diff": -7.44506678529433e-11,
          "rmsd": 2.133665914846972e-08,
          "performance": {
            "total_time": 0.059425544
          }
        },
        "8": {
          "energy": -108.18175610499446,
          "e_diff": -3.979039320256561e-13,
          "rmsd": 1.573106072949578e-09,
          "performance": {
            "total_time": 0.060617763
          }
        }
      },
      "final_energy": -108.18175610499446,
      "n_iterations": 8
    },
    "CD": {
      "n_cholesky_vectors": 464
    },
    "CCSD": {
      "iter": {
        "1": {
          "residual": 0.6849837294156571,
          "correlation": 0.0,
          "performance": {
            "total_time": 0.584027329
          }
        },
        "2": {
          "residual": 0.39184916327028974,
          "correlation": -1.0145601484849451,
          "performance": {
            "total_time": 0.470299337
          }
        },
        "3": {
          "residual": 0.5822194518301983,
          "correlation": -0.11323336990668331,
          "performance": {
            "total_time": 0.465792261
          }
        },
        "4": {
          "residual": 0.725259508411383,
          "correlation": -1.4108732298348432,
          "performance": {
            "total_time": 0.468467532
          }
        },
        "5": {
          "residual": 1.013685455063842,
          "correlation": 0.22311883154978807,
          "performance": {
            "total_time": 0.467249199
          }
        },
        "6": {
          "residual": 0.05625523053211792,
          "correlation": -0.6922284417855383,
          "performance": {
            "total_time": 0.460423979
          }
        },
        "7": {
          "residual": 0.09665758047433187,
          "correlation": -0.5775401043950208,
          "performance": {
            "total_time": 0.458173131
          }
        },
        "8": {
          "residual": 0.09768198878869246,
          "correlation": -0.76304235325579,
          "performance": {
            "total_time": 0.476905281
          }
        },
        "9": {
          "residual": 0.1626926575751833,
          "correlation": -0.5387885949824899,
          "performance": {
            "total_time": 0.484297001
          }
        },
        "10": {
          "residual": 0.1897521795520511,
          "correlation": -0.8690095816746182,
          "performance": {
            "total_time": 0.464379907
          }
        },
        "11": {
          "residual": 0.020626773699108085,
          "correlation": -0.719954174191082,
          "performance": {
            "total_time": 0.462193096
          }
        },
        "12": {
          "residual": 0.026783038786735738,
          "correlation": -0.7137554478250787,
          "performance": {
            "total_time": 0.454478901
          }
        },
        "13": {
          "residual": 0.01593726448114634,
          "correlation": -0.7415212133528897,
          "performance": {
            "total_time": 0.454588452
          }
        },
        "14": {
          "residual": 0.028750951883121302,
          "correlation": -0.7264884457071777,
          "performance": {
            "total_time": 0.470970549
          }
        },
        "15": {
          "residual": 0.016831524888917038,
          "correlation": -0.7648476459407274,
          "performance": {
            "total_time": 0.468738984
          }
        },
        "16": {
          "residual": 0.01484387116281508,
          "correlation": -0.8212248099168401,
          "performance": {
            "total_time": 0.446234086
          }
        },
        "17": {
          "residual": 0.028972557878323396,
          "correlation": -0.8519275838781987,
          "performance": {
            "total_time": 0.454858584
          }
        },
        "18": {
          "residual": 0.025159506168128155,
          "correlation": -0.8042377799947313,
          "performance": {
            "total_time": 0.457227879
          }
        },
        "19": {
          "residual": 0.0345801477086706,
          "correlation": -0.8511338371249234,
          "performance": {
            "total_time": 0.45268103
          }
        },
        "20": {
          "residual": 0.03371624854527923,
          "correlation": -0.7923016810046692,
          "performance": {
            "total_time": 0.453133401
          }
        },
        "21": {
          "residual": 0.0022463090339110525,
          "correlation": -0.8185201329677771,
          "performance": {
            "total_time": 0.481718764
          }
        },
        "22": {
          "residual": 0.005013973825633126,
          "correlation": -0.8212764714055083,
          "performance": {
            "total_time": 0.458876443
          }
        },
        "23": {
          "residual": 0.002938588695943162,
          "correlation": -0.8141772994693646,
          "performance": {
            "total_time": 0.445301327
          }
        },
        "24": {
          "residual": 0.005315843912771303,
          "correlation": -0.8195725137774559,
          "performance": {
            "total_time": 0.45500749
          }
        },
        "25": {
          "residual": 0.004157998189342754,
          "correlation": -0.8111497876875001,
          "performance": {
            "total_time": 0.453346563
          }
        },
        "26": {
          "residual": 0.0003039301714620563,
          "correlation": -0.8108550117367931,
          "performance": {
            "total_time": 0.45565912
          }
        },
        "27": {
          "residual": 0.00019965602196292764,
          "correlation": -0.810851920553905,
          "performance": {
            "total_time": 0.455585092
          }
        },
        "28": {
          "residual": 0.0001234556510830924,
          "correlation": -0.8108864763477199,
          "performance": {
            "total_time": 0.45433567
          }
        },
        "29": {
          "residual": 9.310331961871766e-05,
          "correlation": -0.8108377172227941,
          "performance": {
            "total_time": 0.470104162
          }
        },
        "30": {
          "residual": 6.812734170653555e-05,
          "correlation": -0.8109080446582797,
          "performance": {
            "total_time": 0.460557379
          }
        },
        "31": {
          "residual": 1.595947005713733e-05,
          "correlation": -0.8108809212107975,