{
  "output": {
    "SCF": {
      "nucl_rep_energy": 8.364414584035684,
      "iter": {
        "1": {
          "energy": -108.01582533665626,
          "e_diff": -108.01582533665626,
          "rmsd": 0.0007983772845137142,
          "performance": {
            "total_time": 0.267562758
          }
        },
        "2": {
          "energy": -108.01825635116647,
          "e_diff": -0.002431014510207774,
          "rmsd": 0.00028494710829615966,
          "performance": {
            "total_time": 0.273330574
          }
        },
        "3": {
          "energy": -108.01862411241156,
          "e_diff": -0.00036776124508719477,
          "rmsd": 0.00016227056045095515,
          "performance": {
            "total_time": 0.276044788
          }
        },
        "4": {
          "energy": -108.01868903589158,
          "e_diff": -6.492348002495874e-05,
          "rmsd": 1.1102802766673058e-05,
          "performance": {
            "total_time": 0.280093588
          }
        },
        "5": {
          "energy": -108.01868941205512,
          "e_diff": -3.761635412047326e-07,
          "rmsd": 7.370800253518693e-07,
          "performance": {
            "total_time": 0.279973073
          }
        },
        "6": {
          "energy": -108.01868941698574,
          "e_diff": -4.930612362841202e-09,
          "rmsd": 5.452246084626657e-07,
          "performance": {
            "total_time": 0.286200854
          }
        },
        "7": {
          "energy": -108.01868941763111,
          "e_diff": -6.453717560361838e-10,
          "rmsd": 1.0882370077262214e-07,
          "performance": {
            "total_time": 0.283214885
          }
        },
        "8": {
          "energy": -108.01868941762565,
          "e_diff": 5.4569682106375694e-12,
          "rmsd": 2.8749398638108584e-08,
          "performance": {
            "total_time": 0.28532269
          }
        },
        "9": {
          "energy": -108.01868941765161,
          "e_diff": -2.596323156467406e-11,
          "rmsd": 5.7523466223584046e-09,
          "performance": {
            "total_time": 0.28700939600000003
          }
        }
      },
      "final_energy": -108.01868941765161,
      "n_iterations": 9
    },
    "CD": {
      "n_cholesky_vectors": 768
    },
    "CCSD": {
      "iter": {
        "1": {
          "residual": 1.0461374292764722,
          "correlation": 0.0,
          "performance": {
            "total_time": 3.419682485
          }
        },
        "2": {
          "residual": 0.6499383218921659,
          "correlation": -1.4944106707780067,
          "performance": {
            "total_time": 3.076851395
          }
        },
        "3": {
          "residual": 1.5962090952321561,
          "correlation": 0.6620555051464956,
          "performance": {
            "total_time": 3.018290648
          }
        },
        "4": {
          "residual": 2.553126557063017,
          "correlation": -4.461190300233983,
          "performance": {
            "total_time": 3.023263316
          }
        },
        "5": {
          "residual": 4.292052515011266,
          "correlation": 2.5703897835429084,
          "performance": {
            "total_time": 3.02773765
          }
        },
        "6": {
          "residual": 0.12504607196064998,
          "correlation": -0.8351789327755403,
          "performance": {
            "total_time": 3.048478146
          }
        },
        "7": {
          "residual": 0.2923952765323211,
          "correlation": -0.4636393605562026,
          "performance": {
            "total_time": 3.027539703
          }
        },
        "8": {
          "residual": 0.546076571463261,
          "correlation": -1.3673407247211677,
          "performance": {
            "total_time": 3.029165948
          }
        },
        "9": {
          "residual": 1.2647406723187875,
          "correlation": 0.3800654333332023,
          "performance": {
            "total_time": 3.036081225
          }
        },
        "10": {
          "residual": 2.194284055057404,
          "correlation": -3.6294487944321654,
          "performance": {
            "total_time": 3.037031005
          }
        },
        "11": {
          "residual": 0.047150931323403554,
          "correlation": -0.7982230827981864,
          "performance": {
            "total_time": 3.032336533
          }
        },
        "12": {
          "residual": 0.13604710005924595,
          "correlation": -0.6643502255100792,
          "performance": {
            "total_time": 3.037135985
          }
        },
        "13": {
          "residual": 0.21367729554245218,
          "correlation": -1.028715791377548,
          "performance": {
            "total_time": 3.032966066
          }
        },
        "14": {
          "residual": 0.5191394220805913,
          "correlation": -0.351801950714551,
          "performance": {
            "total_time": 3.030901128
          }
        },
        "15": {
          "residual": 1.0341611375044923,
          "correlation": -1.8697856268804225,
          "performance": {
            "total_time": 3.034570112
          }
        },
        "16": {
          "residual": 0.03965711414322763,
          "correlation": -0.8145476470567207,
          "performance": {
            "total_time": 3.031522333
          }
        },
        "17": {
          "residual": 0.12663864440251998,
          "correlation": -0.7065160682797296,
          "performance": {
            "total_time": 3.034506839
          }
        },
        "18": {
          "residual": 0.182712733966326,
          "correlation": -1.0252625103500759,
          "performance": {
            "total_time": 3.031287421
          }
        },
        "19": {
          "residual": 0.4456363079827863,
          "correlation": -0.46236412809417166,
          "performance": {
            "total_time": 3.058175535
          }
        },
        "20": {
          "residual": 0.8702114943278002,
          "correlation": -1.7085272040037933,
          "performance": {
            "total_time": 3.031729546
          }
        },
        "21": {
          "residual": 0.03527998052620498,
          "correlation": -0.8287086857863152,
          "performance": {
            "total_time": 3.023105475
          }
        },
        "22": {
          "residual": 0.11247117936735954,
          "correlation": -0.7517162491306906,
          "performance": {
            "total_time": 3.026927846
          }
        },
        "23": {
          "residual": 0.1420998467275611,
          "correlation": -1.013224746403015,
          "performance": {
            "total_time": 3.02432072
          }
        },
        "24": {
          "residual": 0.3545472590496704,
          "correlation": -0.5854863759269225,
          "performance": {
            "total_time": 3.015881277
          }
        },
        "25": {
          "residual": 0.6561837503043021,
          "correlation": -1.5284465406320356,
          "performance": {
            "total_time": 3.074084827
          }
        },
        "26": {
          "residual": 0.033556686398124265,
          "correlation": -0.8571951360432953,
          "performance": {
            "total_time": 3.038115739
          }
        },
        "27": {
          "residual": 0.11231305275155759,
          "correlation": -0.7897734562483815,
          "performance": {
            "total_time": 3.028047167
          }
        },
        "28": {
          "residual": 0.13382068222859791,
          "correlation": -1.0408522009825427,
          "performance": {
            "total_time": 3.02531033
          }
        },
        "29": {
          "residual": 0.3212357906421987,
          "correlation": -0.6568861001378001,
          "performance": {
            "total_time": 3.028002874
          }
        },
        "30": {
          "residual": 0.5698690570784761,
          "correlation": -1.475729852643458,