{
  "output": {
    "SCF": {
      "nucl_rep_energy": 23.5724411004642,
      "iter": {
        "1": {
          "energy": -108.97945216538741,
          "e_diff": -108.97945216538741,
          "rmsd": 0.00147836041881868,
          "performance": {
            "total_time": 0.472966545
          }
        },
        "2": {
          "energy": -108.98986597554668,
          "e_diff": -0.010413810159263903,
          "rmsd": 0.0005221940782107703,
          "performance": {
            "total_time": 0.474740873
          }
        },
        "3": {
          "energy": -108.99058638756966,
          "e_diff": -0.0007204120229857836,
          "rmsd": 7.77610201602221e-05,
          "performance": {
            "total_time": 0.472698223
          }
        },
        "4": {
          "energy": -108.99060032505287,
          "e_diff": -1.3937483203108059e-05,
          "rmsd": 1.0426713438326838e-05,
          "performance": {
            "total_time": 0.483380859
          }
        },
        "5": {
          "energy": -108.99060066196878,
          "e_diff": -3.369159173871594e-07,
          "rmsd": 2.2204792503188224e-06,
          "performance": {
            "total_time": 0.475473057
          }
        },
        "6": {
          "energy": -108.9906006689707,
          "e_diff": -7.0019154918554705e-09,
          "rmsd": 1.8535239777329268e-07,
          "performance": {
            "total_time": 0.483677002
          }
        },
        "7": {
          "energy": -108.99060066910911,
          "e_diff": -1.3841372492606752e-10,
          "rmsd": 7.113932268198078e-08,
          "performance": {
            "total_time": 0.485823428
          }
        },
        "8": {
          "energy": -108.99060066911525,
          "e_diff": -6.139089236967266e-12,
          "rmsd": 7.555737942880559e-09,
          "performance": {
            "total_time": 0.482723326
          }
        }
      },
      "final_energy": -108.99060066911525,
      "n_iterations": 8
    },
    "CD": {
      "n_cholesky_vectors": 795
    },
    "CCSD": {
      "iter": {
        "1": {
          "residual": 1.0599458987251655,
          "correlation": 0.0,
          "performance": {
            "total_time": 3.811094731
          }
        },
        "2": {
          "residual": 0.10672343266789057,
          "correlation": -0.4565343951065367,
          "performance": {
            "total_time": 3.759586544
          }
        },
        "3": {
          "residual": 0.036000032519614714,
          "correlation": -0.43517797175658973,
          "performance": {
            "total_time": 3.571556348
          }
        },
        "4": {
          "residual": 0.009806141585742365,
          "correlation": -0.4526443385201064,
          "performance": {
            "total_time": 3.680229083
          }
        },
        "5": {
          "residual": 0.004910807441360795,
          "correlation": -0.4502375359677149,
          "performance": {
            "total_time": 3.724313366
          }
        },
        "6": {
          "residual": 0.0018404439116603694,
          "correlation": -0.4524631387752659,
          "performance": {
            "total_time": 3.578955959
          }
        },
        "7": {
          "residual": 0.0007390679323280801,
          "correlation": -0.45209733962417065,
          "performance": {
            "total_time": 3.703847136
          }
        },
        "8": {
          "residual": 0.00036141018826632966,
          "correlation": -0.45216451170523647,
          "performance": {
            "total_time": 3.6190933
          }
        },
        "9": {
          "residual": 0.00019486283828584766,
          "correlation": -0.45217287805551964,
          "performance": {
            "total_time": 3.586365056
          }
        },
        "10": {
          "residual": 0.0001046492350080105,
          "correlation": -0.4521889712563447,
          "performance": {
            "total_time": 3.542021313
          }
        },
        "11": {
          "residual": 7.66611840938903e-06,
          "correlation": -0.4522077102890706,
          "performance": {
            "total_time": 3.629173445
          }
        },
        "12": {
          "residual": 2.1826639665480894e-06,
          "correlation": -0.4522065445301474,
          "performance": {
            "total_time": 3.554006849
          }
        },
        "13": {
          "residual": 8.469338588882234e-07,
          "correlation": -0.45220707446531244,
          "performance": {
            "total_time": 3.582892683
          }
        },
        "14": {
          "residual": 3.489124018141521e-07,
          "correlation": -0.45220695808274247,
          "performance": {
            "total_time": 3.57856585
          }
        },
        "15": {
          "residual": 1.5905795085763862e-07,
          "correlation": -0.4522070230061682,
          "performance": {
            "total_time": 3.670337205
          }
        },
        "16": {
          "residual": 3.705076207295172e-08,
          "correlation": -0.45220703017649205,
          "performance": {
            "total_time": 3.496883323
          }
        },
        "17": {
          "residual": 1.3625012930655858e-08,
          "correlation": -0.45220702433236315,
          "performance": {
            "total_time": 3.299621008
          }
        },
        "18": {
          "residual": 6.550698545833142e-09,
          "correlation": -0.45220702567190707,
          "performance": {
            "total_time": 3.452010465
          }
        }
      },
      "n_iterations": 18,
      "final_energy": {
        "correlation": -0.45220702567190707,
        "total": -109.44280769478716
      }
    }
  },
  "input": {
    "molecule": {
      "name": "N2_1.1",
      "basisset": "cc-pvqz",
      "geometry_units": "angstrom"
    },
    "SCF": {
      "tol_int": 1e-22,
      "tol_sch": 1e-10,
      "tol_lindep": 1e-05,
      "conve": 1e-09,
      "convd": 1e-08,
      "diis_hist": 10,
      "AO_tilesize": 30,
      "force_tilesize": "false",
      "scf_type": "restricted",
      "multiplicity": 1,
      "lambdas": [],
      "polvecs": [],
      "omegas": [],
      "volumes": []
    },
    "CD": {
      "diagtol": 1e-06,
      "itilesize": 1000,
      "write_cv": false,
      "write_vcount": 5000,
      "max_cvecs_factor": 12
    },
    "CCSD": {
      "threshold": 1e-08,
      "tilesize": 40,
      "ndiis": 5,
      "readt": "false",
      "writet": "false",
      "ccsd_maxiter": 50,
      "balance_tiles": "true"
    }
  }
}
