{
  "output": {
    "SCF": {
      "nucl_rep_energy": 10.804035504379426,
      "iter": {
        "1": {
          "energy": -108.18555156176527,
          "e_diff": -108.18555156176527,
          "rmsd": 0.000973711746798508,
          "performance": {
            "total_time": 0.366451418
          }
        },
        "2": {
          "energy": -108.19017954937478,
          "e_diff": -0.004627987609509887,
          "rmsd": 0.00029134786471202666,
          "performance": {
            "total_time": 0.370856314
          }
        },
        "3": {
          "energy": -108.19082722897159,
          "e_diff": -0.0006476795968097804,
          "rmsd": 0.00017865205408142593,
          "performance": {
            "total_time": 0.369669829
          }
        },
        "4": {
          "energy": -108.19094726904756,
          "e_diff": -0.000120040075969996,
          "rmsd": 1.1435400115844275e-05,
          "performance": {
            "total_time": 0.372937558
          }
        },
        "5": {
          "energy": -108.19094776507019,
          "e_diff": -4.960226362982212e-07,
          "rmsd": 1.4593805457231398e-06,
          "performance": {
            "total_time": 0.379798438
          }
        },
        "6": {
          "energy": -108.19094777814648,
          "e_diff": -1.3076288496449706e-08,
          "rmsd": 4.250557906618738e-07,
          "performance": {
            "total_time": 0.374979554
          }
        },
        "7": {
          "energy": -108.19094777854272,
          "e_diff": -3.9624126202397747e-10,
          "rmsd": 1.0336831284971554e-07,
          "performance": {
            "total_time": 0.377647678
          }
        },
        "8": {
          "energy": -108.19094777855298,
          "e_diff": -1.0260237104375847e-11,
          "rmsd": 1.0046006038452746e-08,
          "performance": {
            "total_time": 0.379618417
          }
        },
        "9": {
          "energy": -108.1909477785544,
          "e_diff": -1.4210854715202004e-12,
          "rmsd": 8.612688345809058e-09,
          "performance": {
            "total_time": 0.380724488
          }
        }
      },
      "final_energy": -108.1909477785544,
      "n_iterations": 9
    },
    "CD": {
      "n_cholesky_vectors": 785
    },
    "CCSD": {
      "iter": {
        "1": {
          "residual": 1.0345928477391428,
          "correlation": 0.0,
          "performance": {
            "total_time": 3.263351739
          }
        },
        "2": {
          "residual": 0.40159172883241545,
          "correlation": -1.0605142831727579,
          "performance": {
            "total_time": 2.997829625
          }
        },
        "3": {
          "residual": 0.5959252119490387,
          "correlation": -0.15992684457679154,
          "performance": {
            "total_time": 2.990387297
          }
        },
        "4": {
          "residual": 0.7499613597275976,
          "correlation": -1.4675552351060934,
          "performance": {
            "total_time": 3.011213959
          }
        },
        "5": {
          "residual": 1.0582027305778035,
          "correlation": 0.19346463290258223,
          "performance": {
            "total_time": 2.991522619
          }
        },
        "6": {
          "residual": 0.05786811826541629,
          "correlation": -0.7417868221789057,
          "performance": {
            "total_time": 2.991090776
          }
        },
        "7": {
          "residual": 0.09679837656331564,
          "correlation": -0.624684811177458,
          "performance": {
            "total_time": 3.003804006
          }
        },
        "8": {
          "residual": 0.10326799929199819,
          "correlation": -0.8119611975303527,
          "performance": {
            "total_time": 2.984618721
          }
        },
        "9": {
          "residual": 0.16817038754279298,
          "correlation": -0.5803322738676655,
          "performance": {
            "total_time": 2.985190002
          }
        },
        "10": {
          "residual": 0.2033452212555964,
          "correlation": -0.9211560134075332,
          "performance": {
            "total_time": 2.990136514
          }
        },
        "11": {
          "residual": 0.018795158259721466,
          "correlation": -0.7599958701753914,
          "performance": {
            "total_time": 3.005218192
          }
        },
        "12": {
          "residual": 0.02518575796178731,
          "correlation": -0.7519508832726699,
          "performance": {
            "total_time": 2.984548721
          }
        },
        "13": {
          "residual": 0.01537581840616397,
          "correlation": -0.7798253052925417,
          "performance": {
            "total_time": 2.983642437
          }
        },
        "14": {
          "residual": 0.028778244775886447,
          "correlation": -0.7609860070000685,
          "performance": {
            "total_time": 2.98338521
          }
        },
        "15": {
          "residual": 0.019435614859262557,
          "correlation": -0.8021596931911085,
          "performance": {
            "total_time": 2.981991248
          }
        },
        "16": {
          "residual": 0.013153158923008284,
          "correlation": -0.8465050855897626,
          "performance": {
            "total_time": 2.984982084
          }
        },
        "17": {
          "residual": 0.02328017475368967,
          "correlation": -0.8728627777927769,
          "performance": {
            "total_time": 3.007664722
          }
        },
        "18": {
          "residual": 0.02289284869833423,
          "correlation": -0.8333003614998616,
          "performance": {
            "total_time": 3.011756285
          }
        },
        "19": {
          "residual": 0.03144274017165595,
          "correlation": -0.8761199754552366,
          "performance": {
            "total_time": 2.959078477
          }
        },
        "20": {
          "residual": 0.0335527344416455,
          "correlation": -0.8215727101259525,
          "performance": {
            "total_time": 2.957772622
          }
        },
        "21": {
          "residual": 0.001802141460944203,
          "correlation": -0.8478959715348537,
          "performance": {
            "total_time": 2.961360343
          }
        },
        "22": {
          "residual": 0.003995543207479399,
          "correlation": -0.8501347121546674,
          "performance": {
            "total_time": 2.955652658
          }
        },
        "23": {
          "residual": 0.002536319738913543,
          "correlation": -0.8444422051305391,
          "performance": {
            "total_time": 2.97777111
          }
        },
        "24": {
          "residual": 0.004599119870671951,
          "correlation": -0.8491082531935334,
          "performance": {
            "total_time": 2.960124584
          }
        },
        "25": {
          "residual": 0.0038978193426217225,
          "correlation": -0.8417247417113481,
          "performance": {
            "total_time": 2.95912045
          }
        },
        "26": {
          "residual": 0.0003844932085811647,
          "correlation": -0.8417536222494414,
          "performance": {
            "total_time": 2.959277995
          }
        },
        "27": {
          "residual": 0.0002883034851098613,
          "correlation": -0.8418239205243172,
          "performance": {
            "total_time": 2.952205728
          }
        },
        "28": {
          "residual": 0.00017354045575861506,
          "correlation": -0.8416168150638816,
          "performance": {
            "total_time": 2.957234153
          }
        },
        "29": {
          "residual": 0.00019124519285774287,
          "correlation": -0.8417534653985085,
          "performance": {
            "total_time": 2.953538807
          }
        },
        "30": {
          "residual": 0.00013644260492650572,