{
  "output": {
    "SCF": {
      "nucl_rep_energy": 9.260601860896651,
      "iter": {
        "1": {
          "energy": -108.06409896650585,
          "e_diff": -108.06409896650585,
          "rmsd": 0.001410119478264082,
          "performance": {
            "total_time": 0.050796876
          }
        },
        "2": {
          "energy": -108.06699270455718,
          "e_diff": -0.0028937380513269773,
          "rmsd": 0.0004785761226260597,
          "performance": {
            "total_time": 0.050358003
          }
        },
        "3": {
          "energy": -108.06741224695537,
          "e_diff": -0.0004195423981911972,
          "rmsd": 0.00023730655491991165,
          "performance": {
            "total_time": 0.050582594
          }
        },
        "4": {
          "energy": -108.06747418790059,
          "e_diff": -6.194094521561055e-05,
          "rmsd": 9.751393551896631e-06,
          "performance": {
            "total_time": 0.051467876
          }
        },
        "5": {
          "energy": -108.06747436418767,
          "e_diff": -1.762870880384071e-07,
          "rmsd": 1.0454900848499031e-06,
          "performance": {
            "total_time": 0.055194506
          }
        },
        "6": {
          "energy": -108.06747436634693,
          "e_diff": -2.1592541088466533e-09,
          "rmsd": 2.77310706076661e-07,
          "performance": {
            "total_time": 0.05374643
          }
        },
        "7": {
          "energy": -108.06747436643735,
          "e_diff": -9.042366855283035e-11,
          "rmsd": 2.83521570304189e-08,
          "performance": {
            "total_time": 0.054646424
          }
        },
        "8": {
          "energy": -108.06747436643809,
          "e_diff": -7.389644451905042e-13,
          "rmsd": 9.019114289159058e-09,
          "performance": {
            "total_time": 0.056422283
          }
        }
      },
      "final_energy": -108.06747436643809,
      "n_iterations": 8
    },
    "CD": {
      "n_cholesky_vectors": 461
    },
    "CCSD": {
      "iter": {
        "1": {
          "residual": 0.6947093742841197,
          "correlation": 0.0,
          "performance": {
            "total_time": 0.313396707
          }
        },
        "2": {
          "residual": 0.5370223983073699,
          "correlation": -1.2698672978726335,
          "performance": {
            "total_time": 0.264204694
          }
        },
        "3": {
          "residual": 1.090822429440545,
          "correlation": 0.31050884759307706,
          "performance": {
            "total_time": 0.26465693
          }
        },
        "4": {
          "residual": 1.660619269662372,
          "correlation": -2.774253176919535,
          "performance": {
            "total_time": 0.263732699
          }
        },
        "5": {
          "residual": 2.6375627179866545,
          "correlation": 1.676325520157966,
          "performance": {
            "total_time": 0.265932118
          }
        },
        "6": {
          "residual": 0.14159846209467788,
          "correlation": -0.8152182430671584,
          "performance": {
            "total_time": 0.264214333
          }
        },
        "7": {
          "residual": 0.30481206123711624,
          "correlation": -0.40867901576947313,
          "performance": {
            "total_time": 0.26375817
          }
        },
        "8": {
          "residual": 0.4874527666080457,
          "correlation": -1.226293410401367,
          "performance": {
            "total_time": 0.263780961
          }
        },
        "9": {
          "residual": 0.9236996368136728,
          "correlation": 0.12562256533355293,
          "performance": {
            "total_time": 0.249399979
          }
        },
        "10": {
          "residual": 1.5062599085459454,
          "correlation": -2.413194506980095,
          "performance": {
            "total_time": 0.224083617
          }
        },
        "11": {
          "residual": 0.043601645981493395,
          "correlation": -0.7407919935198051,
          "performance": {
            "total_time": 0.226948385
          }
        },
        "12": {
          "residual": 0.11716625051561638,
          "correlation": -0.6264630982011231,
          "performance": {
            "total_time": 0.22719989300000001
          }
        },
        "13": {
          "residual": 0.14530936817654394,
          "correlation": -0.8940244920326933,
          "performance": {
            "total_time": 0.22420677
          }
        },
        "14": {
          "residual": 0.31359291077776724,
          "correlation": -0.48486784634957736,
          "performance": {
            "total_time": 0.224049663
          }
        },
        "15": {
          "residual": 0.49917208170496863,
          "correlation": -1.2667629966326077,
          "performance": {
            "total_time": 0.27693228
          }
        },
        "16": {
          "residual": 0.03273883301710597,
          "correlation": -0.7688941375342204,
          "performance": {
            "total_time": 0.28533255
          }
        },
        "17": {
          "residual": 0.09462615202012693,
          "correlation": -0.7019550007954192,
          "performance": {
            "total_time": 0.284648074
          }
        },
        "18": {
          "residual": 0.0940407903473933,
          "correlation": -0.8921276319333021,
          "performance": {
            "total_time": 0.285391964
          }
        },
        "19": {
          "residual": 0.21389054928420903,
          "correlation": -0.6384536977623001,
          "performance": {
            "total_time": 0.276471395
          }
        },
        "20": {
          "residual": 0.3033036892664447,
          "correlation": -1.1266635410335941,
          "performance": {
            "total_time": 0.281270506
          }
        },
        "21": {
          "residual": 0.027107472428881854,
          "correlation": -0.8257937683958915,
          "performance": {
            "total_time": 0.276763846
          }
        },
        "22": {
          "residual": 0.0802815890593588,
          "correlation": -0.7835543238670333,
          "performance": {
            "total_time": 0.273955853
          }
        },
        "23": {
          "residual": 0.06864277637197885,
          "correlation": -0.9322876261640993,
          "performance": {
            "total_time": 0.26972683
          }
        },
        "24": {
          "residual": 0.14742153393016266,
          "correlation": -0.7638149131452765,
          "performance": {
            "total_time": 0.270823377
          }
        },
        "25": {
          "residual": 0.18563049672682155,
          "correlation": -1.0740612214096232,
          "performance": {
            "total_time": 0.259692038
          }
        },
        "26": {
          "residual": 0.015055325999589133,
          "correlation": -0.9144871550362017,
          "performance": {
            "total_time": 0.270243171
          }
        },
        "27": {
          "residual": 0.03796836678474927,
          "correlation": -0.8999640793614098,
          "performance": {
            "total_time": 0.279491218
          }
        },
        "28": {
          "residual": 0.029851283564718226,
          "correlation": -0.9665406414368131,
          "performance": {
            "total_time": 0.281373454
          }
        },
        "29": {
          "residual": 0.051963107061566524,
          "correlation": -0.9036983319412056,
          "performance": {
            "total_time": 0.275637447
          }
        },
        "30": {
          "residual": 0.05734859193874886,
          "correlation": -1.0042435284822873,
          "performance": {
            "total_time": 0.272739269
          }
        },
        "31": {
          "residual": 0.002276387185365408,
          "correlation": -0.9651163719839723,