{
  "output": {
    "SCF": {
      "nucl_rep_energy": 13.647202742374011,
      "iter": {
        "1": {
          "energy": -108.40643668467148,
          "e_diff": -108.40643668467148,
          "rmsd": 0.001983629364861587,
          "performance": {
            "total_time": 0.057847763
          }
        },
        "2": {
          "energy": -108.41344133801157,
          "e_diff": -0.007004653340089817,
          "rmsd": 0.0005822471264863311,
          "performance": {
            "total_time": 0.058297111
          }
        },
        "3": {
          "energy": -108.41433710411393,
          "e_diff": -0.0008957661023600849,
          "rmsd": 0.00031922815987179854,
          "performance": {
            "total_time": 0.058449108
          }
        },
        "4": {
          "energy": -108.4144803760861,
          "e_diff": -0.00014327197217767207,
          "rmsd": 1.3884260410881348e-05,
          "performance": {
            "total_time": 0.060037878
          }
        },
        "5": {
          "energy": -108.41448070543534,
          "e_diff": -3.293492341072124e-07,
          "rmsd": 2.156809084079328e-06,
          "performance": {
            "total_time": 0.060474085
          }
        },
        "6": {
          "energy": -108.41448071468086,
          "e_diff": -9.245525234291563e-09,
          "rmsd": 2.6443338877355226e-07,
          "performance": {
            "total_time": 0.061329515
          }
        },
        "7": {
          "energy": -108.41448071477568,
          "e_diff": -9.481482265982777e-11,
          "rmsd": 5.7287695362998565e-08,
          "performance": {
            "total_time": 0.062698778
          }
        },
        "8": {
          "energy": -108.41448071477814,
          "e_diff": -2.4584778657299466e-12,
          "rmsd": 5.56052369695172e-09,
          "performance": {
            "total_time": 0.063781805
          }
        }
      },
      "final_energy": -108.41448071477814,
      "n_iterations": 8
    },
    "CD": {
      "n_cholesky_vectors": 481
    },
    "CCSD": {
      "iter": {
        "1": {
          "residual": 0.6737863346559193,
          "correlation": 0.0,
          "performance": {
            "total_time": 0.334948702
          }
        },
        "2": {
          "residual": 0.31938871408066527,
          "correlation": -0.8258686474468208,
          "performance": {
            "total_time": 0.289289287
          }
        },
        "3": {
          "residual": 0.4117423478343723,
          "correlation": -0.22061032819317794,
          "performance": {
            "total_time": 0.290833726
          }
        },
        "4": {
          "residual": 0.46752807996804724,
          "correlation": -0.9922193446968878,
          "performance": {
            "total_time": 0.288305873
          }
        },
        "5": {
          "residual": 0.5855630990596459,
          "correlation": -0.10004927024489525,
          "performance": {
            "total_time": 0.291028815
          }
        },
        "6": {
          "residual": 0.03677437949699295,
          "correlation": -0.5997563164484317,
          "performance": {
            "total_time": 0.293507065
          }
        },
        "7": {
          "residual": 0.04845962528317163,
          "correlation": -0.5371969792048692,
          "performance": {
            "total_time": 0.288986515
          }
        },
        "8": {
          "residual": 0.04865504013920876,
          "correlation": -0.619362744800878,
          "performance": {
            "total_time": 0.286635305
          }
        },
        "9": {
          "residual": 0.0663567795460985,
          "correlation": -0.5264888504658882,
          "performance": {
            "total_time": 0.291959585
          }
        },
        "10": {
          "residual": 0.07362953496118738,
          "correlation": -0.6450433378443581,
          "performance": {
            "total_time": 0.295624685
          }
        },
        "11": {
          "residual": 0.003856860090027403,
          "correlation": -0.5873189510483625,
          "performance": {
            "total_time": 0.289112491
          }
        },
        "12": {
          "residual": 0.003889670042475468,
          "correlation": -0.5854614896388641,
          "performance": {
            "total_time": 0.289920064
          }
        },
        "13": {
          "residual": 0.0022963997534702083,
          "correlation": -0.5897342206665265,
          "performance": {
            "total_time": 0.2996199
          }
        },
        "14": {
          "residual": 0.0037821957926113025,
          "correlation": -0.5861601964123859,
          "performance": {
            "total_time": 0.291942753
          }
        },
        "15": {
          "residual": 0.003014098640707452,
          "correlation": -0.5917201274494027,
          "performance": {
            "total_time": 0.288305735
          }
        },
        "16": {
          "residual": 0.0002850005253591458,
          "correlation": -0.5907272659530959,
          "performance": {
            "total_time": 0.291713768
          }
        },
        "17": {
          "residual": 0.0001413379310211091,
          "correlation": -0.5907287378531341,
          "performance": {
            "total_time": 0.293117108
          }
        },
        "18": {
          "residual": 8.514393714707361e-05,
          "correlation": -0.5907881483767043,
          "performance": {
            "total_time": 0.288273487
          }
        },
        "19": {
          "residual": 6.921680309232292e-05,
          "correlation": -0.5907713455593674,
          "performance": {
            "total_time": 0.28941056
          }
        },
        "20": {
          "residual": 4.2183446993905424e-05,
          "correlation": -0.5908322049299166,
          "performance": {
            "total_time": 0.2919224
          }
        },
        "21": {
          "residual": 2.6502816506798003e-05,
          "correlation": -0.5908419583063338,
          "performance": {
            "total_time": 0.29547295
          }
        },
        "22": {
          "residual": 3.5079473072552697e-05,
          "correlation": -0.5908194254789231,
          "performance": {
            "total_time": 0.293953032
          }
        },
        "23": {
          "residual": 2.2429505758618066e-05,
          "correlation": -0.5908628393000721,
          "performance": {
            "total_time": 0.295963838
          }
        },
        "24": {
          "residual": 3.732346119880086e-05,
          "correlation": -0.5908228451129487,
          "performance": {
            "total_time": 0.293200992
          }
        },
        "25": {
          "residual": 3.276820830610311e-05,
          "correlation": -0.5908811393510286,
          "performance": {
            "total_time": 0.292557982
          }
        },
        "26": {
          "residual": 2.1571187139739478e-06,
          "correlation": -0.5908655984275641,
          "performance": {
            "total_time": 0.291336087
          }
        },
        "27": {
          "residual": 9.63843261006407e-07,
          "correlation": -0.590865486148972,
          "performance": {
            "total_time": 0.293045816
          }
        },
        "28": {
          "residual": 6.071305014358661e-07,
          "correlation": -0.5908660665489944,
          "performance": {
            "total_time": 0.294295366
          }
        },
        "29": {
          "residual": 5.682835013447139e-07,
          "correlation": -0.5908657092354193,
          "performance": {
            "total_time": 0.293449655
          }
        },
        "30": {
          "residual": 3.9972370376775857e-07,
          "correlation": -0.5908664053191242,
          "performance": {
            "total_time": 0.289042863
          }
        },
        "31": {
          "residual": 1.8800968266192696e-07,
          "correlation": -0.5908662876811429,