{
  "output": {
    "SCF": {
      "nucl_rep_energy": 12.96484260525531,
      "iter": {
        "1": {
          "energy": -108.35028829817739,
          "e_diff": -108.35028829817739,
          "rmsd": 0.001921801657716708,
          "performance": {
            "total_time": 0.056717159
          }
        },
        "2": {
          "energy": -108.3565683833383,
          "e_diff": -0.006280085160909721,
          "rmsd": 0.0005567637232997586,
          "performance": {
            "total_time": 0.057236092
          }
        },
        "3": {
          "energy": -108.35738784239894,
          "e_diff": -0.0008194590606365182,
          "rmsd": 0.0003065291890340048,
          "performance": {
            "total_time": 0.057430259
          }
        },
        "4": {
          "energy": -108.35751850587388,
          "e_diff": -0.00013066347494827824,
          "rmsd": 1.3288403370918597e-05,
          "performance": {
            "total_time": 0.058339126
          }
        },
        "5": {
          "energy": -108.35751881074663,
          "e_diff": -3.0487274216284277e-07,
          "rmsd": 2.0492479096390277e-06,
          "performance": {
            "total_time": 0.058693592
          }
        },
        "6": {
          "energy": -108.35751881952322,
          "e_diff": -8.776595450399327e-09,
          "rmsd": 2.224310469766295e-07,
          "performance": {
            "total_time": 0.059877799
          }
        },
        "7": {
          "energy": -108.35751881959743,
          "e_diff": -7.420908332278486e-11,
          "rmsd": 4.157266500671285e-08,
          "performance": {
            "total_time": 0.061140647
          }
        },
        "8": {
          "energy": -108.35751881959885,
          "e_diff": -1.4210854715202004e-12,
          "rmsd": 4.323800016465717e-09,
          "performance": {
            "total_time": 0.062448329
          }
        }
      },
      "final_energy": -108.35751881959885,
      "n_iterations": 8
    },
    "CD": {
      "n_cholesky_vectors": 473
    },
    "CCSD": {
      "iter": {
        "1": {
          "residual": 0.6755238168749064,
          "correlation": 0.0,
          "performance": {
            "total_time": 0.310959739
          }
        },
        "2": {
          "residual": 0.369042208990264,
          "correlation": -0.9081467064258663,
          "performance": {
            "total_time": 0.274815129
          }
        },
        "3": {
          "residual": 0.5475375889784181,
          "correlation": -0.11653609680347092,
          "performance": {
            "total_time": 0.272474424
          }
        },
        "4": {
          "residual": 0.7023581967684714,
          "correlation": -1.268008475293762,
          "performance": {
            "total_time": 0.277998902
          }
        },
        "5": {
          "residual": 0.9955904231526301,
          "correlation": 0.22233174564753794,
          "performance": {
            "total_time": 0.275589984
          }
        },
        "6": {
          "residual": 0.04495217532548407,
          "correlation": -0.6190167961333631,
          "performance": {
            "total_time": 0.282490102
          }
        },
        "7": {
          "residual": 0.06797774078149851,
          "correlation": -0.5380774315772807,
          "performance": {
            "total_time": 0.274196753
          }
        },
        "8": {
          "residual": 0.07557735681756116,
          "correlation": -0.6655085044360078,
          "performance": {
            "total_time": 0.273893002
          }
        },
        "9": {
          "residual": 0.11797013125747427,
          "correlation": -0.5031484521363228,
          "performance": {
            "total_time": 0.273596415
          }
        },
        "10": {
          "residual": 0.1510064988956423,
          "correlation": -0.7393359105421868,
          "performance": {
            "total_time": 0.276735279
          }
        },
        "11": {
          "residual": 0.006122270017515632,
          "correlation": -0.6160032241876205,
          "performance": {
            "total_time": 0.277309117
          }
        },
        "12": {
          "residual": 0.007728919191325666,
          "correlation": -0.6110502661944199,
          "performance": {
            "total_time": 0.279108292
          }
        },
        "13": {
          "residual": 0.005373016395264469,
          "correlation": -0.6213487085137166,
          "performance": {
            "total_time": 0.274381376
          }
        },
        "14": {
          "residual": 0.009909394269987092,
          "correlation": -0.6107825523352627,
          "performance": {
            "total_time": 0.284233873
          }
        },
        "15": {
          "residual": 0.010104660450781398,
          "correlation": -0.6281051564832318,
          "performance": {
            "total_time": 0.27194744
          }
        },
        "16": {
          "residual": 0.0007104515329826492,
          "correlation": -0.6232788008488022,
          "performance": {
            "total_time": 0.277958347
          }
        },
        "17": {
          "residual": 0.00038525848796082233,
          "correlation": -0.6234159436579906,
          "performance": {
            "total_time": 0.277384808
          }
        },
        "18": {
          "residual": 0.0002275876613269096,
          "correlation": -0.6235419389558794,
          "performance": {
            "total_time": 0.279014309
          }
        },
        "19": {
          "residual": 0.0001510495634637299,
          "correlation": -0.6236072638546539,
          "performance": {
            "total_time": 0.28169262
          }
        },
        "20": {
          "residual": 0.00010616452907366877,
          "correlation": -0.6236606468799959,
          "performance": {
            "total_time": 0.272818522
          }
        },
        "21": {
          "residual": 3.9509183674449806e-05,
          "correlation": -0.6237818403838333,
          "performance": {
            "total_time": 0.275078239
          }
        },
        "22": {
          "residual": 3.161798134842412e-05,
          "correlation": -0.6237797014240383,
          "performance": {
            "total_time": 0.272937741
          }
        },
        "23": {
          "residual": 1.897900631146217e-05,
          "correlation": -0.6238045210196945,
          "performance": {
            "total_time": 0.278010935
          }
        },
        "24": {
          "residual": 2.7922412496988367e-05,
          "correlation": -0.6237886895825409,
          "performance": {
            "total_time": 0.276342874
          }
        },
        "25": {
          "residual": 1.927830328074852e-05,
          "correlation": -0.6238257784367232,
          "performance": {
            "total_time": 0.278278761
          }
        },
        "26": {
          "residual": 5.8892120868744e-06,
          "correlation": -0.623829924883843,
          "performance": {
            "total_time": 0.277294544
          }
        },
        "27": {
          "residual": 4.582512453042644e-06,
          "correlation": -0.6238288226780587,
          "performance": {
            "total_time": 0.272600781
          }
        },
        "28": {
          "residual": 2.642828168662765e-06,
          "correlation": -0.6238335168130908,
          "performance": {
            "total_time": 0.275875288
          }
        },
        "29": {
          "residual": 4.360681496390034e-06,
          "correlation": -0.6238294048260267,
          "performance": {
            "total_time": 0.275247456
          }
        },
        "30": {
          "residual": 4.146662521037792e-06,
          "correlation": -0.6238366619481092,
          "performance": {
            "total_time": 0.274753653
          }
        },
        "31": {
          "residual": 6.663087335282087e-07,
          "correlation": -0.6238343120012062,