{
  "output": {
    "SCF": {
      "nucl_rep_energy": 10.371874084204249,
      "iter": {
        "1": {
          "energy": -108.14403367034396,
          "e_diff": -108.14403367034396,
          "rmsd": 0.0015910393175645847,
          "performance": {
            "total_time": 0.054409618
          }
        },
        "2": {
          "energy": -108.14785505897294,
          "e_diff": -0.003821388628978184,
          "rmsd": 0.0004898434572804981,
          "performance": {
            "total_time": 0.054726183
          }
        },
        "3": {
          "energy": -108.14839137284619,
          "e_diff": -0.0005363138732548123,
          "rmsd": 0.00026276390540306904,
          "performance": {
            "total_time": 0.055054609
          }
        },
        "4": {
          "energy": -108.1484750462694,
          "e_diff": -8.367342320525495e-05,
          "rmsd": 1.0478631481779023e-05,
          "performance": {
            "total_time": 0.055130052
          }
        },
        "5": {
          "energy": -108.14847525047142,
          "e_diff": -2.0420202417881228e-07,
          "rmsd": 1.5127327104505036e-06,
          "performance": {
            "total_time": 0.057198067
          }
        },
        "6": {
          "energy": -108.14847525458973,
          "e_diff": -4.118305696465541e-09,
          "rmsd": 2.514243681615124e-07,
          "performance": {
            "total_time": 0.057138329
          }
        },
        "7": {
          "energy": -108.14847525466887,
          "e_diff": -7.914024990895996e-11,
          "rmsd": 2.1756483844957582e-08,
          "performance": {
            "total_time": 0.05882211
          }
        },
        "8": {
          "energy": -108.14847525466926,
          "e_diff": -3.979039320256561e-13,
          "rmsd": 3.2008186883471863e-09,
          "performance": {
            "total_time": 0.060575256
          }
        }
      },
      "final_energy": -108.14847525466926,
      "n_iterations": 8
    },
    "CD": {
      "n_cholesky_vectors": 464
    },
    "CCSD": {
      "iter": {
        "1": {
          "residual": 0.6874708854355039,
          "correlation": 0.0,
          "performance": {
            "total_time": 0.324331504
          }
        },
        "2": {
          "residual": 0.42790866105110004,
          "correlation": -1.0783314801633763,
          "performance": {
            "total_time": 0.287967516
          }
        },
        "3": {
          "residual": 0.692319495517274,
          "correlation": -0.022380990410832212,
          "performance": {
            "total_time": 0.289010347
          }
        },
        "4": {
          "residual": 0.9219633806572058,
          "correlation": -1.6721797590187724,
          "performance": {
            "total_time": 0.286053915
          }
        },
        "5": {
          "residual": 1.3639872295179267,
          "correlation": 0.5225723318710755,
          "performance": {
            "total_time": 0.289009098
          }
        },
        "6": {
          "residual": 0.06646538274114129,
          "correlation": -0.712131209200393,
          "performance": {
            "total_time": 0.286844692
          }
        },
        "7": {
          "residual": 0.11766590371457372,
          "correlation": -0.5716327309719977,
          "performance": {
            "total_time": 0.287189769
          }
        },
        "8": {
          "residual": 0.13206533398413112,
          "correlation": -0.8155145255824998,
          "performance": {
            "total_time": 0.287528199
          }
        },
        "9": {
          "residual": 0.23056496000293925,
          "correlation": -0.4940860394300395,
          "performance": {
            "total_time": 0.28490939
          }
        },
        "10": {
          "residual": 0.3008182722987355,
          "correlation": -0.9980904109614427,
          "performance": {
            "total_time": 0.287526223
          }
        },
        "11": {
          "residual": 0.023941973742104605,
          "correlation": -0.7392613131179318,
          "performance": {
            "total_time": 0.285642297
          }
        },
        "12": {
          "residual": 0.04277801090513201,
          "correlation": -0.717759218931616,
          "performance": {
            "total_time": 0.257858087
          }
        },
        "13": {
          "residual": 0.0265440717882559,
          "correlation": -0.7777715848582358,
          "performance": {
            "total_time": 0.254217374
          }
        },
        "14": {
          "residual": 0.05862434491474927,
          "correlation": -0.7252904596841633,
          "performance": {
            "total_time": 0.277795829
          }
        },
        "15": {
          "residual": 0.04931510074724311,
          "correlation": -0.8259108852757762,
          "performance": {
            "total_time": 0.276919197
          }
        },
        "16": {
          "residual": 0.02215600715325358,
          "correlation": -0.8668221147079461,
          "performance": {
            "total_time": 0.278363092
          }
        },
        "17": {
          "residual": 0.04498214355725826,
          "correlation": -0.9135094592509312,
          "performance": {
            "total_time": 0.277066811
          }
        },
        "18": {
          "residual": 0.042740966749598965,
          "correlation": -0.8355854044298997,
          "performance": {
            "total_time": 0.278852139
          }
        },
        "19": {
          "residual": 0.05657466186056881,
          "correlation": -0.915590057680896,
          "performance": {
            "total_time": 0.278452006
          }
        },
        "20": {
          "residual": 0.05872370069681246,
          "correlation": -0.8159426956029786,
          "performance": {
            "total_time": 0.276970547
          }
        },
        "21": {
          "residual": 0.0025735559259423956,
          "correlation": -0.8647958897790352,
          "performance": {
            "total_time": 0.276616281
          }
        },
        "22": {
          "residual": 0.005816152929777891,
          "correlation": -0.868174741952134,
          "performance": {
            "total_time": 0.277036343
          }
        },
        "23": {
          "residual": 0.003791647483548793,
          "correlation": -0.8592960868828161,
          "performance": {
            "total_time": 0.294081826
          }
        },
        "24": {
          "residual": 0.006449940987449877,
          "correlation": -0.8664992700844628,
          "performance": {
            "total_time": 0.289590273
          }
        },
        "25": {
          "residual": 0.005684933959042446,
          "correlation": -0.8556357584284331,
          "performance": {
            "total_time": 0.286742015
          }
        },
        "26": {
          "residual": 0.0003729432881333798,
          "correlation": -0.857532022217191,
          "performance": {
            "total_time": 0.283811672
          }
        },
        "27": {
          "residual": 0.00024806007873943715,
          "correlation": -0.857509644672619,
          "performance": {
            "total_time": 0.286562879
          }
        },
        "28": {
          "residual": 0.00014572189490135243,
          "correlation": -0.8575629896772409,
          "performance": {
            "total_time": 0.285187988
          }
        },
        "29": {
          "residual": 0.00011253601363573671,
          "correlation": -0.8574462233162085,
          "performance": {
            "total_time": 0.289081836
          }
        },
        "30": {
          "residual": 0.00011163902183016763,
          "correlation": -0.8575843804638732,
          "performance": {
            "total_time": 0.284857345
          }
        },
        "31": {
          "residual": 2.1541897534950945e-05,
          "correlation": -0.8574971759219108,