{
  "output": {
    "SCF": {
      "nucl_rep_energy": 9.603587115003934,
      "iter": {
        "1": {
          "energy": -108.08799076387344,
          "e_diff": -108.08799076387344,
          "rmsd": 0.0014684869980123199,
          "performance": {
            "total_time": 0.052717425
          }
        },
        "2": {
          "energy": -108.09116681722804,
          "e_diff": -0.0031760533546076886,
          "rmsd": 0.0004814282237690574,
          "performance": {
            "total_time": 0.052870149
          }
        },
        "3": {
          "energy": -108.09162300136768,
          "e_diff": -0.0004561841396366617,
          "rmsd": 0.0002468505001592074,
          "performance": {
            "total_time": 0.053293931
          }
        },
        "4": {
          "energy": -108.09169205549475,
          "e_diff": -6.905412706714742e-05,
          "rmsd": 9.936131843660244e-06,
          "performance": {
            "total_time": 0.054304307
          }
        },
        "5": {
          "energy": -108.09169223911762,
          "e_diff": -1.8362287335094152e-07,
          "rmsd": 1.1760470666601575e-06,
          "performance": {
            "total_time": 0.055127773
          }
        },
        "6": {
          "energy": -108.09169224173176,
          "e_diff": -2.6141435682802694e-09,
          "rmsd": 2.7134780316715155e-07,
          "performance": {
            "total_time": 0.056025572
          }
        },
        "7": {
          "energy": -108.09169224182011,
          "e_diff": -8.834888376441086e-11,
          "rmsd": 2.6653963016021863e-08,
          "performance": {
            "total_time": 0.056893675
          }
        },
        "8": {
          "energy": -108.09169224182071,
          "e_diff": -5.968558980384842e-13,
          "rmsd": 8.417567562823412e-09,
          "performance": {
            "total_time": 0.05871688
          }
        }
      },
      "final_energy": -108.09169224182071,
      "n_iterations": 8
    },
    "CD": {
      "n_cholesky_vectors": 461
    },
    "CCSD": {
      "iter": {
        "1": {
          "residual": 0.6923418489092313,
          "correlation": 0.0,
          "performance": {
            "total_time": 0.56993707
          }
        },
        "2": {
          "residual": 0.5006628224990706,
          "correlation": -1.2061674477444817,
          "performance": {
            "total_time": 0.496003398
          }
        },
        "3": {
          "residual": 0.9467496287647325,
          "correlation": 0.19012123202335984,
          "performance": {
            "total_time": 0.487521118
          }
        },
        "4": {
          "residual": 1.3929460452072957,
          "correlation": -2.349547225858019,
          "performance": {
            "total_time": 0.479081601
          }
        },
        "5": {
          "residual": 2.195339938977799,
          "correlation": 1.2686826165178615,
          "performance": {
            "total_time": 0.486985366
          }
        },
        "6": {
          "residual": 0.11567082092411408,
          "correlation": -0.7827082098445938,
          "performance": {
            "total_time": 0.467338096
          }
        },
        "7": {
          "residual": 0.2357999864266128,
          "correlation": -0.4740829266564792,
          "performance": {
            "total_time": 0.461239679
          }
        },
        "8": {
          "residual": 0.34563293911368326,
          "correlation": -1.0625780582792668,
          "performance": {
            "total_time": 0.475964619
          }
        },
        "9": {
          "residual": 0.6299271280515658,
          "correlation": -0.14599206146956953,
          "performance": {
            "total_time": 0.463810293
          }
        },
        "10": {
          "residual": 1.0017169341557184,
          "correlation": -1.7565025894011317,
          "performance": {
            "total_time": 0.454443792
          }
        },
        "11": {
          "residual": 0.04147171900713433,
          "correlation": -0.7381946995259338,
          "performance": {
            "total_time": 0.451316057
          }
        },
        "12": {
          "residual": 0.10564006505287231,
          "correlation": -0.6368697331331339,
          "performance": {
            "total_time": 0.442385913
          }
        },
        "13": {
          "residual": 0.1194419051689071,
          "correlation": -0.861985365460497,
          "performance": {
            "total_time": 0.444385732
          }
        },
        "14": {
          "residual": 0.24661812920730472,
          "correlation": -0.5439533255735618,
          "performance": {
            "total_time": 0.476591056
          }
        },
        "15": {
          "residual": 0.35689946756822344,
          "correlation": -1.117799393555028,
          "performance": {
            "total_time": 0.465203314
          }
        },
        "16": {
          "residual": 0.028660255677059314,
          "correlation": -0.7729706254699847,
          "performance": {
            "total_time": 0.456928871
          }
        },
        "17": {
          "residual": 0.07424346463106425,
          "correlation": -0.7284438252323728,
          "performance": {
            "total_time": 0.460226813
          }
        },
        "18": {
          "residual": 0.06100202720136562,
          "correlation": -0.8613600904434285,
          "performance": {
            "total_time": 0.460982322
          }
        },
        "19": {
          "residual": 0.13796609452306602,
          "correlation": -0.7086746403156886,
          "performance": {
            "total_time": 0.452184978
          }
        },
        "20": {
          "residual": 0.16603251455783996,
          "correlation": -0.9949244124809411,
          "performance": {
            "total_time": 0.459317075
          }
        },
        "21": {
          "residual": 0.019191321604142678,
          "correlation": -0.8626869044964655,
          "performance": {
            "total_time": 0.485255413
          }
        },
        "22": {
          "residual": 0.04303055371926864,
          "correlation": -0.8458498850032103,
          "performance": {
            "total_time": 0.46883305
          }
        },
        "23": {
          "residual": 0.029479392847018518,
          "correlation": -0.9159163439268363,
          "performance": {
            "total_time": 0.446421346
          }
        },
        "24": {
          "residual": 0.058098728364012996,
          "correlation": -0.8537038231691632,
          "performance": {
            "total_time": 0.454061045
          }
        },
        "25": {
          "residual": 0.05934643141135376,
          "correlation": -0.9626351123710395,
          "performance": {
            "total_time": 0.457336653
          }
        },
        "26": {
          "residual": 0.0037513439748001155,
          "correlation": -0.9348634996381862,
          "performance": {
            "total_time": 0.455053716
          }
        },
        "27": {
          "residual": 0.005315791479509671,
          "correlation": -0.9401509489097946,
          "performance": {
            "total_time": 0.457543119
          }
        },
        "28": {
          "residual": 0.005748685564724249,
          "correlation": -0.9300794023857626,
          "performance": {
            "total_time": 0.455950442
          }
        },
        "29": {
          "residual": 0.0073880309031600444,
          "correlation": -0.9412697395330408,
          "performance": {
            "total_time": 0.455663543
          }
        },
        "30": {
          "residual": 0.008476057948587053,
          "correlation": -0.9273323640075148,
          "performance": {
            "total_time": 0.458049415
          }
        },
        "31": {
          "residual": 0.00021618728299325292,
          "correlation": -0.9345764851545031,