{
  "output": {
    "SCF": {
      "nucl_rep_energy": 9.260601860896651,
      "iter": {
        "1": {
          "energy": -108.07378909716535,
          "e_diff": -108.07378909716535,
          "rmsd": 0.0008693233963045488,
          "performance": {
            "total_time": 0.309484141
          }
        },
        "2": {
          "energy": -108.07699695515642,
          "e_diff": -0.0032078579910717053,
          "rmsd": 0.0002824654136746387,
          "performance": {
            "total_time": 0.310302212
          }
        },
        "3": {
          "energy": -108.07746776961598,
          "e_diff": -0.00047081445956109746,
          "rmsd": 0.00017456720793280814,
          "performance": {
            "total_time": 0.312289261
          }
        },
        "4": {
          "energy": -108.07755573475707,
          "e_diff": -8.796514109121745e-05,
          "rmsd": 1.1079567350623748e-05,
          "performance": {
            "total_time": 0.316685022
          }
        },
        "5": {
          "energy": -108.07755614191662,
          "e_diff": -4.0715954696679546e-07,
          "rmsd": 9.462839789015339e-07,
          "performance": {
            "total_time": 0.318875476
          }
        },
        "6": {
          "energy": -108.07755614897629,
          "e_diff": -7.059668405418051e-09,
          "rmsd": 4.996392908336843e-07,
          "performance": {
            "total_time": 0.323404653
          }
        },
        "7": {
          "energy": -108.07755614950793,
          "e_diff": -5.316422857504222e-10,
          "rmsd": 1.2083612362830737e-07,
          "performance": {
            "total_time": 0.318284273
          }
        },
        "8": {
          "energy": -108.07755614930042,
          "e_diff": 2.0750690055137966e-10,
          "rmsd": 8.451916604298403e-08,
          "performance": {
            "total_time": 0.320679786
          }
        },
        "9": {
          "energy": -108.07755614952741,
          "e_diff": -2.269899823659216e-10,
          "rmsd": 5.875966509724976e-09,
          "performance": {
            "total_time": 0.322982554
          }
        }
      },
      "final_energy": -108.07755614952741,
      "n_iterations": 9
    },
    "CD": {
      "n_cholesky_vectors": 774
    },
    "CCSD": {
      "iter": {
        "1": {
          "residual": 1.0413496409273533,
          "correlation": 0.0,
          "performance": {
            "total_time": 3.190746353
          }
        },
        "2": {
          "residual": 0.5442821533689884,
          "correlation": -1.3104060167905927,
          "performance": {
            "total_time": 2.996090622
          }
        },
        "3": {
          "residual": 1.1032440409112643,
          "correlation": 0.25918541677242546,
          "performance": {
            "total_time": 2.991980569
          }
        },
        "4": {
          "residual": 1.690146094544925,
          "correlation": -2.821857313260611,
          "performance": {
            "total_time": 2.941371621
          }
        },
        "5": {
          "residual": 2.751374844879245,
          "correlation": 1.6647891291504546,
          "performance": {
            "total_time": 2.936427994
          }
        },
        "6": {
          "residual": 0.1429653231991112,
          "correlation": -0.8627325385091918,
          "performance": {
            "total_time": 2.933962908
          }
        },
        "7": {
          "residual": 0.30417458557042343,
          "correlation": -0.45794142258047615,
          "performance": {
            "total_time": 2.929219331
          }
        },
        "8": {
          "residual": 0.49474716815106806,
          "correlation": -1.2699365948394479,
          "performance": {
            "total_time": 2.947945648
          }
        },
        "9": {
          "residual": 0.943097644718181,
          "correlation": 0.08544778183969756,
          "performance": {
            "total_time": 2.932102442
          }
        },
        "10": {
          "residual": 1.541006637900828,
          "correlation": -2.479638357013115,
          "performance": {
            "total_time": 2.932642691
          }
        },
        "11": {
          "residual": 0.041512202986980086,
          "correlation": -0.7857132026256548,
          "performance": {
            "total_time": 2.932362597
          }
        },
        "12": {
          "residual": 0.11025605449036148,
          "correlation": -0.6777852651989464,
          "performance": {
            "total_time": 2.952962251
          }
        },
        "13": {
          "residual": 0.1408678737415217,
          "correlation": -0.929045666469562,
          "performance": {
            "total_time": 2.927102701
          }
        },
        "14": {
          "residual": 0.30160702612459556,
          "correlation": -0.5388382169409454,
          "performance": {
            "total_time": 2.928908871
          }
        },
        "15": {
          "residual": 0.4877901320198137,
          "correlation": -1.2875474101329123,
          "performance": {
            "total_time": 2.925937378
          }
        },
        "16": {
          "residual": 0.03079497900693263,
          "correlation": -0.8101832610957209,
          "performance": {
            "total_time": 2.925855592
          }
        },
        "17": {
          "residual": 0.08692546095470077,
          "correlation": -0.7476590284543307,
          "performance": {
            "total_time": 2.946995169
          }
        },
        "18": {
          "residual": 0.09027585893087245,
          "correlation": -0.9225432374427117,
          "performance": {
            "total_time": 2.927398081
          }
        },
        "19": {
          "residual": 0.20346567096018162,
          "correlation": -0.6821981433652721,
          "performance": {
            "total_time": 2.931255659
          }
        },
        "20": {
          "residual": 0.2975197682408967,
          "correlation": -1.1480821263241028,
          "performance": {
            "total_time": 2.92737585
          }
        },
        "21": {
          "residual": 0.025345766377822827,
          "correlation": -0.863047734902994,
          "performance": {
            "total_time": 2.928860332
          }
        },
        "22": {
          "residual": 0.07265557498558986,
          "correlation": -0.8239405517431843,
          "performance": {
            "total_time": 2.924831028
          }
        },
        "23": {
          "residual": 0.06505881489131608,
          "correlation": -0.9583004108378269,
          "performance": {
            "total_time": 2.927965381
          }
        },
        "24": {
          "residual": 0.14097705069169308,
          "correlation": -0.7995308625983905,
          "performance": {
            "total_time": 2.949499843
          }
        },
        "25": {
          "residual": 0.18516412811796204,
          "correlation": -1.0978932065425222,
          "performance": {
            "total_time": 2.924007027
          }
        },
        "26": {
          "residual": 0.014802394303148383,
          "correlation": -0.9447741557812042,
          "performance": {
            "total_time": 2.927081432
          }
        },
        "27": {
          "residual": 0.035159732091104914,
          "correlation": -0.9314986707844783,
          "performance": {
            "total_time": 2.928796993
          }
        },
        "28": {
          "residual": 0.02823886963537389,
          "correlation": -0.992333622953691,
          "performance": {
            "total_time": 2.922500162
          }
        },
        "29": {
          "residual": 0.05195734291615637,
          "correlation": -0.9326828835885457,
          "performance": {
            "total_time": 2.929801291
          }
        },
        "30": {
          "residual": 0.06026019427280436,
          "correlation": -1.0338318923541239,