{
  "output": {
    "SCF": {
      "nucl_rep_energy": 7.857480366821401,
      "iter": {
        "1": {
          "energy": -107.98569653505196,
          "e_diff": -107.98569653505196,
          "rmsd": 0.0007544431713631632,
          "performance": {
            "total_time": 0.247012779
          }
        },
        "2": {
          "energy": -107.98770830609817,
          "e_diff": -0.0020117710462130844,
          "rmsd": 0.00028610521582835805,
          "performance": {
            "total_time": 0.252517876
          }
        },
        "3": {
          "energy": -107.98801645611567,
          "e_diff": -0.00030815001750283955,
          "rmsd": 0.0001482517922943772,
          "performance": {
            "total_time": 0.255023029
          }
        },
        "4": {
          "energy": -107.988066848817,
          "e_diff": -5.0392701325563394e-05,
          "rmsd": 1.1023155494792948e-05,
          "performance": {
            "total_time": 0.256410218
          }
        },
        "5": {
          "energy": -107.98806720198054,
          "e_diff": -3.5316354285441776e-07,
          "rmsd": 6.611445588749354e-07,
          "performance": {
            "total_time": 0.257961696
          }
        },
        "6": {
          "energy": -107.98806720602765,
          "e_diff": -4.047109314342379e-09,
          "rmsd": 5.340560381252071e-07,
          "performance": {
            "total_time": 0.259568694
          }
        },
        "7": {
          "energy": -107.98806720663953,
          "e_diff": -6.118767714724527e-10,
          "rmsd": 1.2945564243428366e-07,
          "performance": {
            "total_time": 0.267215869
          }
        },
        "8": {
          "energy": -107.98806720634597,
          "e_diff": 2.935536258519278e-10,
          "rmsd": 9.429671387833965e-08,
          "performance": {
            "total_time": 0.265324658
          }
        },
        "9": {
          "energy": -107.98806720665992,
          "e_diff": -3.1394620236824267e-10,
          "rmsd": 5.173504819448186e-09,
          "performance": {
            "total_time": 0.266658614
          }
        }
      },
      "final_energy": -107.98806720665992,
      "n_iterations": 9
    },
    "CD": {
      "n_cholesky_vectors": 763
    },
    "CCSD": {
      "iter": {
        "1": {
          "residual": 1.0490663789609291,
          "correlation": 0.0,
          "performance": {
            "total_time": 3.405817208
          }
        },
        "2": {
          "residual": 0.7182044358867181,
          "correlation": -1.613828757004381,
          "performance": {
            "total_time": 3.037242223
          }
        },
        "3": {
          "residual": 1.9736615993906883,
          "correlation": 0.9625812946995548,
          "performance": {
            "total_time": 3.021838418
          }
        },
        "4": {
          "residual": 3.1121882260011167,
          "correlation": -5.894299926735662,
          "performance": {
            "total_time": 3.013912493
          }
        },
        "5": {
          "residual": 4.863662419225929,
          "correlation": 2.167397229174203,
          "performance": {
            "total_time": 3.053778172
          }
        },
        "6": {
          "residual": 0.14824219870651759,
          "correlation": -0.8766354749874201,
          "performance": {
            "total_time": 3.075261409
          }
        },
        "7": {
          "residual": 0.38805045793317017,
          "correlation": -0.3746159991378176,
          "performance": {
            "total_time": 3.047280511
          }
        },
        "8": {
          "residual": 0.8018555440383539,
          "correlation": -1.69521044934522,
          "performance": {
            "total_time": 3.051123186
          }
        },
        "9": {
          "residual": 2.0143356794863863,
          "correlation": 1.0444301346972205,
          "performance": {
            "total_time": 3.042850004
          }
        },
        "10": {
          "residual": 2.3936082102156324,
          "correlation": -6.027209328641411,
          "performance": {
            "total_time": 3.044473638
          }
        },
        "11": {
          "residual": 0.055703456621168684,
          "correlation": -0.7436532700275679,
          "performance": {
            "total_time": 3.050691133
          }
        },
        "12": {
          "residual": 0.04407863631393317,
          "correlation": -0.7900620878449026,
          "performance": {
            "total_time": 3.058076367
          }
        },
        "13": {
          "residual": 0.0686439878511926,
          "correlation": -0.7742036692545081,
          "performance": {
            "total_time": 3.038275535
          }
        },
        "14": {
          "residual": 0.05918065431160297,
          "correlation": -0.9006937971664051,
          "performance": {
            "total_time": 3.039765975
          }
        },
        "15": {
          "residual": 0.1933198814340051,
          "correlation": -0.7139811542353623,
          "performance": {
            "total_time": 3.041908535
          }
        },
        "16": {
          "residual": 0.05893295324699415,
          "correlation": -0.7642369162289553,
          "performance": {
            "total_time": 3.047540539
          }
        },
        "17": {
          "residual": 0.04288273181476476,
          "correlation": -0.8403495196623278,
          "performance": {
            "total_time": 3.034690776
          }
        },
        "18": {
          "residual": 0.1262926139435873,
          "correlation": -0.7317315867653092,
          "performance": {
            "total_time": 3.042162274
          }
        },
        "19": {
          "residual": 0.1954427868184246,
          "correlation": -1.0652952895130374,
          "performance": {
            "total_time": 3.092340108
          }
        },
        "20": {
          "residual": 0.5107952483054747,
          "correlation": -0.42555871889062324,
          "performance": {
            "total_time": 3.038000197
          }
        },
        "21": {
          "residual": 0.058650119737475775,
          "correlation": -0.8907636820384918,
          "performance": {
            "total_time": 3.002213494
          }
        },
        "22": {
          "residual": 0.04119017007494183,
          "correlation": -0.9452834905035711,
          "performance": {
            "total_time": 3.001658785
          }
        },
        "23": {
          "residual": 0.0687878329570865,
          "correlation": -0.9435722908825941,
          "performance": {
            "total_time": 3.001479471
          }
        },
        "24": {
          "residual": 0.04753748808894711,
          "correlation": -1.064451645139796,
          "performance": {
            "total_time": 3.000790177
          }
        },
        "25": {
          "residual": 0.12243947203907497,
          "correlation": -0.9469724479764199,
          "performance": {
            "total_time": 2.996370416
          }
        },
        "26": {
          "residual": 0.017105621460940895,
          "correlation": -1.1460720030406717,
          "performance": {
            "total_time": 3.002011106
          }
        },
        "27": {
          "residual": 0.07514877499155301,
          "correlation": -1.1876876434560462,
          "performance": {
            "total_time": 2.995344796
          }
        },
        "28": {
          "residual": 0.09351758002244442,
          "correlation": -1.021127710287731,
          "performance": {
            "total_time": 3.00931586
          }
        },
        "29": {
          "residual": 0.1315713081992042,
          "correlation": -1.2235363548712102,
          "performance": {
            "total_time": 3.004449295
          }
        },
        "30": {
          "residual": 0.15570655062621658,
          "correlation": -0.9587343670981262,