{
  "output": {
    "SCF": {
      "nucl_rep_energy": 28.8107613450118,
      "iter": {
        "1": {
          "energy": -108.81913639099605,
          "e_diff": -108.81913639099605,
          "rmsd": 0.0035435787105936494,
          "performance": {
            "total_time": 0.071397775
          }
        },
        "2": {
          "energy": -108.83851404900406,
          "e_diff": -0.019377658008011167,
          "rmsd": 0.0006297880166951125,
          "performance": {
            "total_time": 0.062101928
          }
        },
        "3": {
          "energy": -108.83980678923442,
          "e_diff": -0.0012927402303546387,
          "rmsd": 0.0002618939365036915,
          "performance": {
            "total_time": 0.06249648
          }
        },
        "4": {
          "energy": -108.83987437125754,
          "e_diff": -6.758202312084904e-05,
          "rmsd": 7.02840866131136e-05,
          "performance": {
            "total_time": 0.062693692
          }
        },
        "5": {
          "energy": -108.83987486747898,
          "e_diff": -4.962214461556869e-07,
          "rmsd": 1.491813894473741e-05,
          "performance": {
            "total_time": 0.063398571
          }
        },
        "6": {
          "energy": -108.83987488297439,
          "e_diff": -1.5495402294618543e-08,
          "rmsd": 1.7377303856405141e-06,
          "performance": {
            "total_time": 0.064590548
          }
        },
        "7": {
          "energy": -108.83987488339832,
          "e_diff": -4.239382178639062e-10,
          "rmsd": 7.055709409731303e-08,
          "performance": {
            "total_time": 0.065798654
          }
        },
        "8": {
          "energy": -108.83987488340219,
          "e_diff": -3.865352482534945e-12,
          "rmsd": 3.477872379864416e-09,
          "performance": {
            "total_time": 0.067371817
          }
        }
      },
      "final_energy": -108.83987488340219,
      "n_iterations": 8
    },
    "CD": {
      "n_cholesky_vectors": 462
    },
    "CCSD": {
      "iter": {
        "1": {
          "residual": 0.7732549819454569,
          "correlation": 0.0,
          "performance": {
            "total_time": 0.307696359
          }
        },
        "2": {
          "residual": 0.07571235323211378,
          "correlation": -0.359184891705664,
          "performance": {
            "total_time": 0.26384092
          }
        },
        "3": {
          "residual": 0.020437818920734995,
          "correlation": -0.35996840292615717,
          "performance": {
            "total_time": 0.263279717
          }
        },
        "4": {
          "residual": 0.005649335354489721,
          "correlation": -0.36716168499263746,
          "performance": {
            "total_time": 0.267510117
          }
        },
        "5": {
          "residual": 0.0024228618894726935,
          "correlation": -0.36754501492134517,
          "performance": {
            "total_time": 0.269960291
          }
        },
        "6": {
          "residual": 0.0008356131916510585,
          "correlation": -0.36827644121291525,
          "performance": {
            "total_time": 0.266011492
          }
        },
        "7": {
          "residual": 0.0002838899310703477,
          "correlation": -0.36817126025381886,
          "performance": {
            "total_time": 0.270036675
          }
        },
        "8": {
          "residual": 0.00012521910445957837,
          "correlation": -0.3681823074569159,
          "performance": {
            "total_time": 0.268776161
          }
        },
        "9": {
          "residual": 5.758069203268902e-05,
          "correlation": -0.3681855671773166,
          "performance": {
            "total_time": 0.270158672
          }
        },
        "10": {
          "residual": 2.719588298360769e-05,
          "correlation": -0.36818816007895605,
          "performance": {
            "total_time": 0.269641411
          }
        },
        "11": {
          "residual": 1.7116882495759135e-06,
          "correlation": -0.36819072948535647,
          "performance": {
            "total_time": 0.272576966
          }
        },
        "12": {
          "residual": 4.3814569418386294e-07,
          "correlation": -0.3681912392618934,
          "performance": {
            "total_time": 0.267226832
          }
        },
        "13": {
          "residual": 1.249833101899902e-07,
          "correlation": -0.36819119929717536,
          "performance": {
            "total_time": 0.272805831
          }
        },
        "14": {
          "residual": 4.8913559083349344e-08,
          "correlation": -0.3681912168119148,
          "performance": {
            "total_time": 0.273096769
          }
        },
        "15": {
          "residual": 1.6945873715456898e-08,
          "correlation": -0.36819121651242503,
          "performance": {
            "total_time": 0.270790294
          }
        },
        "16": {
          "residual": 3.540795934182114e-09,
          "correlation": -0.36819121826008594,
          "performance": {
            "total_time": 0.271123758
          }
        }
      },
      "n_iterations": 16,
      "final_energy": {
        "correlation": -0.36819121826008594,
        "total": -109.20806610166227
      }
    },
    "DUCC": {
      "performance": {
        "total_time": 12.224238535000001
      },
      "results": {
        "X1": -28.541820924826887,
        "X2": -9.632285802863992e-16,
        "X3": -6.200144450932985,
        "X4": -1.2094795616052511e-23,
        "X5": 0.0,
        "X6": 0.0,
        "X7": -0.530390478589659,
        "X8": -1.1146096445810799e-33,
        "X9": -2.938735877055719e-38
      }
    }
  },
  "input": {
    "molecule": {
      "name": "N2_0.9",
      "basisset": "cc-pvtz",
      "geometry_units": "angstrom"
    },
    "SCF": {
      "tol_int": 1e-22,
      "tol_sch": 1e-10,
      "tol_lindep": 1e-05,
      "conve": 1e-09,
      "convd": 1e-08,
      "diis_hist": 10,
      "AO_tilesize": 30,
      "force_tilesize": "false",
      "scf_type": "restricted",
      "multiplicity": 1,
      "lambdas": [],
      "polvecs": [],
      "omegas": [],
      "volumes": []
    },
    "CD": {
      "diagtol": 1e-06,
      "itilesize": 1000,
      "write_cv": false,
      "write_vcount": 5000,
      "max_cvecs_factor": 12
    },
    "CCSD": {
      "threshold": 1e-08,
      "tilesize": 40,
      "ndiis": 5,
      "readt": "false",
      "writet": "false",
      "ccsd_maxiter": 50,
      "balance_tiles": "true"
    },
    "DUCC": {
      "nactive": 21
    }
  }
}
