{
  "output": {
    "SCF": {
      "nucl_rep_energy": 7.62637800309136,
      "iter": {
        "1": {
          "energy": -107.96164086164696,
          "e_diff": -107.96164086164696,
          "rmsd": 0.0010834626762864397,
          "performance": {
            "total_time": 0.042817665
          }
        },
        "2": {
          "energy": -107.96319914614833,
          "e_diff": -0.0015582845013710767,
          "rmsd": 0.0004358699898496451,
          "performance": {
            "total_time": 0.043499042
          }
        },
        "3": {
          "energy": -107.96342556908496,
          "e_diff": -0.00022642293663466262,
          "rmsd": 0.00015478885186573236,
          "performance": {
            "total_time": 0.044428544
          }
        },
        "4": {
          "energy": -107.96345010604698,
          "e_diff": -2.453696201598632e-05,
          "rmsd": 8.215071057876346e-06,
          "performance": {
            "total_time": 0.045129822
          }
        },
        "5": {
          "energy": -107.96345023662369,
          "e_diff": -1.305767085568732e-07,
          "rmsd": 7.805943763541269e-07,
          "performance": {
            "total_time": 0.045229844
          }
        },
        "6": {
          "energy": -107.96345023790926,
          "e_diff": -1.285570760956034e-09,
          "rmsd": 2.180382793543179e-07,
          "performance": {
            "total_time": 0.046466136
          }
        },
        "7": {
          "energy": -107.96345023797295,
          "e_diff": -6.369305083353538e-11,
          "rmsd": 2.503224174679996e-08,
          "performance": {
            "total_time": 0.047329684
          }
        },
        "8": {
          "energy": -107.96345023797264,
          "e_diff": 3.126388037344441e-13,
          "rmsd": 1.0579169849568836e-08,
          "performance": {
            "total_time": 0.049006472
          }
        },
        "9": {
          "energy": -107.96345023797329,
          "e_diff": -6.536993168992922e-13,
          "rmsd": 3.3561117234115502e-09,
          "performance": {
            "total_time": 0.050314721
          }
        }
      },
      "final_energy": -107.96345023797329,
      "n_iterations": 9
    },
    "CD": {
      "n_cholesky_vectors": 446
    },
    "CCSD": {
      "iter": {
        "1": {
          "residual": 0.7077883765314015,
          "correlation": 0.0,
          "performance": {
            "total_time": 0.588800136
          }
        },
        "2": {
          "residual": 0.7481109131092938,
          "correlation": -1.6418196217911079,
          "performance": {
            "total_time": 0.604816397
          }
        },
        "3": {
          "residual": 2.175711138841905,
          "correlation": 1.1885663334856387,
          "performance": {
            "total_time": 0.564301296
          }
        },
        "4": {
          "residual": 3.357794336748088,
          "correlation": -6.747743012735137,
          "performance": {
            "total_time": 0.558353883
          }
        },
        "5": {
          "residual": 5.174250332025964,
          "correlation": 1.0647606506409597,
          "performance": {
            "total_time": 0.553716991
          }
        },
        "6": {
          "residual": 0.2447410021319966,
          "correlation": -0.9634558805882542,
          "performance": {
            "total_time": 0.551174995
          }
        },
        "7": {
          "residual": 0.7075962859546896,
          "correlation": -0.028284156832176555,
          "performance": {
            "total_time": 0.570426998
          }
        },
        "8": {
          "residual": 1.4871237140098847,
          "correlation": -2.581134741829906,
          "performance": {
            "total_time": 0.573448073
          }
        },
        "9": {
          "residual": 3.5121141922656807,
          "correlation": 2.4668074709441634,
          "performance": {
            "total_time": 0.55278146
          }
        },
        "10": {
          "residual": 26.220320773499743,
          "correlation": -10.906343741620601,
          "performance": {
            "total_time": 0.548502469
          }
        },
        "11": {
          "residual": 0.064255122440873,
          "correlation": -0.7004159341556015,
          "performance": {
            "total_time": 0.548979833
          }
        },
        "12": {
          "residual": 0.050293663091450884,
          "correlation": -0.7426084723023905,
          "performance": {
            "total_time": 0.562651044
          }
        },
        "13": {
          "residual": 0.059229157622571964,
          "correlation": -0.7600560801740861,
          "performance": {
            "total_time": 0.561936055
          }
        },
        "14": {
          "residual": 0.046502966405187855,
          "correlation": -0.8281295858535955,
          "performance": {
            "total_time": 0.557959984
          }
        },
        "15": {
          "residual": 0.1015625376385147,
          "correlation": -0.7937218059530284,
          "performance": {
            "total_time": 0.560461229
          }
        },
        "16": {
          "residual": 0.06832677791134822,
          "correlation": -0.6693874392400347,
          "performance": {
            "total_time": 0.555018505
          }
        },
        "17": {
          "residual": 0.07087966136030832,
          "correlation": -0.803251208048196,
          "performance": {
            "total_time": 0.549532438
          }
        },
        "18": {
          "residual": 0.22424489839269332,
          "correlation": -0.5300133659123669,
          "performance": {
            "total_time": 0.567267791
          }
        },
        "19": {
          "residual": 0.4607404529057962,
          "correlation": -1.2738313063238484,
          "performance": {
            "total_time": 0.569221751
          }
        },
        "20": {
          "residual": 1.192132692909785,
          "correlation": 0.35630840823914645,
          "performance": {
            "total_time": 0.556034268
          }
        },
        "21": {
          "residual": 0.06631381810627225,
          "correlation": -0.8074418902144074,
          "performance": {
            "total_time": 0.553758364
          }
        },
        "22": {
          "residual": 0.04350537424230748,
          "correlation": -0.8953200451648586,
          "performance": {
            "total_time": 0.562243287
          }
        },
        "23": {
          "residual": 0.12825182248970535,
          "correlation": -0.8176144675477488,
          "performance": {
            "total_time": 0.57284803
          }
        },
        "24": {
          "residual": 0.1621552169673854,
          "correlation": -1.1217164091128693,
          "performance": {
            "total_time": 0.562836116
          }
        },
        "25": {
          "residual": 0.37458393780152216,
          "correlation": -0.6477981259845844,
          "performance": {
            "total_time": 0.557204261
          }
        },
        "26": {
          "residual": 0.025043286049045405,
          "correlation": -1.070472762253003,
          "performance": {
            "total_time": 0.568640322
          }
        },
        "27": {
          "residual": 0.02653332989974652,
          "correlation": -1.1117065979173202,
          "performance": {
            "total_time": 0.562371919
          }
        },
        "28": {
          "residual": 0.03526722965192037,
          "correlation": -1.0552443120297161,
          "performance": {
            "total_time": 0.570101383
          }
        },
        "29": {
          "residual": 0.0405569504415215,
          "correlation": -1.1248344920099278,
          "performance": {
            "total_time": 0.555161528
          }
        },
        "30": {
          "residual": 0.04277843346184817,
          "correlation": -1.0530969129533831,