{
  "output": {
    "SCF": {
      "nucl_rep_energy": 8.364414584035684,
      "iter": {
        "1": {
          "energy": -108.00545427810114,
          "e_diff": -108.00545427810114,
          "rmsd": 0.0012443228654587543,
          "performance": {
            "total_time": 0.046845666
          }
        },
        "2": {
          "energy": -108.00761519107293,
          "e_diff": -0.0021609129717887754,
          "rmsd": 0.00046654504033477416,
          "performance": {
            "total_time": 0.047658231
          }
        },
        "3": {
          "energy": -108.00793291501174,
          "e_diff": -0.00031772393880658,
          "rmsd": 0.00020050806406562752,
          "performance": {
            "total_time": 0.048029941
          }
        },
        "4": {
          "energy": -108.00797448664925,
          "e_diff": -4.157163751017379e-05,
          "rmsd": 9.127217202995823e-06,
          "performance": {
            "total_time": 0.049424763
          }
        },
        "5": {
          "energy": -108.00797464220712,
          "e_diff": -1.555578705847438e-07,
          "rmsd": 8.368030869912382e-07,
          "performance": {
            "total_time": 0.04951555
          }
        },
        "6": {
          "energy": -108.0079746437081,
          "e_diff": -1.500978896729066e-09,
          "rmsd": 2.594312119656816e-07,
          "performance": {
            "total_time": 0.050792604
          }
        },
        "7": {
          "energy": -108.00797464378628,
          "e_diff": -7.818812264304142e-11,
          "rmsd": 3.035343365306962e-08,
          "performance": {
            "total_time": 0.051728555
          }
        },
        "8": {
          "energy": -108.0079746437843,
          "e_diff": 1.9895196601282805e-12,
          "rmsd": 1.8981880906735005e-08,
          "performance": {
            "total_time": 0.053126716
          }
        },
        "9": {
          "energy": -108.00797464378685,
          "e_diff": -2.5579538487363607e-12,
          "rmsd": 2.7993833016494955e-09,
          "performance": {
            "total_time": 0.05453487
          }
        }
      },
      "final_energy": -108.00797464378685,
      "n_iterations": 9
    },
    "CD": {
      "n_cholesky_vectors": 448
    },
    "CCSD": {
      "iter": {
        "1": {
          "residual": 0.7015014258456169,
          "correlation": 0.0,
          "performance": {
            "total_time": 0.581007528
          }
        },
        "2": {
          "residual": 0.6445588328755255,
          "correlation": -1.4585433821512503,
          "performance": {
            "total_time": 0.553308574
          }
        },
        "3": {
          "residual": 1.5878672639062552,
          "correlation": 0.7201375386330858,
          "performance": {
            "total_time": 0.545042103
          }
        },
        "4": {
          "residual": 2.5267617406614478,
          "correlation": -4.437669476467203,
          "performance": {
            "total_time": 0.547408191
          }
        },
        "5": {
          "residual": 4.145695025737624,
          "correlation": 2.524465389117583,
          "performance": {
            "total_time": 0.552020319
          }
        },
        "6": {
          "residual": 0.12319555380670164,
          "correlation": -0.7860532955825306,
          "performance": {
            "total_time": 0.554884928
          }
        },
        "7": {
          "residual": 0.2936622028519845,
          "correlation": -0.4122265823762321,
          "performance": {
            "total_time": 0.571402006
          }
        },
        "8": {
          "residual": 0.5414197594336919,
          "correlation": -1.3264852518333252,
          "performance": {
            "total_time": 0.54777265
          }
        },
        "9": {
          "residual": 1.2508649518444277,
          "correlation": 0.42980553413661904,
          "performance": {
            "total_time": 0.541624934
          }
        },
        "10": {
          "residual": 2.165935320745339,
          "correlation": -3.582235695439854,
          "performance": {
            "total_time": 0.554752646
          }
        },
        "11": {
          "residual": 0.051477305255074136,
          "correlation": -0.7539214259366347,
          "performance": {
            "total_time": 0.568248557
          }
        },
        "12": {
          "residual": 0.15107430470878425,
          "correlation": -0.600469734066235,
          "performance": {
            "total_time": 0.554887631
          }
        },
        "13": {
          "residual": 0.2384312308781076,
          "correlation": -1.0135823249140565,
          "performance": {
            "total_time": 0.544935105
          }
        },
        "14": {
          "residual": 0.5754936958167098,
          "correlation": -0.2481445361169622,
          "performance": {
            "total_time": 0.553288891
          }
        },
        "15": {
          "residual": 1.1463529622755722,
          "correlation": -1.9572131471272052,
          "performance": {
            "total_time": 0.545799909
          }
        },
        "16": {
          "residual": 0.042113531044799236,
          "correlation": -0.7672315786688274,
          "performance": {
            "total_time": 0.551699211
          }
        },
        "17": {
          "residual": 0.13536185763562486,
          "correlation": -0.6507664972986729,
          "performance": {
            "total_time": 0.545745645
          }
        },
        "18": {
          "residual": 0.19212025658853482,
          "correlation": -0.9947175013080397,
          "performance": {
            "total_time": 0.574370515
          }
        },
        "19": {
          "residual": 0.4700930171076718,
          "correlation": -0.3929834140771585,
          "performance": {
            "total_time": 0.551822557
          }
        },
        "20": {
          "residual": 0.9139249917949999,
          "correlation": -1.720908374448577,
          "performance": {
            "total_time": 0.550272613
          }
        },
        "21": {
          "residual": 0.03741705326657626,
          "correlation": -0.7842815334445681,
          "performance": {
            "total_time": 0.557159569
          }
        },
        "22": {
          "residual": 0.12207375933648497,
          "correlation": -0.7002075356732677,
          "performance": {
            "total_time": 0.548309828
          }
        },
        "23": {
          "residual": 0.15092059588154552,
          "correlation": -0.9862578043258089,
          "performance": {
            "total_time": 0.551102645
          }
        },
        "24": {
          "residual": 0.37655580836463476,
          "correlation": -0.5260969484289107,
          "performance": {
            "total_time": 0.548060835
          }
        },
        "25": {
          "residual": 0.6900656536470878,
          "correlation": -1.5324410254423626,
          "performance": {
            "total_time": 0.547858972
          }
        },
        "26": {
          "residual": 0.035668971731359876,
          "correlation": -0.8145595915526522,
          "performance": {
            "total_time": 0.568754609
          }
        },
        "27": {
          "residual": 0.12180641391058931,
          "correlation": -0.7421852659520689,
          "performance": {
            "total_time": 0.549652484
          }
        },
        "28": {
          "residual": 0.14047611323315803,
          "correlation": -1.0153602732167208,
          "performance": {
            "total_time": 0.551719499
          }
        },
        "29": {
          "residual": 0.3354508982362305,
          "correlation": -0.6087124672708762,
          "performance": {
            "total_time": 0.55856956
          }
        },
        "30": {
          "residual": 0.5838898634011941,
          "correlation": -1.464425256686197,