{
  "output": {
    "SCF": {
      "nucl_rep_energy": 9.603587115003934,
      "iter": {
        "1": {
          "energy": -108.09743384272753,
          "e_diff": -108.09743384272753,
          "rmsd": 0.0008947459507660117,
          "performance": {
            "total_time": 0.320204366
          }
        },
        "2": {
          "energy": -108.10094947432138,
          "e_diff": -0.003515631593856483,
          "rmsd": 0.000282772258313482,
          "performance": {
            "total_time": 0.324465979
          }
        },
        "3": {
          "energy": -108.10145943598393,
          "e_diff": -0.0005099616625443559,
          "rmsd": 0.0001765414685001688,
          "performance": {
            "total_time": 0.323929799
          }
        },
        "4": {
          "energy": -108.10155525035128,
          "e_diff": -9.581436735572879e-05,
          "rmsd": 1.1115812999655242e-05,
          "performance": {
            "total_time": 0.328177001
          }
        },
        "5": {
          "energy": -108.10155567269015,
          "e_diff": -4.223388714308385e-07,
          "rmsd": 1.0533738882989718e-06,
          "performance": {
            "total_time": 0.332709813
          }
        },
        "6": {
          "energy": -108.10155568090215,
          "e_diff": -8.211998192564351e-09,
          "rmsd": 4.7664520340262063e-07,
          "performance": {
            "total_time": 0.332073721
          }
        },
        "7": {
          "energy": -108.10155568138423,
          "e_diff": -4.820748245037976e-10,
          "rmsd": 1.0633806479469403e-07,
          "performance": {
            "total_time": 0.332302546
          }
        },
        "8": {
          "energy": -108.10155568135612,
          "e_diff": 2.8109070626669563e-11,
          "rmsd": 3.672799847816674e-08,
          "performance": {
            "total_time": 0.334775919
          }
        },
        "9": {
          "energy": -108.1015556813992,
          "e_diff": -4.3087311496492475e-11,
          "rmsd": 6.377377597940152e-09,
          "performance": {
            "total_time": 0.336802847
          }
        }
      },
      "final_energy": -108.1015556813992,
      "n_iterations": 9
    },
    "CD": {
      "n_cholesky_vectors": 778
    },
    "CCSD": {
      "iter": {
        "1": {
          "residual": 1.0396662839194835,
          "correlation": 0.0,
          "performance": {
            "total_time": 3.214976638
          }
        },
        "2": {
          "residual": 0.5085391251096077,
          "correlation": -1.2481400324854963,
          "performance": {
            "total_time": 3.003066053
          }
        },
        "3": {
          "residual": 0.9598469960813055,
          "correlation": 0.14039982333430762,
          "performance": {
            "total_time": 2.985844666
          }
        },
        "4": {
          "residual": 1.4221057703105986,
          "correlation": -2.401154328500103,
          "performance": {
            "total_time": 3.00912044
          }
        },
        "5": {
          "residual": 2.288017487917893,
          "correlation": 1.250510997121058,
          "performance": {
            "total_time": 2.983891691
          }
        },
        "6": {
          "residual": 0.12138591168817234,
          "correlation": -0.8376339378606162,
          "performance": {
            "total_time": 2.980839801
          }
        },
        "7": {
          "residual": 0.24308327119569517,
          "correlation": -0.5169542502097415,
          "performance": {
            "total_time": 2.997074242
          }
        },
        "8": {
          "residual": 0.36627424798133734,
          "correlation": -1.1222274723027246,
          "performance": {
            "total_time": 2.980717399
          }
        },
        "9": {
          "residual": 0.6648615778389247,
          "correlation": -0.16778991056393336,
          "performance": {
            "total_time": 2.980667598
          }
        },
        "10": {
          "residual": 1.0641106252537311,
          "correlation": -1.8535552135488833,
          "performance": {
            "total_time": 2.982282348
          }
        },
        "11": {
          "residual": 0.03987151257734049,
          "correlation": -0.78476035234262,
          "performance": {
            "total_time": 2.982211207
          }
        },
        "12": {
          "residual": 0.10127189856622786,
          "correlation": -0.6849090658614789,
          "performance": {
            "total_time": 2.999565773
          }
        },
        "13": {
          "residual": 0.12031223563086747,
          "correlation": -0.9021688497812947,
          "performance": {
            "total_time": 2.978501097
          }
        },
        "14": {
          "residual": 0.24415787561411076,
          "correlation": -0.5877149857229196,
          "performance": {
            "total_time": 2.978248446
          }
        },
        "15": {
          "residual": 0.3631167034400804,
          "correlation": -1.155727867018507,
          "performance": {
            "total_time": 2.977231353
          }
        },
        "16": {
          "residual": 0.026720106174189424,
          "correlation": -0.8130571712838714,
          "performance": {
            "total_time": 2.98106546
          }
        },
        "17": {
          "residual": 0.06817345669359934,
          "correlation": -0.7702659563306431,
          "performance": {
            "total_time": 2.994300782
          }
        },
        "18": {
          "residual": 0.05973467027980424,
          "correlation": -0.8930704924388634,
          "performance": {
            "total_time": 2.978039286
          }
        },
        "19": {
          "residual": 0.13265268210172004,
          "correlation": -0.7454426629192616,
          "performance": {
            "total_time": 2.97751096
          }
        },
        "20": {
          "residual": 0.1676425302715598,
          "correlation": -1.0230140399420962,
          "performance": {
            "total_time": 2.97980001
          }
        },
        "21": {
          "residual": 0.018393280215102874,
          "correlation": -0.895348064271332,
          "performance": {
            "total_time": 2.976052841
          }
        },
        "22": {
          "residual": 0.03653125981602502,
          "correlation": -0.8830099318114009,
          "performance": {
            "total_time": 2.974888459
          }
        },
        "23": {
          "residual": 0.024856090545931138,
          "correlation": -0.9402959016571468,
          "performance": {
            "total_time": 2.973696044
          }
        },
        "24": {
          "residual": 0.05109964247905947,
          "correlation": -0.8892374969444014,
          "performance": {
            "total_time": 2.996884692
          }
        },
        "25": {
          "residual": 0.0534162769788966,
          "correlation": -0.9845659144137761,
          "performance": {
            "total_time": 2.974640352
          }
        },
        "26": {
          "residual": 0.0038476212220922247,
          "correlation": -0.9674563807290183,
          "performance": {
            "total_time": 2.977308033
          }
        },
        "27": {
          "residual": 0.007844785243319498,
          "correlation": -0.9746700540709063,
          "performance": {
            "total_time": 2.972482007
          }
        },
        "28": {
          "residual": 0.00836382108113369,
          "correlation": -0.9598382680423369,
          "performance": {
            "total_time": 2.972988525
          }
        },
        "29": {
          "residual": 0.011738879332170573,
          "correlation": -0.976324626622403,
          "performance": {
            "total_time": 2.974066717
          }
        },
        "30": {
          "residual": 0.013845779816355002,
          "correlation": -0.9542477108989748,