{
  "output": {
    "SCF": {
      "nucl_rep_energy": 10.371874084204249,
      "iter": {
        "1": {
          "energy": -108.15296171841386,
          "e_diff": -108.15296171841386,
          "rmsd": 0.0009473204470387995,
          "performance": {
            "total_time": 0.352513363
          }
        },
        "2": {
          "energy": -108.15718347771244,
          "e_diff": -0.004221759298573602,
          "rmsd": 0.00028689411761346687,
          "performance": {
            "total_time": 0.352308504
          }
        },
        "3": {
          "energy": -108.15778133412199,
          "e_diff": -0.0005978564095556749,
          "rmsd": 0.00017831233204065167,
          "performance": {
            "total_time": 0.356133796
          }
        },
        "4": {
          "energy": -108.15789313528622,
          "e_diff": -0.0001118011642233796,
          "rmsd": 1.1301155453471223e-05,
          "performance": {
            "total_time": 0.358752733
          }
        },
        "5": {
          "energy": -108.15789360208201,
          "e_diff": -4.667957966830727e-07,
          "rmsd": 1.3158486758093514e-06,
          "performance": {
            "total_time": 0.36528694
          }
        },
        "6": {
          "energy": -108.15789361339705,
          "e_diff": -1.1315037795611715e-08,
          "rmsd": 4.3719056658685804e-07,
          "performance": {
            "total_time": 0.36218418
          }
        },
        "7": {
          "energy": -108.15789361380676,
          "e_diff": -4.0971315229398897e-10,
          "rmsd": 1.0189007622255515e-07,
          "performance": {
            "total_time": 0.362952025
          }
        },
        "8": {
          "energy": -108.15789361381026,
          "e_diff": -3.495870259939693e-12,
          "rmsd": 1.7490362844569745e-08,
          "performance": {
            "total_time": 0.364766906
          }
        },
        "9": {
          "energy": -108.15789361381869,
          "e_diff": -8.427036846114788e-12,
          "rmsd": 8.047436796919142e-09,
          "performance": {
            "total_time": 0.367202691
          }
        }
      },
      "final_energy": -108.15789361381869,
      "n_iterations": 9
    },
    "CD": {
      "n_cholesky_vectors": 782
    },
    "CCSD": {
      "iter": {
        "1": {
          "residual": 1.036256822841862,
          "correlation": 0.0,
          "performance": {
            "total_time": 3.265723235
          }
        },
        "2": {
          "residual": 0.4370231512184054,
          "correlation": -1.1230112046585476,
          "performance": {
            "total_time": 3.017813256
          }
        },
        "3": {
          "residual": 0.7060255976761328,
          "correlation": -0.06979536124308422,
          "performance": {
            "total_time": 3.00917483
          }
        },
        "4": {
          "residual": 0.9486073853365827,
          "correlation": -1.7280502648215914,
          "performance": {
            "total_time": 3.029312197
          }
        },
        "5": {
          "residual": 1.421149924774357,
          "correlation": 0.4962175295213461,
          "performance": {
            "total_time": 3.003230073
          }
        },
        "6": {
          "residual": 0.06797370033116983,
          "correlation": -0.7606833205214638,
          "performance": {
            "total_time": 3.002439425
          }
        },
        "7": {
          "residual": 0.11760786738424463,
          "correlation": -0.618407120915043,
          "performance": {
            "total_time": 3.021455322
          }
        },
        "8": {
          "residual": 0.13822493805021227,
          "correlation": -0.8635458794262434,
          "performance": {
            "total_time": 3.005147955
          }
        },
        "9": {
          "residual": 0.23744843842549865,
          "correlation": -0.5341302102312756,
          "performance": {
            "total_time": 3.005080643
          }
        },
        "10": {
          "residual": 0.3183174902065037,
          "correlation": -1.051515976054995,
          "performance": {
            "total_time": 3.004663116
          }
        },
        "11": {
          "residual": 0.022267492395904122,
          "correlation": -0.7782519240912266,
          "performance": {
            "total_time": 3.021540255
          }
        },
        "12": {
          "residual": 0.04178555392199077,
          "correlation": -0.7533393505078795,
          "performance": {
            "total_time": 3.002891026
          }
        },
        "13": {
          "residual": 0.02934509408891934,
          "correlation": -0.815381196571553,
          "performance": {
            "total_time": 3.001936506
          }
        },
        "14": {
          "residual": 0.0620087545723746,
          "correlation": -0.7542292237940037,
          "performance": {
            "total_time": 2.999116234
          }
        },
        "15": {
          "residual": 0.05962941257248646,
          "correlation": -0.8652181398182714,
          "performance": {
            "total_time": 3.000362209
          }
        },
        "16": {
          "residual": 0.019438109439933477,
          "correlation": -0.8859884590470471,
          "performance": {
            "total_time": 3.004662696
          }
        },
        "17": {
          "residual": 0.03250818781136476,
          "correlation": -0.9235701170459886,
          "performance": {
            "total_time": 3.017342477
          }
        },
        "18": {
          "residual": 0.03643746736137815,
          "correlation": -0.8646093738589513,
          "performance": {
            "total_time": 3.000473027
          }
        },
        "19": {
          "residual": 0.04844262499608449,
          "correlation": -0.9335295404846832,
          "performance": {
            "total_time": 3.003207578
          }
        },
        "20": {
          "residual": 0.05591055838132437,
          "correlation": -0.8459157697976603,
          "performance": {
            "total_time": 3.005761912
          }
        },
        "21": {
          "residual": 0.001661346716370258,
          "correlation": -0.8917269292395967,
          "performance": {
            "total_time": 3.001368501
          }
        },
        "22": {
          "residual": 0.0030593277753970718,
          "correlation": -0.8935135125598382,
          "performance": {
            "total_time": 2.997445326
          }
        },
        "23": {
          "residual": 0.0021718197028596283,
          "correlation": -0.8888371583736004,
          "performance": {
            "total_time": 3.025442133
          }
        },
        "24": {
          "residual": 0.003749121026178143,
          "correlation": -0.8929817208602996,
          "performance": {
            "total_time": 2.99947884
          }
        },
        "25": {
          "residual": 0.003591398117813923,
          "correlation": -0.8865661693732866,
          "performance": {
            "total_time": 2.997398727
          }
        },
        "26": {
          "residual": 0.00033942354332598527,
          "correlation": -0.8882223061303455,
          "performance": {
            "total_time": 3.000199627
          }
        },
        "27": {
          "residual": 0.00035821032785151024,
          "correlation": -0.8883542064844858,
          "performance": {
            "total_time": 3.000379974
          }
        },
        "28": {
          "residual": 0.00020494561281168255,
          "correlation": -0.8879261586338945,
          "performance": {
            "total_time": 2.958289367
          }
        },
        "29": {
          "residual": 0.0003407871348871146,
          "correlation": -0.8882285466695024,
          "performance": {
            "total_time": 2.961569017
          }
        },
        "30": {
          "residual": 0.00027530872196171365,