{
  "output": {
    "SCF": {
      "nucl_rep_energy": 7.857480366821401,
      "iter": {
        "1": {
          "energy": -107.97490672519855,
          "e_diff": -107.97490672519855,
          "rmsd": 0.0011373420430290106,
          "performance": {
            "total_time": 0.044071255
          }
        },
        "2": {
          "energy": -107.97665292240862,
          "e_diff": -0.0017461972100676348,
          "rmsd": 0.0004488905233153846,
          "performance": {
            "total_time": 0.044237027
          }
        },
        "3": {
          "energy": -107.97690840083091,
          "e_diff": -0.00025547842228945683,
          "rmsd": 0.00017048912445127588,
          "performance": {
            "total_time": 0.044748385
          }
        },
        "4": {
          "energy": -107.97693808683827,
          "e_diff": -2.9686007366080958e-05,
          "rmsd": 8.539925939007713e-06,
          "performance": {
            "total_time": 0.045005897
          }
        },
        "5": {
          "energy": -107.97693822611576,
          "e_diff": -1.3927748909736692e-07,
          "rmsd": 7.874520754425815e-07,
          "performance": {
            "total_time": 0.046197729
          }
        },
        "6": {
          "energy": -107.9769382274448,
          "e_diff": -1.329041765529837e-09,
          "rmsd": 2.3076069790697344e-07,
          "performance": {
            "total_time": 0.047279939
          }
        },
        "7": {
          "energy": -107.97693822751175,
          "e_diff": -6.694733656331664e-11,
          "rmsd": 4.015185209810756e-08,
          "performance": {
            "total_time": 0.048151234
          }
        },
        "8": {
          "energy": -107.97693822750351,
          "e_diff": 8.242295734817162e-12,
          "rmsd": 3.308827728695801e-08,
          "performance": {
            "total_time": 0.049700817
          }
        },
        "9": {
          "energy": -107.97693822751211,
          "e_diff": -8.597567102697212e-12,
          "rmsd": 2.2878974558766876e-09,
          "performance": {
            "total_time": 0.050906187
          }
        }
      },
      "final_energy": -107.97693822751211,
      "n_iterations": 9
    },
    "CD": {
      "n_cholesky_vectors": 448
    },
    "CCSD": {
      "iter": {
        "1": {
          "residual": 0.7057519357430955,
          "correlation": 0.0,
          "performance": {
            "total_time": 0.290762342
          }
        },
        "2": {
          "residual": 0.714136097454104,
          "correlation": -1.5814442462740288,
          "performance": {
            "total_time": 0.248780163
          }
        },
        "3": {
          "residual": 1.9703029267373362,
          "correlation": 1.026965603247389,
          "performance": {
            "total_time": 0.247743773
          }
        },
        "4": {
          "residual": 3.091705250145149,
          "correlation": -5.901954538553105,
          "performance": {
            "total_time": 0.243063156
          }
        },
        "5": {
          "residual": 4.548994556547295,
          "correlation": 2.0000367030182953,
          "performance": {
            "total_time": 0.243686254
          }
        },
        "6": {
          "residual": 0.16537413182403168,
          "correlation": -0.8547922021676604,
          "performance": {
            "total_time": 0.251658236
          }
        },
        "7": {
          "residual": 0.4470170966809235,
          "correlation": -0.26656020567471406,
          "performance": {
            "total_time": 0.25281327
          }
        },
        "8": {
          "residual": 0.9171571689613555,
          "correlation": -1.809186928346135,
          "performance": {
            "total_time": 0.249192073
          }
        },
        "9": {
          "residual": 2.255449368727062,
          "correlation": 1.3379693054833643,
          "performance": {
            "total_time": 0.253418034
          }
        },
        "10": {
          "residual": 2.2547296122719525,
          "correlation": -6.761668061071644,
          "performance": {
            "total_time": 0.248022443
          }
        },
        "11": {
          "residual": 0.057395738936797454,
          "correlation": -0.696206999022696,
          "performance": {
            "total_time": 0.248155503
          }
        },
        "12": {
          "residual": 0.04739305218470189,
          "correlation": -0.7362862072460584,
          "performance": {
            "total_time": 0.258372955
          }
        },
        "13": {
          "residual": 0.06061476653824681,
          "correlation": -0.7430389320046628,
          "performance": {
            "total_time": 0.262610797
          }
        },
        "14": {
          "residual": 0.04380331113853502,
          "correlation": -0.8247757124736682,
          "performance": {
            "total_time": 0.247824183
          }
        },
        "15": {
          "residual": 0.12158354101712514,
          "correlation": -0.7503795040112518,
          "performance": {
            "total_time": 0.246737361
          }
        },
        "16": {
          "residual": 0.0732865720083532,
          "correlation": -0.6564094575948444,
          "performance": {
            "total_time": 0.251289918
          }
        },
        "17": {
          "residual": 0.08297866422524833,
          "correlation": -0.8111964825262263,
          "performance": {
            "total_time": 0.252357546
          }
        },
        "18": {
          "residual": 0.247685012241772,
          "correlation": -0.49556512179231743,
          "performance": {
            "total_time": 0.247051476
          }
        },
        "19": {
          "residual": 0.498252939449324,
          "correlation": -1.3040776298629972,
          "performance": {
            "total_time": 0.250020763
          }
        },
        "20": {
          "residual": 1.2349980183616598,
          "correlation": 0.40532667200241523,
          "performance": {
            "total_time": 0.248129265
          }
        },
        "21": {
          "residual": 0.0572076213761079,
          "correlation": -0.7874811899682506,
          "performance": {
            "total_time": 0.248239061
          }
        },
        "22": {
          "residual": 0.04511162352160982,
          "correlation": -0.839791648926278,
          "performance": {
            "total_time": 0.246163063
          }
        },
        "23": {
          "residual": 0.07868468468709566,
          "correlation": -0.8305520371587313,
          "performance": {
            "total_time": 0.245627012
          }
        },
        "24": {
          "residual": 0.05494888930038517,
          "correlation": -0.9692769665109119,
          "performance": {
            "total_time": 0.252664953
          }
        },
        "25": {
          "residual": 0.1722973441209989,
          "correlation": -0.8162044186177978,
          "performance": {
            "total_time": 0.248993645
          }
        },
        "26": {
          "residual": 0.06283101179981429,
          "correlation": -1.1901840298097341,
          "performance": {
            "total_time": 0.253050312
          }
        },
        "27": {
          "residual": 0.3330817507402707,
          "correlation": -1.3920499051225732,
          "performance": {
            "total_time": 0.249298717
          }
        },
        "28": {
          "residual": 0.35667118213891413,
          "correlation": -0.6759753188357531,
          "performance": {
            "total_time": 0.253490582
          }
        },
        "29": {
          "residual": 0.5438240533018028,
          "correlation": -1.4876553962560302,
          "performance": {
            "total_time": 0.253321604
          }
        },
        "30": {
          "residual": 0.7107737761203325,
          "correlation": -0.24526158915902727,