{
  "output": {
    "SCF": {
      "nucl_rep_energy": 11.7862205502321,
      "iter": {
        "1": {
          "energy": -108.26240901056912,
          "e_diff": -108.26240901056912,
          "rmsd": 0.001024284043021916,
          "performance": {
            "total_time": 0.474752932
          }
        },
        "2": {
          "energy": -108.26798505161388,
          "e_diff": -0.005576041044761837,
          "rmsd": 0.0003068298642292723,
          "performance": {
            "total_time": 0.472090601
          }
        },
        "3": {
          "energy": -108.26874739271534,
          "e_diff": -0.0007623411014634485,
          "rmsd": 0.00018008510025730053,
          "performance": {
            "total_time": 0.478596703
          }
        },
        "4": {
          "energy": -108.26888499800825,
          "e_diff": -0.00013760529290607337,
          "rmsd": 1.1719857074422702e-05,
          "performance": {
            "total_time": 0.492218902
          }
        },
        "5": {
          "energy": -108.26888555818323,
          "e_diff": -5.601749819561519e-07,
          "rmsd": 1.7412448457447267e-06,
          "performance": {
            "total_time": 0.487725655
          }
        },
        "6": {
          "energy": -108.26888557416326,
          "e_diff": -1.5980035072971077e-08,
          "rmsd": 4.2354216468084567e-07,
          "performance": {
            "total_time": 0.481799883
          }
        },
        "7": {
          "energy": -108.26888557457359,
          "e_diff": -4.1032421904674266e-10,
          "rmsd": 1.1403492878773104e-07,
          "performance": {
            "total_time": 0.488381535
          }
        },
        "8": {
          "energy": -108.26888557458862,
          "e_diff": -1.503508428868372e-11,
          "rmsd": 1.0426937517514527e-08,
          "performance": {
            "total_time": 0.49163498
          }
        },
        "9": {
          "energy": -108.26888557458874,
          "e_diff": -1.1368683772161603e-13,
          "rmsd": 1.4134869900238247e-09,
          "performance": {
            "total_time": 0.500752996
          }
        }
      },
      "final_energy": -108.26888557458874,
      "n_iterations": 9
    },
    "CD": {
      "n_cholesky_vectors": 794
    },
    "CCSD": {
      "iter": {
        "1": {
          "residual": 1.0316031576264002,
          "correlation": 0.0,
          "performance": {
            "total_time": 5.081419886
          }
        },
        "2": {
          "residual": 0.332478170493625,
          "correlation": -0.9368641393966795,
          "performance": {
            "total_time": 4.491656023
          }
        },
        "3": {
          "residual": 0.4095267819322761,
          "correlation": -0.30761628586671386,
          "performance": {
            "total_time": 4.489117727
          }
        },
        "4": {
          "residual": 0.43568687348016155,
          "correlation": -1.0759078973362157,
          "performance": {
            "total_time": 4.228356994
          }
        },
        "5": {
          "residual": 0.5260958612294232,
          "correlation": -0.235609688540904,
          "performance": {
            "total_time": 4.204383913
          }
        },
        "6": {
          "residual": 0.03441702510637722,
          "correlation": -0.6932805539600577,
          "performance": {
            "total_time": 4.184995306
          }
        },
        "7": {
          "residual": 0.04904171142286344,
          "correlation": -0.6419735235511509,
          "performance": {
            "total_time": 4.196685166
          }
        },
        "8": {
          "residual": 0.03827859776043728,
          "correlation": -0.7148349808963167,
          "performance": {
            "total_time": 4.1521204
          }
        },
        "9": {
          "residual": 0.05794428797601416,
          "correlation": -0.6443048343124738,
          "performance": {
            "total_time": 4.146746436
          }
        },
        "10": {
          "residual": 0.050399866498993806,
          "correlation": -0.7384878630537567,
          "performance": {
            "total_time": 4.015863667
          }
        },
        "11": {
          "residual": 0.011035252403822535,
          "correlation": -0.7193162242436917,
          "performance": {
            "total_time": 4.022662802
          }
        },
        "12": {
          "residual": 0.006315955005002231,
          "correlation": -0.7247327374614146,
          "performance": {
            "total_time": 4.056239174
          }
        },
        "13": {
          "residual": 0.007971031906241351,
          "correlation": -0.7226974900488801,
          "performance": {
            "total_time": 4.129296421
          }
        },
        "14": {
          "residual": 0.004777821998043582,
          "correlation": -0.7296987173619763,
          "performance": {
            "total_time": 4.220061537
          }
        },
        "15": {
          "residual": 0.00729896573646007,
          "correlation": -0.7260828348434174,
          "performance": {
            "total_time": 4.118947508
          }
        },
        "16": {
          "residual": 0.002548263005422244,
          "correlation": -0.7391761705581924,
          "performance": {
            "total_time": 3.784120236
          }
        },
        "17": {
          "residual": 0.0024852889654662555,
          "correlation": -0.7386188720768156,
          "performance": {
            "total_time": 3.268882611
          }
        },
        "18": {
          "residual": 0.0014075996587828799,
          "correlation": -0.7410703439201732,
          "performance": {
            "total_time": 3.83298169
          }
        },
        "19": {
          "residual": 0.002128200191174243,
          "correlation": -0.7397386500463484,
          "performance": {
            "total_time": 4.081634731
          }
        },
        "20": {
          "residual": 0.001280615906425933,
          "correlation": -0.7423844213373045,
          "performance": {
            "total_time": 4.017621822
          }
        },
        "21": {
          "residual": 0.0004685421583197227,
          "correlation": -0.7435614104287201,
          "performance": {
            "total_time": 4.008421487
          }
        },
        "22": {
          "residual": 0.00046270940101106306,
          "correlation": -0.7433603048464452,
          "performance": {
            "total_time": 4.07545565
          }
        },
        "23": {
          "residual": 0.0002634116942663357,
          "correlation": -0.7437799150874941,
          "performance": {
            "total_time": 4.101975884
          }
        },
        "24": {
          "residual": 0.00041420160845080645,
          "correlation": -0.7435174502529281,
          "performance": {
            "total_time": 4.148019513
          }
        },
        "25": {
          "residual": 0.00023935645714945856,
          "correlation": -0.7439992435013003,
          "performance": {
            "total_time": 4.085490017
          }
        },
        "26": {
          "residual": 0.0001185311930487924,
          "correlation": -0.7442616959351362,
          "performance": {
            "total_time": 4.049918671
          }
        },
        "27": {
          "residual": 9.455468473017049e-05,
          "correlation": -0.7442413102687029,
          "performance": {
            "total_time": 3.964227475
          }
        },
        "28": {
          "residual": 5.54299626719654e-05,
          "correlation": -0.7443269944525109,
          "performance": {
            "total_time": 3.962248802
          }
        },
        "29": {
          "residual": 7.573256085540303e-05,
          "correlation": -0.744290740713147,
          "performance": {
            "total_time": 3.979655017
          }
        },
        "30": {
          "residual": 4.328972792214875e-05,