{
  "output": {
    "SCF": {
      "nucl_rep_energy": 8.64322840350354,
      "iter": {
        "1": {
          "energy": -108.0230823432068,
          "e_diff": -108.0230823432068,
          "rmsd": 0.0012983865194981085,
          "performance": {
            "total_time": 0.049053688
          }
        },
        "2": {
          "energy": -108.02547120990593,
          "e_diff": -0.0023888666991354057,
          "rmsd": 0.0004718727210145939,
          "performance": {
            "total_time": 0.049282885
          }
        },
        "3": {
          "energy": -108.02582175195191,
          "e_diff": -0.0003505420459788411,
          "rmsd": 0.0002141001111642374,
          "performance": {
            "total_time": 0.049811184
          }
        },
        "4": {
          "energy": -108.02586987666265,
          "e_diff": -4.812471074444602e-05,
          "rmsd": 9.367436216902159e-06,
          "performance": {
            "total_time": 0.050455125
          }
        },
        "5": {
          "energy": -108.02587003948159,
          "e_diff": -1.628189352231857e-07,
          "rmsd": 8.821699218331275e-07,
          "performance": {
            "total_time": 0.051572617
          }
        },
        "6": {
          "energy": -108.02587004112578,
          "e_diff": -1.6441958905488718e-09,
          "rmsd": 2.7093068956253773e-07,
          "performance": {
            "total_time": 0.05230763
          }
        },
        "7": {
          "energy": -108.02587004121028,
          "e_diff": -8.449774213659111e-11,
          "rmsd": 3.540538142599125e-08,
          "performance": {
            "total_time": 0.053331089
          }
        },
        "8": {
          "energy": -108.02587004120711,
          "e_diff": 3.169020601490047e-12,
          "rmsd": 2.3203320655125773e-08,
          "performance": {
            "total_time": 0.05487088
          }
        },
        "9": {
          "energy": -108.02587004121094,
          "e_diff": -3.822719918389339e-12,
          "rmsd": 3.389998732920129e-09,
          "performance": {
            "total_time": 0.056243782
          }
        }
      },
      "final_energy": -108.02587004121094,
      "n_iterations": 9
    },
    "CD": {
      "n_cholesky_vectors": 453
    },
    "CCSD": {
      "iter": {
        "1": {
          "residual": 0.699291196522434,
          "correlation": 0.0,
          "performance": {
            "total_time": 0.620927243
          }
        },
        "2": {
          "residual": 0.6090654675914333,
          "correlation": -1.3961529750289685,
          "performance": {
            "total_time": 0.612564631
          }
        },
        "3": {
          "residual": 1.4116469017745867,
          "correlation": 0.5761910296894933,
          "performance": {
            "total_time": 0.596923553
          }
        },
        "4": {
          "residual": 2.2341458998309243,
          "correlation": -3.814947578392734,
          "performance": {
            "total_time": 0.592857748
          }
        },
        "5": {
          "residual": 3.5921532372362868,
          "correlation": 2.367107754136222,
          "performance": {
            "total_time": 0.565764128
          }
        },
        "6": {
          "residual": 0.12793775452637365,
          "correlation": -0.7907476389422037,
          "performance": {
            "total_time": 0.56701731
          }
        },
        "7": {
          "residual": 0.2967409634843246,
          "correlation": -0.4077686267563024,
          "performance": {
            "total_time": 0.57234298
          }
        },
        "8": {
          "residual": 0.5225180811410678,
          "correlation": -1.2919871634153042,
          "performance": {
            "total_time": 0.556602977
          }
        },
        "9": {
          "residual": 1.1395444780921105,
          "correlation": 0.32868407506756614,
          "performance": {
            "total_time": 0.563169604
          }
        },
        "10": {
          "residual": 1.949548635714699,
          "correlation": -3.159554154657326,
          "performance": {
            "total_time": 0.565920721
          }
        },
        "11": {
          "residual": 0.04981767327214044,
          "correlation": -0.748725488366644,
          "performance": {
            "total_time": 0.568978777
          }
        },
        "12": {
          "residual": 0.14165327298532987,
          "correlation": -0.6055154886868876,
          "performance": {
            "total_time": 0.564863052
          }
        },
        "13": {
          "residual": 0.20887747174478055,
          "correlation": -0.973470341914827,
          "performance": {
            "total_time": 0.555366617
          }
        },
        "14": {
          "residual": 0.48571463554640776,
          "correlation": -0.32845648768052693,
          "performance": {
            "total_time": 0.567552739
          }
        },
        "15": {
          "residual": 0.9081336542733766,
          "correlation": -1.6985558524857571,
          "performance": {
            "total_time": 0.564295367
          }
        },
        "16": {
          "residual": 0.03976061006032653,
          "correlation": -0.7648801872385581,
          "performance": {
            "total_time": 0.567275817
          }
        },
        "17": {
          "residual": 0.12398676860631508,
          "correlation": -0.6623139543829785,
          "performance": {
            "total_time": 0.549997569
          }
        },
        "18": {
          "residual": 0.1601189340958832,
          "correlation": -0.9576281464513297,
          "performance": {
            "total_time": 0.560813991
          }
        },
        "19": {
          "residual": 0.38128981611528306,
          "correlation": -0.476552364869247,
          "performance": {
            "total_time": 0.567912853
          }
        },
        "20": {
          "residual": 0.6809769324580544,
          "correlation": -1.4900985640314424,
          "performance": {
            "total_time": 0.562580564
          }
        },
        "21": {
          "residual": 0.035239429203962634,
          "correlation": -0.7884787892521659,
          "performance": {
            "total_time": 0.566991466
          }
        },
        "22": {
          "residual": 0.11167012169841317,
          "correlation": -0.7166810690053074,
          "performance": {
            "total_time": 0.56049605
          }
        },
        "23": {
          "residual": 0.1237629381322505,
          "correlation": -0.9605760744623446,
          "performance": {
            "total_time": 0.556545015
          }
        },
        "24": {
          "residual": 0.29962041554942254,
          "correlation": -0.6021027696116117,
          "performance": {
            "total_time": 0.557479856
          }
        },
        "25": {
          "residual": 0.4950604711815987,
          "correlation": -1.3503040595048719,
          "performance": {
            "total_time": 0.599622657
          }
        },
        "26": {
          "residual": 0.032605209495961324,
          "correlation": -0.8315821902154491,
          "performance": {
            "total_time": 0.547682383
          }
        },
        "27": {
          "residual": 0.11115967323828951,
          "correlation": -0.7689904859544956,
          "performance": {
            "total_time": 0.558539617
          }
        },
        "28": {
          "residual": 0.1170039814252454,
          "correlation": -1.003129192274986,
          "performance": {
            "total_time": 0.555284298
          }
        },
        "29": {
          "residual": 0.2604464336435276,
          "correlation": -0.6883463744637555,
          "performance": {
            "total_time": 0.567069419
          }
        },
        "30": {
          "residual": 0.4044006715803533,
          "correlation": -1.305391313857486,