{
  "output": {
    "SCF": {
      "nucl_rep_energy": 12.3474691478622,
      "iter": {
        "1": {
          "energy": -108.29972011768257,
          "e_diff": -108.29972011768257,
          "rmsd": 0.001855810600049898,
          "performance": {
            "total_time": 0.056613719
          }
        },
        "2": {
          "energy": -108.30536802416017,
          "e_diff": -0.005647906477605602,
          "rmsd": 0.000535897299072326,
          "performance": {
            "total_time": 0.057272065
          }
        },
        "3": {
          "energy": -108.30611768166517,
          "e_diff": -0.0007496575049970033,
          "rmsd": 0.0002952319058630175,
          "performance": {
            "total_time": 0.058416684
          }
        },
        "4": {
          "energy": -108.30623673280034,
          "e_diff": -0.00011905113517229893,
          "rmsd": 1.2693504379372119e-05,
          "performance": {
            "total_time": 0.058376946
          }
        },
        "5": {
          "energy": -108.3062370151315,
          "e_diff": -2.823311575639309e-07,
          "rmsd": 1.9913122770778663e-06,
          "performance": {
            "total_time": 0.059332424
          }
        },
        "6": {
          "energy": -108.3062370232953,
          "e_diff": -8.163794973370386e-09,
          "rmsd": 2.1412859954012718e-07,
          "performance": {
            "total_time": 0.060367498
          }
        },
        "7": {
          "energy": -108.30623702336248,
          "e_diff": -6.718892109347507e-11,
          "rmsd": 3.127601763372935e-08,
          "performance": {
            "total_time": 0.062205271
          }
        },
        "8": {
          "energy": -108.30623702336331,
          "e_diff": -8.242295734817162e-13,
          "rmsd": 3.195544549082533e-09,
          "performance": {
            "total_time": 0.06303821
          }
        }
      },
      "final_energy": -108.30623702336331,
      "n_iterations": 8
    },
    "CD": {
      "n_cholesky_vectors": 473
    },
    "CCSD": {
      "iter": {
        "1": {
          "residual": 0.6776620035555986,
          "correlation": 0.0,
          "performance": {
            "total_time": 0.302794527
          }
        },
        "2": {
          "residual": 0.28763098194002673,
          "correlation": -0.8268552950939565,
          "performance": {
            "total_time": 0.27148327
          }
        },
        "3": {
          "residual": 0.32024622181735674,
          "correlation": -0.31832219417797836,
          "performance": {
            "total_time": 0.275536908
          }
        },
        "4": {
          "residual": 0.30152202802156836,
          "correlation": -0.8785476006680203,
          "performance": {
            "total_time": 0.275536294
          }
        },
        "5": {
          "residual": 0.33195417879624023,
          "correlation": -0.329308079212524,
          "performance": {
            "total_time": 0.274415072
          }
        },
        "6": {
          "residual": 0.027415914242490163,
          "correlation": -0.6147403838736027,
          "performance": {
            "total_time": 0.273748487
          }
        },
        "7": {
          "residual": 0.03322305770834852,
          "correlation": -0.5911891839215782,
          "performance": {
            "total_time": 0.279581672
          }
        },
        "8": {
          "residual": 0.020553263272625504,
          "correlation": -0.6276251800291989,
          "performance": {
            "total_time": 0.273463569
          }
        },
        "9": {
          "residual": 0.030269105260198555,
          "correlation": -0.6013947294011284,
          "performance": {
            "total_time": 0.275353805
          }
        },
        "10": {
          "residual": 0.018635126858738353,
          "correlation": -0.6391807224911503,
          "performance": {
            "total_time": 0.276870567
          }
        },
        "11": {
          "residual": 0.007983897983062545,
          "correlation": -0.6507650006017104,
          "performance": {
            "total_time": 0.275731226
          }
        },
        "12": {
          "residual": 0.004165611666466199,
          "correlation": -0.6569318140447195,
          "performance": {
            "total_time": 0.270843808
          }
        },
        "13": {
          "residual": 0.006035137199851926,
          "correlation": -0.6515652239989184,
          "performance": {
            "total_time": 0.27422221
          }
        },
        "14": {
          "residual": 0.0034760553397933285,
          "correlation": -0.6587413478892399,
          "performance": {
            "total_time": 0.281261881
          }
        },
        "15": {
          "residual": 0.005464218281245781,
          "correlation": -0.6531201095881775,
          "performance": {
            "total_time": 0.276903073
          }
        },
        "16": {
          "residual": 0.0014548101065125312,
          "correlation": -0.6590702284446438,
          "performance": {
            "total_time": 0.272428727
          }
        },
        "17": {
          "residual": 0.0020178204014324303,
          "correlation": -0.6581648322769891,
          "performance": {
            "total_time": 0.274617374
          }
        },
        "18": {
          "residual": 0.00108459679774287,
          "correlation": -0.6602609926905609,
          "performance": {
            "total_time": 0.271699938
          }
        },
        "19": {
          "residual": 0.0016998117815797465,
          "correlation": -0.6590714170573492,
          "performance": {
            "total_time": 0.274010609
          }
        },
        "20": {
          "residual": 0.0009331012899301486,
          "correlation": -0.6610520987610145,
          "performance": {
            "total_time": 0.272162545
          }
        },
        "21": {
          "residual": 0.00026629499767286504,
          "correlation": -0.6621433262040775,
          "performance": {
            "total_time": 0.278421239
          }
        },
        "22": {
          "residual": 0.00025420416270991266,
          "correlation": -0.6620195763398682,
          "performance": {
            "total_time": 0.275200865
          }
        },
        "23": {
          "residual": 0.00013742013647781944,
          "correlation": -0.6622456470628384,
          "performance": {
            "total_time": 0.291366094
          }
        },
        "24": {
          "residual": 0.0002063039848287452,
          "correlation": -0.6621001155282269,
          "performance": {
            "total_time": 0.271606575
          }
        },
        "25": {
          "residual": 0.00011179815368550612,
          "correlation": -0.6623256984104094,
          "performance": {
            "total_time": 0.272981726
          }
        },
        "26": {
          "residual": 6.0501380563640675e-05,
          "correlation": -0.6623918493728189,
          "performance": {
            "total_time": 0.271461349
          }
        },
        "27": {
          "residual": 6.843760088840594e-05,
          "correlation": -0.6623678861377448,
          "performance": {
            "total_time": 0.267845756
          }
        },
        "28": {
          "residual": 3.7080852264603384e-05,
          "correlation": -0.6624357248751249,
          "performance": {
            "total_time": 0.270058934
          }
        },
        "29": {
          "residual": 5.566989746668923e-05,
          "correlation": -0.6624002506598713,
          "performance": {
            "total_time": 0.270532577
          }
        },
        "30": {
          "residual": 3.009622494452298e-05,
          "correlation": -0.6624631881789225,
          "performance": {
            "total_time": 0.272694969
          }
        },
        "31": {
          "residual": 1.213841175562768e-05,
          "correlation": -0.6624968760578303,