{
  "output": {
    "SCF": {
      "nucl_rep_energy": 10.371874084204249,
      "iter": {
        "1": {
          "energy": -108.15296171841307,
          "e_diff": -108.15296171841307,
          "rmsd": 0.0009473204465335236,
          "performance": {
            "total_time": 0.353010428
          }
        },
        "2": {
          "energy": -108.15718347771076,
          "e_diff": -0.004221759297692529,
          "rmsd": 0.00028689411761725745,
          "performance": {
            "total_time": 0.356055041
          }
        },
        "3": {
          "energy": -108.15778133412029,
          "e_diff": -0.0005978564095272532,
          "rmsd": 0.00017831233207699836,
          "performance": {
            "total_time": 0.356624577
          }
        },
        "4": {
          "energy": -108.1578931352846,
          "e_diff": -0.00011180116430864473,
          "rmsd": 1.130115547000786e-05,
          "performance": {
            "total_time": 0.358349665
          }
        },
        "5": {
          "energy": -108.15789360208034,
          "e_diff": -4.6679573983965383e-07,
          "rmsd": 1.3158486492045923e-06,
          "performance": {
            "total_time": 0.36782674
          }
        },
        "6": {
          "energy": -108.1578936133954,
          "e_diff": -1.1315066217321146e-08,
          "rmsd": 4.371868660815971e-07,
          "performance": {
            "total_time": 0.360288468
          }
        },
        "7": {
          "energy": -108.15789361380507,
          "e_diff": -4.0967051972984336e-10,
          "rmsd": 1.0180468330007293e-07,
          "performance": {
            "total_time": 0.360951854
          }
        },
        "8": {
          "energy": -108.15789361381697,
          "e_diff": -1.1894485396624077e-11,
          "rmsd": 9.354325940909599e-09,
          "performance": {
            "total_time": 0.364080183
          }
        }
      },
      "final_energy": -108.15789361381697,
      "n_iterations": 8
    },
    "CD": {
      "n_cholesky_vectors": 782
    },
    "CCSD": {
      "iter": {
        "1": {
          "residual": 1.036256823168331,
          "correlation": 0.0,
          "performance": {
            "total_time": 3.643899358
          }
        },
        "2": {
          "residual": 0.437023153336063,
          "correlation": -1.1230112100868406,
          "performance": {
            "total_time": 3.213438438
          }
        },
        "3": {
          "residual": 0.7060256041833596,
          "correlation": -0.06979535690058022,
          "performance": {
            "total_time": 3.253692065
          }
        },
        "4": {
          "residual": 0.9486073961188372,
          "correlation": -1.7280502828552686,
          "performance": {
            "total_time": 3.277074699
          }
        },
        "5": {
          "residual": 1.4211499457994095,
          "correlation": 0.49621754453305755,
          "performance": {
            "total_time": 3.241208103
          }
        },
        "6": {
          "residual": 0.06690272469239103,
          "correlation": -0.7591883498959666,
          "performance": {
            "total_time": 3.276857137
          }
        },
        "7": {
          "residual": 0.11597286249813647,
          "correlation": -0.6197361361580257,
          "performance": {
            "total_time": 3.164863895
          }
        },
        "8": {
          "residual": 0.13575002481247544,
          "correlation": -0.861008393311364,
          "performance": {
            "total_time": 3.165769755
          }
        },
        "9": {
          "residual": 0.23377075602196146,
          "correlation": -0.5372612114027088,
          "performance": {
            "total_time": 3.167550463
          }
        },
        "10": {
          "residual": 0.31283761149782696,
          "correlation": -1.0462768742620274,
          "performance": {
            "total_time": 3.16842621
          }
        },
        "11": {
          "residual": 0.022336307298055264,
          "correlation": -0.7778647587628061,
          "performance": {
            "total_time": 3.171194464
          }
        },
        "12": {
          "residual": 0.0412241690574042,
          "correlation": -0.7539754887714128,
          "performance": {
            "total_time": 3.162005666
          }
        },
        "13": {
          "residual": 0.028615297774785473,
          "correlation": -0.8145785607656135,
          "performance": {
            "total_time": 3.184057307
          }
        },
        "14": {
          "residual": 0.060687777407919356,
          "correlation": -0.7554865756539614,
          "performance": {
            "total_time": 3.166409548
          }
        },
        "15": {
          "residual": 0.05774165267360038,
          "correlation": -0.8635714282443235,
          "performance": {
            "total_time": 3.162340935
          }
        },
        "16": {
          "residual": 0.01922285019598066,
          "correlation": -0.886002653516067,
          "performance": {
            "total_time": 3.16098217
          }
        },
        "17": {
          "residual": 0.03200724090597688,
          "correlation": -0.9229647154831508,
          "performance": {
            "total_time": 3.163151599
          }
        },
        "18": {
          "residual": 0.035904793664518916,
          "correlation": -0.8649086994903022,
          "performance": {
            "total_time": 3.188615599
          }
        },
        "19": {
          "residual": 0.04774035916485709,
          "correlation": -0.932845209229946,
          "performance": {
            "total_time": 3.166247888
          }
        },
        "20": {
          "residual": 0.05514180155630236,
          "correlation": -0.8464676411282731,
          "performance": {
            "total_time": 3.157763101
          }
        },
        "21": {
          "residual": 0.0016446634610722637,
          "correlation": -0.8916811665615737,
          "performance": {
            "total_time": 3.156834805
          }
        },
        "22": {
          "residual": 0.0029819628859541246,
          "correlation": -0.8933966334822424,
          "performance": {
            "total_time": 3.154623211
          }
        },
        "23": {
          "residual": 0.002098745672986816,
          "correlation": -0.8888617672268257,
          "performance": {
            "total_time": 3.190899824
          }
        },
        "24": {
          "residual": 0.0036352916951399765,
          "correlation": -0.8928538111845906,
          "performance": {
            "total_time": 3.18530343
          }
        },
        "25": {
          "residual": 0.0034662895813281852,
          "correlation": -0.8866436062079126,
          "performance": {
            "total_time": 3.156765928
          }
        },
        "26": {
          "residual": 0.000332457342341041,
          "correlation": -0.8882048768843549,
          "performance": {
            "total_time": 3.148287671
          }
        },
        "27": {
          "residual": 0.0003459019496312609,
          "correlation": -0.8883274910165336,
          "performance": {
            "total_time": 3.144728157
          }
        },
        "28": {
          "residual": 0.00019723974588486325,
          "correlation": -0.8879203360347784,
          "performance": {
            "total_time": 3.144866693
          }
        },
        "29": {
          "residual": 0.00032541321978776295,
          "correlation": -0.8882057350310116,
          "performance": {
            "total_time": 3.156789227
          }
        },
        "30": {
          "residual": 0.0002610998775743718,
          "correlation": -0.8876976204712921,
          "performance": {
            "total_time": 3.191608586
          }
        },
        "31": {
          "residual": 3.0948433821647824e-05,
          "correlation": -0.88773907068856,