{
  "output": {
    "SCF": {
      "nucl_rep_energy": 8.941270762245043,
      "iter": {
        "1": {
          "energy": -108.05247855454665,
          "e_diff": -108.05247855454665,
          "rmsd": 0.0008447757081630755,
          "performance": {
            "total_time": 0.298875831
          }
        },
        "2": {
          "energy": -108.05540474136046,
          "e_diff": -0.002926186813809295,
          "rmsd": 0.00028293021316395467,
          "performance": {
            "total_time": 0.306407395
          }
        },
        "3": {
          "energy": -108.05583903103114,
          "e_diff": -0.0004342896706788224,
          "rmsd": 0.00017160494445114612,
          "performance": {
            "total_time": 0.30543078
          }
        },
        "4": {
          "energy": -108.05591921992857,
          "e_diff": -8.018889742800184e-05,
          "rmsd": 1.107625455955514e-05,
          "performance": {
            "total_time": 0.303562819
          }
        },
        "5": {
          "energy": -108.05591961533521,
          "e_diff": -3.9540664431569894e-07,
          "rmsd": 8.588827687278071e-07,
          "performance": {
            "total_time": 0.304759161
          }
        },
        "6": {
          "energy": -108.05591962150292,
          "e_diff": -6.1677098983636824e-09,
          "rmsd": 5.206240171435378e-07,
          "performance": {
            "total_time": 0.31421423
          }
        },
        "7": {
          "energy": -108.0559196220884,
          "e_diff": -5.854730034116074e-10,
          "rmsd": 1.0707988307818984e-07,
          "performance": {
            "total_time": 0.308739914
          }
        },
        "8": {
          "energy": -108.05591962210251,
          "e_diff": -1.411137873219559e-11,
          "rmsd": 1.544457326602592e-08,
          "performance": {
            "total_time": 0.312678954
          }
        },
        "9": {
          "energy": -108.05591962210647,
          "e_diff": -3.964828465541359e-12,
          "rmsd": 6.850124185134246e-09,
          "performance": {
            "total_time": 0.313193711
          }
        }
      },
      "final_energy": -108.05591962210647,
      "n_iterations": 9
    },
    "CD": {
      "n_cholesky_vectors": 775
    },
    "CCSD": {
      "iter": {
        "1": {
          "residual": 1.0429946180804743,
          "correlation": 0.0,
          "performance": {
            "total_time": 3.570565555
          }
        },
        "2": {
          "residual": 0.5798323426544244,
          "correlation": -1.372279897767739,
          "performance": {
            "total_time": 3.171758066
          }
        },
        "3": {
          "residual": 1.2573118766990272,
          "correlation": 0.38618629439733526,
          "performance": {
            "total_time": 3.144506997
          }
        },
        "4": {
          "residual": 1.9723306474370328,
          "correlation": -3.3034361453842145,
          "performance": {
            "total_time": 3.180026616
          }
        },
        "5": {
          "residual": 3.2237156593002014,
          "correlation": 2.0595318323798675,
          "performance": {
            "total_time": 3.143066429
          }
        },
        "6": {
          "residual": 0.13860446603227344,
          "correlation": -0.8531200341517807,
          "performance": {
            "total_time": 3.164320423
          }
        },
        "7": {
          "residual": 0.3083049178925358,
          "correlation": -0.44839420863315393,
          "performance": {
            "total_time": 3.17509579
          }
        },
        "8": {
          "residual": 0.5271054045053213,
          "correlation": -1.319185238854493,
          "performance": {
            "total_time": 3.149727771
          }
        },
        "9": {
          "residual": 1.0782479540680843,
          "correlation": 0.2111413547277389,
          "performance": {
            "total_time": 3.143854312
          }
        },
        "10": {
          "residual": 1.7965142471247024,
          "correlation": -2.8952532741062553,
          "performance": {
            "total_time": 3.19780595
          }
        },
        "11": {
          "residual": 0.04291594585804532,
          "correlation": -0.7877076396810312,
          "performance": {
            "total_time": 3.162904442
          }
        },
        "12": {
          "residual": 0.11727141440129121,
          "correlation": -0.6739528789008794,
          "performance": {
            "total_time": 3.136504962
          }
        },
        "13": {
          "residual": 0.15992865577318052,
          "correlation": -0.9559960318925947,
          "performance": {
            "total_time": 3.122607565
          }
        },
        "14": {
          "residual": 0.3599121855023502,
          "correlation": -0.48960709036703315,
          "performance": {
            "total_time": 3.137830893
          }
        },
        "15": {
          "residual": 0.627026578139301,
          "correlation": -1.4365245482382123,
          "performance": {
            "total_time": 3.115917398
          }
        },
        "16": {
          "residual": 0.034139369269484965,
          "correlation": -0.8090051901706327,
          "performance": {
            "total_time": 3.128976033
          }
        },
        "17": {
          "residual": 0.10094061433495828,
          "correlation": -0.7313625159473036,
          "performance": {
            "total_time": 3.143776722
          }
        },
        "18": {
          "residual": 0.11845243185757423,
          "correlation": -0.9519966586340138,
          "performance": {
            "total_time": 3.128914949
          }
        },
        "19": {
          "residual": 0.27459488742133586,
          "correlation": -0.6178794876934323,
          "performance": {
            "total_time": 3.162326492
          }
        },
        "20": {
          "residual": 0.44854799814102164,
          "correlation": -1.2949818939542115,
          "performance": {
            "total_time": 3.118027222
          }
        },
        "21": {
          "residual": 0.029996697941328074,
          "correlation": -0.8426894276980333,
          "performance": {
            "total_time": 3.123237775
          }
        },
        "22": {
          "residual": 0.09115542059996358,
          "correlation": -0.787913076750487,
          "performance": {
            "total_time": 3.141511149
          }
        },
        "23": {
          "residual": 0.09340644245418485,
          "correlation": -0.9720083999446718,
          "performance": {
            "total_time": 3.144653727
          }
        },
        "24": {
          "residual": 0.21535113172046538,
          "correlation": -0.7223523944869148,
          "performance": {
            "total_time": 3.14469135
          }
        },
        "25": {
          "residual": 0.32453563815050573,
          "correlation": -1.2205383946705999,
          "performance": {
            "total_time": 3.182449241
          }
        },
        "26": {
          "residual": 0.024859276846583313,
          "correlation": -0.901360935030391,
          "performance": {
            "total_time": 3.161326007
          }
        },
        "27": {
          "residual": 0.08069761444969403,
          "correlation": -0.8589839669048811,
          "performance": {
            "total_time": 3.199475482
          }
        },
        "28": {
          "residual": 0.07916325400603731,
          "correlation": -1.0164466112604353,
          "performance": {
            "total_time": 3.120160671
          }
        },
        "29": {
          "residual": 0.16191435042662988,
          "correlation": -0.8243605919287562,
          "performance": {
            "total_time": 3.128905419
          }
        },
        "30": {
          "residual": 0.22608049038656772,
          "correlation": -1.1762405553179067,