{
  "output": {
    "SCF": {
      "nucl_rep_energy": 28.8107613450118,
      "iter": {
        "1": {
          "energy": -108.82734687720384,
          "e_diff": -108.82734687720384,
          "rmsd": 0.002772698171078611,
          "performance": {
            "total_time": 0.465772731
          }
        },
        "2": {
          "energy": -108.8495346882386,
          "e_diff": -0.022187811034768856,
          "rmsd": 0.00037476450257719403,
          "performance": {
            "total_time": 0.474270077
          }
        },
        "3": {
          "energy": -108.85115083335086,
          "e_diff": -0.0016161451122513881,
          "rmsd": 0.00024032523181022079,
          "performance": {
            "total_time": 0.466332607
          }
        },
        "4": {
          "energy": -108.8512311465833,
          "e_diff": -8.03132324449507e-05,
          "rmsd": 4.473944494255327e-05,
          "performance": {
            "total_time": 0.471322904
          }
        },
        "5": {
          "energy": -108.85123195959488,
          "e_diff": -8.130115816129546e-07,
          "rmsd": 1.0115901484401483e-05,
          "performance": {
            "total_time": 0.469643076
          }
        },
        "6": {
          "energy": -108.85123198632374,
          "e_diff": -2.6728855573310284e-08,
          "rmsd": 1.1387378715348092e-06,
          "performance": {
            "total_time": 0.475441763
          }
        },
        "7": {
          "energy": -108.85123198686316,
          "e_diff": -5.394156232796377e-10,
          "rmsd": 7.056612529069352e-08,
          "performance": {
            "total_time": 0.474815903
          }
        },
        "8": {
          "energy": -108.8512319868712,
          "e_diff": -8.043343768804334e-12,
          "rmsd": 1.1980587238782453e-08,
          "performance": {
            "total_time": 0.477098699
          }
        },
        "9": {
          "energy": -108.85123198687111,
          "e_diff": 8.526512829121202e-14,
          "rmsd": 8.088123241893376e-10,
          "performance": {
            "total_time": 0.479878232
          }
        }
      },
      "final_energy": -108.85123198687111,
      "n_iterations": 9
    },
    "CD": {
      "n_cholesky_vectors": 790
    },
    "CCSD": {
      "iter": {
        "1": {
          "residual": 1.0919026545360728,
          "correlation": 0.0,
          "performance": {
            "total_time": 3.607764069
          }
        },
        "2": {
          "residual": 0.09327181353069569,
          "correlation": -0.41724825155235035,
          "performance": {
            "total_time": 3.360492536
          }
        },
        "3": {
          "residual": 0.02276880942411888,
          "correlation": -0.4159429989383761,
          "performance": {
            "total_time": 3.353130789
          }
        },
        "4": {
          "residual": 0.005925835210303619,
          "correlation": -0.42384475573687497,
          "performance": {
            "total_time": 3.392769807
          }
        },
        "5": {
          "residual": 0.0025023777938906265,
          "correlation": -0.42398676392027757,
          "performance": {
            "total_time": 3.407425733
          }
        },
        "6": {
          "residual": 0.0009751366566586885,
          "correlation": -0.42481179397170066,
          "performance": {
            "total_time": 3.399284758
          }
        },
        "7": {
          "residual": 0.0003192188223120566,
          "correlation": -0.42464720654585997,
          "performance": {
            "total_time": 3.405532967
          }
        },
        "8": {
          "residual": 0.00014088132853547344,
          "correlation": -0.4246579144507426,
          "performance": {
            "total_time": 3.394524853
          }
        },
        "9": {
          "residual": 6.432583364980712e-05,
          "correlation": -0.4246619995679995,
          "performance": {
            "total_time": 3.384589565
          }
        },
        "10": {
          "residual": 3.055481161212449e-05,
          "correlation": -0.4246649733511767,
          "performance": {
            "total_time": 3.403093258
          }
        },
        "11": {
          "residual": 2.2969208254485218e-06,
          "correlation": -0.4246681439383184,
          "performance": {
            "total_time": 3.400722312
          }
        },
        "12": {
          "residual": 5.77441629193767e-07,
          "correlation": -0.42466860157720476,
          "performance": {
            "total_time": 3.369892857
          }
        },
        "13": {
          "residual": 1.887341087179023e-07,
          "correlation": -0.42466854365430146,
          "performance": {
            "total_time": 3.37235231
          }
        },
        "14": {
          "residual": 6.938814826108448e-08,
          "correlation": -0.42466856726318486,
          "performance": {
            "total_time": 3.342357429
          }
        },
        "15": {
          "residual": 2.7551028439354036e-08,
          "correlation": -0.42466856655339996,
          "performance": {
            "total_time": 3.36930808
          }
        },
        "16": {
          "residual": 6.835624765042773e-09,
          "correlation": -0.42466856939879427,
          "performance": {
            "total_time": 3.358677475
          }
        }
      },
      "n_iterations": 16,
      "final_energy": {
        "correlation": -0.42466856939879427,
        "total": -109.2759005562699
      }
    }
  },
  "input": {
    "molecule": {
      "name": "N2_0.9",
      "basisset": "cc-pvqz",
      "geometry_units": "angstrom"
    },
    "SCF": {
      "tol_int": 1e-22,
      "tol_sch": 1e-10,
      "tol_lindep": 1e-05,
      "conve": 1e-09,
      "convd": 1e-08,
      "diis_hist": 10,
      "AO_tilesize": 30,
      "force_tilesize": "false",
      "scf_type": "restricted",
      "multiplicity": 1,
      "lambdas": [],
      "polvecs": [],
      "omegas": [],
      "volumes": []
    },
    "CD": {
      "diagtol": 1e-06,
      "itilesize": 1000,
      "write_cv": false,
      "write_vcount": 5000,
      "max_cvecs_factor": 12
    },
    "CCSD": {
      "threshold": 1e-08,
      "tilesize": 40,
      "ndiis": 5,
      "readt": "false",
      "writet": "false",
      "ccsd_maxiter": 50,
      "balance_tiles": "true"
    }
  }
}
