{
  "output": {
    "SCF": {
      "nucl_rep_energy": 8.364414584035684,
      "iter": {
        "1": {
          "energy": -108.01582533665741,
          "e_diff": -108.01582533665741,
          "rmsd": 0.000798377284465293,
          "performance": {
            "total_time": 0.265302082
          }
        },
        "2": {
          "energy": -108.01825635116765,
          "e_diff": -0.0024310145102361957,
          "rmsd": 0.00028494710824708954,
          "performance": {
            "total_time": 0.273767617
          }
        },
        "3": {
          "energy": -108.01862411241225,
          "e_diff": -0.0003677612446040257,
          "rmsd": 0.0001622705603824457,
          "performance": {
            "total_time": 0.275975046
          }
        },
        "4": {
          "energy": -108.01868903589276,
          "e_diff": -6.49234805081278e-05,
          "rmsd": 1.110280246788921e-05,
          "performance": {
            "total_time": 0.276735461
          }
        },
        "5": {
          "energy": -108.0186894120562,
          "e_diff": -3.761634417287496e-07,
          "rmsd": 7.370945734744978e-07,
          "performance": {
            "total_time": 0.280529925
          }
        },
        "6": {
          "energy": -108.01868941698613,
          "e_diff": -4.929930241814873e-09,
          "rmsd": 5.475049800962329e-07,
          "performance": {
            "total_time": 0.286326633
          }
        },
        "7": {
          "energy": -108.0186894175435,
          "e_diff": -5.573639327849378e-10,
          "rmsd": 1.1952705987018576e-07,
          "performance": {
            "total_time": 0.282456174
          }
        },
        "8": {
          "energy": -108.01868941746707,
          "e_diff": 7.642597665835638e-11,
          "rmsd": 1.1326368140222812e-07,
          "performance": {
            "total_time": 0.284452682
          }
        },
        "9": {
          "energy": -108.01868941765277,
          "e_diff": -1.8569323856354458e-10,
          "rmsd": 5.466151971030574e-09,
          "performance": {
            "total_time": 0.28680181
          }
        }
      },
      "final_energy": -108.01868941765277,
      "n_iterations": 9
    },
    "CD": {
      "n_cholesky_vectors": 768
    },
    "CCSD": {
      "iter": {
        "1": {
          "residual": 1.0461374292766192,
          "correlation": 0.0,
          "performance": {
            "total_time": 3.114415677
          }
        },
        "2": {
          "residual": 0.649938321892001,
          "correlation": -1.4944106707773246,
          "performance": {
            "total_time": 2.882319862
          }
        },
        "3": {
          "residual": 1.5962090952308743,
          "correlation": 0.6620555051449576,
          "performance": {
            "total_time": 2.865040202
          }
        },
        "4": {
          "residual": 2.553126557055707,
          "correlation": -4.461190300228161,
          "performance": {
            "total_time": 2.884866392
          }
        },
        "5": {
          "residual": 4.292052514977012,
          "correlation": 2.5703897835333485,
          "performance": {
            "total_time": 2.866821085
          }
        },
        "6": {
          "residual": 0.13675689713636957,
          "correlation": -0.8545478394656955,
          "performance": {
            "total_time": 2.866483845
          }
        },
        "7": {
          "residual": 0.32858947133861677,
          "correlation": -0.4304103750968925,
          "performance": {
            "total_time": 2.882520382
          }
        },
        "8": {
          "residual": 0.6194615188748015,
          "correlation": -1.4510356614460211,
          "performance": {
            "total_time": 2.856177697
          }
        },
        "9": {
          "residual": 1.4172809632962937,
          "correlation": 0.5163690863898651,
          "performance": {
            "total_time": 2.861418129
          }
        },
        "10": {
          "residual": 2.3030876273049348,
          "correlation": -4.002051486560379,
          "performance": {
            "total_time": 2.862356369
          }
        },
        "11": {
          "residual": 0.04029210512065966,
          "correlation": -0.7802938955540186,
          "performance": {
            "total_time": 2.879650234
          }
        },
        "12": {
          "residual": 0.09332534030219598,
          "correlation": -0.7131536138535737,
          "performance": {
            "total_time": 2.857502574
          }
        },
        "13": {
          "residual": 0.11750603051513368,
          "correlation": -0.9325806739877271,
          "performance": {
            "total_time": 2.855103226
          }
        },
        "14": {
          "residual": 0.3134167661606073,
          "correlation": -0.5530725757144954,
          "performance": {
            "total_time": 2.85586151
          }
        },
        "15": {
          "residual": 0.5862656017211051,
          "correlation": -1.4315006567229918,
          "performance": {
            "total_time": 2.853049703
          }
        },
        "16": {
          "residual": 0.03710294757010067,
          "correlation": -0.8502385900864788,
          "performance": {
            "total_time": 2.873189009
          }
        },
        "17": {
          "residual": 0.1309471965407271,
          "correlation": -0.7480988990669184,
          "performance": {
            "total_time": 2.858443863
          }
        },
        "18": {
          "residual": 0.1796381097836307,
          "correlation": -1.0633096689051167,
          "performance": {
            "total_time": 2.85722904
          }
        },
        "19": {
          "residual": 0.41808044950887263,
          "correlation": -0.5397582954182815,
          "performance": {
            "total_time": 2.847154088
          }
        },
        "20": {
          "residual": 0.7929828532396499,
          "correlation": -1.6532044275798086,
          "performance": {
            "total_time": 2.849790176
          }
        },
        "21": {
          "residual": 0.03338555118695916,
          "correlation": -0.8596058454798382,
          "performance": {
            "total_time": 2.851241461
          }
        },
        "22": {
          "residual": 0.11091898764197942,
          "correlation": -0.7941494872398754,
          "performance": {
            "total_time": 2.847871304
          }
        },
        "23": {
          "residual": 0.130528195724548,
          "correlation": -1.0406566385952494,
          "performance": {
            "total_time": 2.86876072
          }
        },
        "24": {
          "residual": 0.313469452606314,
          "correlation": -0.6671391479675998,
          "performance": {
            "total_time": 2.846456351
          }
        },
        "25": {
          "residual": 0.5520338389119394,
          "correlation": -1.4624058146368255,
          "performance": {
            "total_time": 2.842696234
          }
        },
        "26": {
          "residual": 0.031045153030817233,
          "correlation": -0.8950966393196628,
          "performance": {
            "total_time": 2.84814943
          }
        },
        "27": {
          "residual": 0.11073605653976543,
          "correlation": -0.8348675729320514,
          "performance": {
            "total_time": 2.844178477
          }
        },
        "28": {
          "residual": 0.12816264179874776,
          "correlation": -1.076331095148847,
          "performance": {
            "total_time": 2.843108932
          }
        },
        "29": {
          "residual": 0.2825243939101629,
          "correlation": -0.7319866941941628,
          "performance": {
            "total_time": 2.849512649
          }
        },
        "30": {
          "residual": 0.47595046519944173,
          "correlation": -1.4206896258550907,