{
  "output": {
    "SCF": {
      "nucl_rep_energy": 13.647202742374011,
      "iter": {
        "1": {
          "energy": -108.4137294423311,
          "e_diff": -108.4137294423311,
          "rmsd": 0.0010883552187815053,
          "performance": {
            "total_time": 0.428759502
          }
        },
        "2": {
          "energy": -108.4212018251893,
          "e_diff": -0.0074723828581966245,
          "rmsd": 0.0003523599822810365,
          "performance": {
            "total_time": 0.428981457
          }
        },
        "3": {
          "energy": -108.42217988438273,
          "e_diff": -0.0009780591934287486,
          "rmsd": 0.00019044427893120407,
          "performance": {
            "total_time": 0.42962598
          }
        },
        "4": {
          "energy": -108.42234874723292,
          "e_diff": -0.00016886285018813396,
          "rmsd": 1.2162240193112697e-05,
          "performance": {
            "total_time": 0.437240246
          }
        },
        "5": {
          "energy": -108.42234938346391,
          "e_diff": -6.362309932228527e-07,
          "rmsd": 2.2506985994063594e-06,
          "performance": {
            "total_time": 0.432879803
          }
        },
        "6": {
          "energy": -108.42234940108659,
          "e_diff": -1.7622681980355992e-08,
          "rmsd": 5.152842487134843e-07,
          "performance": {
            "total_time": 0.433923683
          }
        },
        "7": {
          "energy": -108.42234940163215,
          "e_diff": -5.455547125166049e-10,
          "rmsd": 1.468048512309522e-07,
          "performance": {
            "total_time": 0.436052034
          }
        },
        "8": {
          "energy": -108.42234940165703,
          "e_diff": -2.488320660631871e-11,
          "rmsd": 1.0062233564839708e-08,
          "performance": {
            "total_time": 0.437943738
          }
        },
        "9": {
          "energy": -108.42234940165704,
          "e_diff": -1.4210854715202004e-14,
          "rmsd": 5.154549981725263e-10,
          "performance": {
            "total_time": 0.440702323
          }
        }
      },
      "final_energy": -108.42234940165704,
      "n_iterations": 9
    },
    "CD": {
      "n_cholesky_vectors": 806
    },
    "CCSD": {
      "iter": {
        "1": {
          "residual": 1.0291046235903558,
          "correlation": 0.0,
          "performance": {
            "total_time": 3.85352756
          }
        },
        "2": {
          "residual": 0.33172514048273843,
          "correlation": -0.8773854461467031,
          "performance": {
            "total_time": 3.351604869
          }
        },
        "3": {
          "residual": 0.426828184589269,
          "correlation": -0.26615952035759044,
          "performance": {
            "total_time": 3.372721021
          }
        },
        "4": {
          "residual": 0.49108099038716363,
          "correlation": -1.0525275314195728,
          "performance": {
            "total_time": 3.264820414
          }
        },
        "5": {
          "residual": 0.6203900544333633,
          "correlation": -0.13367735788579832,
          "performance": {
            "total_time": 3.266490099
          }
        },
        "6": {
          "residual": 0.03661001013373664,
          "correlation": -0.6481202561019154,
          "performance": {
            "total_time": 3.298081306
          }
        },
        "7": {
          "residual": 0.04803980859737383,
          "correlation": -0.5864229548052742,
          "performance": {
            "total_time": 3.262764851
          }
        },
        "8": {
          "residual": 0.05032519098729874,
          "correlation": -0.6681500983876355,
          "performance": {
            "total_time": 3.263670647
          }
        },
        "9": {
          "residual": 0.06806545236024177,
          "correlation": -0.5741816495696414,
          "performance": {
            "total_time": 3.265264725
          }
        },
        "10": {
          "residual": 0.07762487900018417,
          "correlation": -0.6947941016078518,
          "performance": {
            "total_time": 3.308917485
          }
        },
        "11": {
          "residual": 0.003889765864327883,
          "correlation": -0.6344258905358087,
          "performance": {
            "total_time": 3.318244346
          }
        },
        "12": {
          "residual": 0.004006026318247456,
          "correlation": -0.6323271898728042,
          "performance": {
            "total_time": 3.323114644
          }
        },
        "13": {
          "residual": 0.002544158681536067,
          "correlation": -0.6368846744076695,
          "performance": {
            "total_time": 3.344506513
          }
        },
        "14": {
          "residual": 0.004072068018919953,
          "correlation": -0.6328254705909574,
          "performance": {
            "total_time": 3.294455253
          }
        },
        "15": {
          "residual": 0.003543909150142085,
          "correlation": -0.6389681507512173,
          "performance": {
            "total_time": 3.292355081
          }
        },
        "16": {
          "residual": 0.00025877390681894335,
          "correlation": -0.6374716375524994,
          "performance": {
            "total_time": 3.338751749
          }
        },
        "17": {
          "residual": 0.00012656880972017467,
          "correlation": -0.6374612540733977,
          "performance": {
            "total_time": 3.645089728
          }
        },
        "18": {
          "residual": 7.333840082288308e-05,
          "correlation": -0.6375215369852586,
          "performance": {
            "total_time": 3.381769839
          }
        },
        "19": {
          "residual": 6.233667732308268e-05,
          "correlation": -0.6374896563833189,
          "performance": {
            "total_time": 3.354980311
          }
        },
        "20": {
          "residual": 4.223330297917962e-05,
          "correlation": -0.6375585145493611,
          "performance": {
            "total_time": 3.482620389
          }
        },
        "21": {
          "residual": 2.1826818432305936e-05,
          "correlation": -0.6375486091641954,
          "performance": {
            "total_time": 3.409891123
          }
        },
        "22": {
          "residual": 2.7246118543957053e-05,
          "correlation": -0.6375322179139802,
          "performance": {
            "total_time": 3.24685594
          }
        },
        "23": {
          "residual": 1.7879376948407678e-05,
          "correlation": -0.6375649462487993,
          "performance": {
            "total_time": 3.232358119
          }
        },
        "24": {
          "residual": 2.8903599077669312e-05,
          "correlation": -0.6375346020246522,
          "performance": {
            "total_time": 3.253631331
          }
        },
        "25": {
          "residual": 2.6179092511808508e-05,
          "correlation": -0.6375793269872816,
          "performance": {
            "total_time": 3.264753505
          }
        },
        "26": {
          "residual": 1.6719493682461435e-06,
          "correlation": -0.6375667154898305,
          "performance": {
            "total_time": 3.242940501
          }
        },
        "27": {
          "residual": 7.584566350010538e-07,
          "correlation": -0.6375664976785064,
          "performance": {
            "total_time": 3.23591953
          }
        },
        "28": {
          "residual": 5.188077771274573e-07,
          "correlation": -0.6375670490062835,
          "performance": {
            "total_time": 3.224856853
          }
        },
        "29": {
          "residual": 5.188984571825399e-07,
          "correlation": -0.6375665931863389,
          "performance": {
            "total_time": 3.223141291
          }
        },
        "30": {
          "residual": 4.4206036396476414e-07,