{
  "output": {
    "SCF": {
      "nucl_rep_energy": 8.103026628284569,
      "iter": {
        "1": {
          "energy": -107.98945735192538,
          "e_diff": -107.98945735192538,
          "rmsd": 0.0011908159947755068,
          "performance": {
            "total_time": 0.055891023
          }
        },
        "2": {
          "energy": -107.99140433139183,
          "e_diff": -0.0019469794664530582,
          "rmsd": 0.00045903700445778487,
          "performance": {
            "total_time": 0.056000532
          }
        },
        "3": {
          "energy": -107.9916903212044,
          "e_diff": -0.00028598981256777734,
          "rmsd": 0.00018586027438570734,
          "performance": {
            "total_time": 0.056661841
          }
        },
        "4": {
          "energy": -107.99172571277313,
          "e_diff": -3.539156872989224e-05,
          "rmsd": 8.848705985964327e-06,
          "performance": {
            "total_time": 0.057469098
          }
        },
        "5": {
          "energy": -107.99172586045279,
          "e_diff": -1.476796569477301e-07,
          "rmsd": 8.061879530152448e-07,
          "performance": {
            "total_time": 0.050982332
          }
        },
        "6": {
          "energy": -107.99172586185219,
          "e_diff": -1.3993997072248021e-09,
          "rmsd": 2.452564652295369e-07,
          "performance": {
            "total_time": 0.048382947
          }
        },
        "7": {
          "energy": -107.99172586192415,
          "e_diff": -7.196376827778295e-11,
          "rmsd": 5.3050048335353106e-08,
          "performance": {
            "total_time": 0.050087979
          }
        },
        "8": {
          "energy": -107.99172586190812,
          "e_diff": 1.602984411874786e-11,
          "rmsd": 4.6142547401923694e-08,
          "performance": {
            "total_time": 0.051648497
          }
        },
        "9": {
          "energy": -107.99172586192458,
          "e_diff": -1.645616976020392e-11,
          "rmsd": 2.155869357447875e-09,
          "performance": {
            "total_time": 0.05205368
          }
        }
      },
      "final_energy": -107.99172586192458,
      "n_iterations": 9
    },
    "CD": {
      "n_cholesky_vectors": 448
    },
    "CCSD": {
      "iter": {
        "1": {
          "residual": 0.7036555929041742,
          "correlation": 0.0,
          "performance": {
            "total_time": 0.265134946
          }
        },
        "2": {
          "residual": 0.6796018373697946,
          "correlation": -1.520329579454305,
          "performance": {
            "total_time": 0.244451216
          }
        },
        "3": {
          "residual": 1.7742098428321351,
          "correlation": 0.8706100579816504,
          "performance": {
            "total_time": 0.24525449
          }
        },
        "4": {
          "residual": 2.814301859916419,
          "correlation": -5.132542263288432,
          "performance": {
            "total_time": 0.245447001
          }
        },
        "5": {
          "residual": 4.588385056715705,
          "correlation": 2.4403201237166985,
          "performance": {
            "total_time": 0.248474614
          }
        },
        "6": {
          "residual": 0.1391228036429979,
          "correlation": -0.8151291767883166,
          "performance": {
            "total_time": 0.245832601
          }
        },
        "7": {
          "residual": 0.3548770518595915,
          "correlation": -0.356008682321094,
          "performance": {
            "total_time": 0.247437956
          }
        },
        "8": {
          "residual": 0.6943738111236987,
          "correlation": -1.5189518599551044,
          "performance": {
            "total_time": 0.248299342
          }
        },
        "9": {
          "residual": 1.656468916654114,
          "correlation": 0.7993078028800692,
          "performance": {
            "total_time": 0.24713228
          }
        },
        "10": {
          "residual": 2.407047787617326,
          "correlation": -4.81744328970677,
          "performance": {
            "total_time": 0.2440628
          }
        },
        "11": {
          "residual": 0.045152915523377,
          "correlation": -0.7201271227034046,
          "performance": {
            "total_time": 0.245879295
          }
        },
        "12": {
          "residual": 0.07409771382858374,
          "correlation": -0.6949076610521946,
          "performance": {
            "total_time": 0.252305518
          }
        },
        "13": {
          "residual": 0.06809559931596038,
          "correlation": -0.8418350619901009,
          "performance": {
            "total_time": 0.25649708
          }
        },
        "14": {
          "residual": 0.21620484150963573,
          "correlation": -0.6134750375907805,
          "performance": {
            "total_time": 0.252625641
          }
        },
        "15": {
          "residual": 0.3745823872283563,
          "correlation": -1.2126387433635137,
          "performance": {
            "total_time": 0.24946332
          }
        },
        "16": {
          "residual": 0.04137750109149597,
          "correlation": -0.8237033005816025,
          "performance": {
            "total_time": 0.253212957
          }
        },
        "17": {
          "residual": 0.12482944281460712,
          "correlation": -0.7508622620862411,
          "performance": {
            "total_time": 0.25349827
          }
        },
        "18": {
          "residual": 0.1490690559012285,
          "correlation": -1.0384528857439705,
          "performance": {
            "total_time": 0.245816354
          }
        },
        "19": {
          "residual": 0.36695966258226,
          "correlation": -0.5943259685166895,
          "performance": {
            "total_time": 0.25071554
          }
        },
        "20": {
          "residual": 0.6782456389768375,
          "correlation": -1.565457544053781,
          "performance": {
            "total_time": 0.25222141
          }
        },
        "21": {
          "residual": 0.03439390362861631,
          "correlation": -0.877976406844645,
          "performance": {
            "total_time": 0.247677999
          }
        },
        "22": {
          "residual": 0.139744515980076,
          "correlation": -0.7947563239324864,
          "performance": {
            "total_time": 0.247769664
          }
        },
        "23": {
          "residual": 0.1780090509200413,
          "correlation": -1.1201713764313097,
          "performance": {
            "total_time": 0.247209606
          }
        },
        "24": {
          "residual": 0.36290106911279885,
          "correlation": -0.641256023248413,
          "performance": {
            "total_time": 0.250676994
          }
        },
        "25": {
          "residual": 0.6459726241392559,
          "correlation": -1.5611530005346428,
          "performance": {
            "total_time": 0.250832781
          }
        },
        "26": {
          "residual": 0.03042735085500094,
          "correlation": -0.9079811311883993,
          "performance": {
            "total_time": 0.254168532
          }
        },
        "27": {
          "residual": 0.1199558397486803,
          "correlation": -0.8507324240356051,
          "performance": {
            "total_time": 0.247731458
          }
        },
        "28": {
          "residual": 0.14236001038596097,
          "correlation": -1.1192922702167554,
          "performance": {
            "total_time": 0.250347941
          }
        },
        "29": {
          "residual": 0.26885735856722,
          "correlation": -0.7575980106174094,
          "performance": {
            "total_time": 0.247281678
          }
        },
        "30": {
          "residual": 0.4339984356104238,
          "correlation": -1.403035014862343,