{
  "output": {
    "SCF": {
      "nucl_rep_energy": 19.945911700392788,
      "iter": {
        "1": {
          "energy": -108.85650374913367,
          "e_diff": -108.85650374913367,
          "rmsd": 0.0020454876166082782,
          "performance": {
            "total_time": 0.060407372
          }
        },
        "2": {
          "energy": -108.86733935255519,
          "e_diff": -0.01083560342152623,
          "rmsd": 0.0007615963276990658,
          "performance": {
            "total_time": 0.059841761
          }
        },
        "3": {
          "energy": -108.86834697977413,
          "e_diff": -0.001007627218939433,
          "rmsd": 0.00026577061609087707,
          "performance": {
            "total_time": 0.06018402
          }
        },
        "4": {
          "energy": -108.86844474195071,
          "e_diff": -9.776217657986308e-05,
          "rmsd": 1.5103623220085499e-05,
          "performance": {
            "total_time": 0.061043543
          }
        },
        "5": {
          "energy": -108.86844520923681,
          "e_diff": -4.672860995924566e-07,
          "rmsd": 3.987139134270161e-06,
          "performance": {
            "total_time": 0.061993251
          }
        },
        "6": {
          "energy": -108.86844522492713,
          "e_diff": -1.5690318377892254e-08,
          "rmsd": 7.651096060102993e-07,
          "performance": {
            "total_time": 0.063097884
          }
        },
        "7": {
          "energy": -108.86844522541129,
          "e_diff": -4.841638201469323e-10,
          "rmsd": 9.518174055447057e-08,
          "performance": {
            "total_time": 0.064019887
          }
        },
        "8": {
          "energy": -108.86844522541558,
          "e_diff": -4.291678123991005e-12,
          "rmsd": 3.9218961771014704e-09,
          "performance": {
            "total_time": 0.065764453
          }
        }
      },
      "final_energy": -108.86844522541558,
      "n_iterations": 8
    },
    "CD": {
      "n_cholesky_vectors": 479
    },
    "CCSD": {
      "iter": {
        "1": {
          "residual": 0.691914958430629,
          "correlation": 0.0,
          "performance": {
            "total_time": 0.645566078
          }
        },
        "2": {
          "residual": 0.11639036820066179,
          "correlation": -0.4643937952116281,
          "performance": {
            "total_time": 0.495294215
          }
        },
        "3": {
          "residual": 0.05787907834479163,
          "correlation": -0.40122670188542986,
          "performance": {
            "total_time": 0.496750167
          }
        },
        "4": {
          "residual": 0.02017003919857483,
          "correlation": -0.4439070589795677,
          "performance": {
            "total_time": 0.494937064
          }
        },
        "5": {
          "residual": 0.012099418409348315,
          "correlation": -0.4300554996772884,
          "performance": {
            "total_time": 0.492830354
          }
        },
        "6": {
          "residual": 0.003141177986742272,
          "correlation": -0.43713257516102005,
          "performance": {
            "total_time": 0.475303073
          }
        },
        "7": {
          "residual": 0.0016258257901704929,
          "correlation": -0.43667954532260533,
          "performance": {
            "total_time": 0.495968423
          }
        },
        "8": {
          "residual": 0.0009045267467345166,
          "correlation": -0.4369698304934466,
          "performance": {
            "total_time": 0.480579881
          }
        },
        "9": {
          "residual": 0.0005758495763957919,
          "correlation": -0.4369788695785925,
          "performance": {
            "total_time": 0.45923141
          }
        },
        "10": {
          "residual": 0.00034527392700537394,
          "correlation": -0.43706804904282226,
          "performance": {
            "total_time": 0.472328855
          }
        },
        "11": {
          "residual": 3.313465161311196e-05,
          "correlation": -0.437157301572069,
          "performance": {
            "total_time": 0.466622988
          }
        },
        "12": {
          "residual": 1.0558651664269311e-05,
          "correlation": -0.4371566653998411,
          "performance": {
            "total_time": 0.46764363
          }
        },
        "13": {
          "residual": 4.235522330899271e-06,
          "correlation": -0.4371601320937569,
          "performance": {
            "total_time": 0.489763044
          }
        },
        "14": {
          "residual": 2.0826070586777112e-06,
          "correlation": -0.43715944925108213,
          "performance": {
            "total_time": 0.462422129
          }
        },
        "15": {
          "residual": 9.955821027672057e-07,
          "correlation": -0.43716008693256314,
          "performance": {
            "total_time": 0.465947744
          }
        },
        "16": {
          "residual": 3.9481134913094165e-07,
          "correlation": -0.4371601320083622,
          "performance": {
            "total_time": 0.490048805
          }
        },
        "17": {
          "residual": 2.122759888748213e-07,
          "correlation": -0.43716005376814804,
          "performance": {
            "total_time": 0.490803461
          }
        },
        "18": {
          "residual": 1.1061425261103502e-07,
          "correlation": -0.4371601128453058,
          "performance": {
            "total_time": 0.495150634
          }
        },
        "19": {
          "residual": 7.256866401341052e-08,
          "correlation": -0.43716010223147894,
          "performance": {
            "total_time": 0.481128831
          }
        },
        "20": {
          "residual": 4.189982544824021e-08,
          "correlation": -0.4371601174867632,
          "performance": {
            "total_time": 0.479189697
          }
        },
        "21": {
          "residual": 5.45523857765815e-09,
          "correlation": -0.437160125071794,
          "performance": {
            "total_time": 0.461004528
          }
        }
      },
      "n_iterations": 21,
      "final_energy": {
        "correlation": -0.437160125071794,
        "total": -109.30560535048738
      }
    }
  },
  "input": {
    "molecule": {
      "name": "N2_1.3",
      "basisset": "cc-pvtz",
      "geometry_units": "angstrom"
    },
    "SCF": {
      "tol_int": 1e-22,
      "tol_sch": 1e-10,
      "tol_lindep": 1e-05,
      "conve": 1e-09,
      "convd": 1e-08,
      "diis_hist": 10,
      "AO_tilesize": 30,
      "force_tilesize": "false",
      "scf_type": "restricted",
      "multiplicity": 1,
      "lambdas": [],
      "polvecs": [],
      "omegas": [],
      "volumes": []
    },
    "CD": {
      "diagtol": 1e-06,
      "itilesize": 1000,
      "write_cv": false,
      "write_vcount": 5000,
      "max_cvecs_factor": 12
    },
    "CCSD": {
      "threshold": 1e-08,
      "tilesize": 40,
      "ndiis": 5,
      "readt": "false",
      "writet": "false",
      "ccsd_maxiter": 50,
      "balance_tiles": "true"
    }
  }
}
